species_id	sample_id	long_reads	short_reads	long_read_type	Isolate	Assembly Accession	Animal or WwTW	Isolate source information	Timepoint	Niche	Niche.2	Location	Genus	Species	ST assignment	Circularised plasmids	Number of contigs	Circularised chromosome (1=yes)	Total genome size (bp)	Chromosome GC (if known)	Phylogroup (E. coli only)	Alternative isolate name
eclo	SAMN15148691	SRR12298672	SRR11949451	Nanopore	WTP4|T3-00757	GCA_014103365.1	WTP	Wastewater effluent sample	3	WTP4	Effluent	WTP4	Enterobacter	Enterobacter cloacae	145	2	126	0	5375438	NA	NA	RHBSTW-00757
kpne	SAMN15148624	SRR12298774	SRR11948714	Nanopore	WTP5|T2-00472	GCA_013611495.1	WTP	Wastewater effluent sample	2	WTP5	Effluent	WTP5	Klebsiella	Klebsiella pneumoniae	3705	6	8	1	6049280	57.3	NA	RHBSTW-00472
ecol	SAMN15148548	SRR12298356	SRR11948883	Nanopore	WTP3|T1-00219	GCA_013926745.1	WTP	Wastewater influent sample	1	WTP3	Influent	WTP3	Escherichia	Escherichia coli	636	6	7	0	5059078	NA	B2	RHBSTW-00219
ecol	SAMN15148648	SRR12298719	SRR11948916	Nanopore	WTP1|T2-00531	GCA_013735655.1	WTP	Wastewater effluent sample	2	WTP1	Effluent	WTP1	Escherichia	Escherichia coli	635	5	6	1	5333127	50.8	A	RHBSTW-00531
efer	SAMN15148269	SRR12298756	SRR11949397	Nanopore	RH01|T2-C13	GCA_013596835.1	Animal	Pooled pig faecal samples collected from floor of farm	2	Pig	Faeces	RH01	Escherichia	Escherichia fergusonii	NA	4	6	1	5152230	50	fergusonii	RHB28-C13
kxxx	SAMN15148544	SRR12298362	SRR11948889	PacBio	WTP3|T1-00215	GCA_014103785.1	WTP	Wastewater influent sample	1	WTP3	Influent	WTP3	Klebsiella	Klebsiella sp.	NA	6	11	0	6562935	NA	NA	RHBSTW-00215
ecol	SAMN15148218	SRR12298888	SRR11949214	Nanopore	RH12|T2-C18	GCA_013883815.1	Animal	Pooled sheep faecal samples collected from floor of farm	2	Sheep	Faeces	RH12	Escherichia	Escherichia coli	155	3	4	1	4980759	50.7	B1	RHB23-C18
cfre	SAMN15148495	SRR12298416	SRR11948815	Nanopore	WTP5|T1-00119	GCA_013792365.1	WTP	Freshwater sample from downstream of wastewater treatment work	1	WTP5	Downstream	WTP5	Citrobacter	Citrobacter freundii	98	1	2	1	5182238	51.8	NA	RHBSTW-00119
ecol	SAMN15148053	SRR12299089	SRR11948841	Nanopore	RH08|T1-C23	GCA_013899885.1	Animal	Pooled cattle faecal samples collected from floor of farm	1	Cattle	Faeces	RH08	Escherichia	Escherichia coli	154	2	3	1	4968699	50.7	B1	RHB09-C23
ecol	SAMN15148593	SRR12298832	SRR11949134	Nanopore	WTP4|T2-00366	GCA_013751075.1	WTP	Wastewater influent sample	2	WTP4	Influent	WTP4	Escherichia	Escherichia coli	131	2	3	1	5181402	50.8	B2	RHBSTW-00366
ecol	SAMN15148360	SRR12299108	SRR11949376	Nanopore	RH07|T3-C03	GCA_014104695.1	Animal	Pooled cattle faecal samples collected from floor of farm	3	Cattle	Faeces	RH07	Escherichia	Escherichia coli	388	0	10	0	4819883	NA	B1	RHB36-C03
ecol	SAMN15148220	SRR12298886	SRR11948778	Nanopore	RH15|T2-C01	GCA_013883375.1	Animal	Pooled sheep faecal samples collected from floor of farm	2	Sheep	Faeces	RH15	Escherichia	Escherichia coli	58	1	2	1	4899593	50.8	B1	RHB24-C01
cxxx	SAMN15148728	SRR12299132	SRR11948726	Nanopore	WTP1|T3-00881	GCA_013728515.1	WTP	Freshwater sample from downstream of wastewater treatment work	3	WTP1	Downstream	WTP1	Citrobacter	Citrobacter sp.	NA	3	4	1	5709006	52	NA	RHBSTW-00881
ecol	SAMN15148035	SRR12298979	SRR11949433	PacBio	RH06|T1-C13	GCA_014105885.1	Animal	Pooled cattle faecal samples collected from floor of farm	1	Cattle	Faeces	RH06	Escherichia	Escherichia coli	3381	2	16	0	5212213	NA	E	RHB08-C13
cfre	SAMN15148688	SRR12298675	SRR11949454	Nanopore	WTP2|T2-00714	GCA_013745755.1	WTP	Freshwater sample from upstream of wastewater treatment work	2	WTP2	Upstream	WTP2	Citrobacter	Citrobacter freundii	NA	2	3	1	5259515	52.6	NA	RHBSTW-00714
ecol	SAMN15148366	SRR12299102	SRR11949370	Nanopore	RH07|T3-C10	GCA_013814885.1	Animal	Pooled cattle faecal samples collected from floor of farm	3	Cattle	Faeces	RH07	Escherichia	Escherichia coli	2035	3	4	1	4924737	50.8	A	RHB36-C10
kpne	SAMN15148755	SRR12299054	SRR11949012	Nanopore	WTP3|T3-00973	GCA_013724605.1	WTP	Wastewater influent sample	3	WTP3	Influent	WTP3	Klebsiella	Klebsiella pneumoniae	461	6	7	1	5824880	57.4	NA	RHBSTW-00973
cfre	SAMN15148223	SRR12298859	SRR11948775	Nanopore	RH15|T2-C05	GCA_013882995.1	Animal	Pooled sheep faecal samples collected from floor of farm	2	Sheep	Faeces	RH15	Citrobacter	Citrobacter freundii	NA	0	1	1	4696854	52.7	NA	RHB24-C05
efer	SAMN15148376	SRR12299043	SRR11949359	Nanopore	RH15|T3-C09	GCA_014042125.1	Animal	Pooled sheep faecal samples collected from floor of farm	3	Sheep	Faeces	RH15	Escherichia	Escherichia fergusonii	NA	4	76	0	4648882	NA	fergusonii	RHB37-C09
ecol	SAMN15148469	SRR12298444	SRR11948789	PacBio	WTP5|T1-00067	GCA_014104205.1	WTP	Wastewater influent sample	1	WTP5	Influent	WTP5	Escherichia	Escherichia coli	398	2	28	0	4846749	NA	A	RHBSTW-00067
ecol	SAMN15148388	SRR12299029	SRR11948821	Nanopore	RH04|T3-C13	GCA_013592195.1	Animal	Pooled pig faecal samples collected from floor of farm	3	Pig	Faeces	RH04	Escherichia	Escherichia coli	118	5	7	1	5609072	50.6	E	RHB38-C13
ecol	SAMN15148205	SRR12298903	SRR11949117	Nanopore	RH07|T2-C12	GCA_014105075.1	Animal	Pooled cattle faecal samples collected from floor of farm	2	Cattle	Faeces	RH07	Escherichia	Escherichia coli	58	2	15	0	4983869	NA	B1	RHB22-C12
ecol	SAMN15147997	SRR12298493	SRR11949018	Nanopore	RH12|T1-C03	GCA_014106225.1	Animal	Pooled sheep faecal samples collected from floor of farm	1	Sheep	Faeces	RH12	Escherichia	Escherichia coli	69	1	9	0	5233476	NA	D	RHB05-C03
eclo	SAMN15148612	SRR12298787	SRR11949257	Nanopore	WTP5|T2-00438	GCA_014101245.1	WTP	Wastewater influent sample	2	WTP5	Influent	WTP5	Enterobacter	Enterobacter cloacae	78	2	5	0	4886990	NA	NA	RHBSTW-00438
koxy	SAMN15148651	SRR12298716	SRR11948913	Nanopore	WTP1|T2-00555	GCA_013608545.1	WTP	Freshwater sample from upstream of wastewater treatment work	2	WTP1	Upstream	WTP1	Klebsiella	Klebsiella oxytoca	NA	8	10	1	6430391	55.6	NA	RHBSTW-00555
eclo	SAMN15148549	SRR12298355	SRR11948882	Nanopore	WTP3|T1-00220	GCA_013743295.1	WTP	Wastewater influent sample	1	WTP3	Influent	WTP3	Enterobacter	Enterobacter cloacae	108	4	5	1	4852893	55.5	NA	RHBSTW-00220
kpne	SAMN15148614	SRR12298785	SRR11949255	Nanopore	WTP5|T2-00441	GCA_013749075.1	WTP	Wastewater influent sample	2	WTP5	Influent	WTP5	Klebsiella	Klebsiella pneumoniae	29	3	4	1	5476182	57.5	NA	RHBSTW-00441
ecol	SAMN15148591	SRR12298834	SRR11949136	Nanopore	WTP2|T1-00357	GCA_013751495.1	WTP	Freshwater sample from downstream of wastewater treatment work	1	WTP2	Downstream	WTP2	Escherichia	Escherichia coli	NA	1	2	1	4975340	50.9	B1	RHBSTW-00357
ecol	SAMN15148704	SRR12298610	SRR11948871	Nanopore	WTP5|T3-00826	GCA_013704225.1	WTP	Freshwater sample from downstream of wastewater treatment work	3	WTP5	Downstream	WTP5	Escherichia	Escherichia coli	10	3	13	1	4783814	50.7	A	RHBSTW-00826
ecol	SAMN15148684	SRR12298680	SRR11948631	Nanopore	WTP2|T2-00687	GCA_013783465.1	WTP	Wastewater effluent sample	2	WTP2	Effluent	WTP2	Escherichia	Escherichia coli	4088	1	2	1	4871902	50.8	B1	RHBSTW-00687
ecol	SAMN15148025	SRR12299134	SRR11948728	Nanopore	RH07|T1-C09	GCA_013711195.1	Animal	Pooled cattle faecal samples collected from floor of farm	1	Cattle	Faeces	RH07	Escherichia	Escherichia coli	224	4	10	1	5100465	50.9	B1	RHB07-C09
ecol	SAMN15148515	SRR12298394	SRR11948943	Nanopore	WTP1|T1-00147	GCA_013790405.1	WTP	Wastewater effluent sample	1	WTP1	Effluent	WTP1	Escherichia	Escherichia coli	NA	4	5	1	5563084	50.6	B2	RHBSTW-00147
ecol	SAMN15148314	SRR12298635	SRR11948754	Nanopore	RH13|T3-C06	GCA_014042155.1	Animal	Pooled sheep faecal samples collected from floor of farm	3	Sheep	Faeces	RH13	Escherichia	Escherichia coli	3494	3	9	0	4983674	NA	B1	RHB32-C06
cxxx	SAMN15148660	SRR12298706	SRR11949235	Nanopore	WTP3|T2-00599	GCA_013784065.1	WTP	Freshwater sample from upstream of wastewater treatment work	2	WTP3	Upstream	WTP3	Citrobacter	Citrobacter sp.	88	1	2	1	5238808	52	NA	RHBSTW-00599
cxxx	SAMN15148731	SRR12299129	SRR11948723	Nanopore	WTP1|T3-00887	GCA_013728095.1	WTP	Freshwater sample from downstream of wastewater treatment work	3	WTP1	Downstream	WTP1	Citrobacter	Citrobacter sp.	NA	1	2	1	5625488	51.8	NA	RHBSTW-00887
ecol	SAMN15148426	SRR12298541	SRR11949160	Nanopore	RH01|T3-C14	GCA_013802065.1	Animal	Pooled pig faecal samples collected from floor of farm	3	Pig	Faeces	RH01	Escherichia	Escherichia coli	6438	10	11	1	5206908	50.6	A	RHB41-C14
koxy	SAMN15148636	SRR12298734	SRR11948701	Nanopore	WTP5|T2-00493	GCA_013784845.1	WTP	Freshwater sample from downstream of wastewater treatment work	2	WTP5	Downstream	WTP5	Klebsiella	Klebsiella oxytoca	41	1	2	1	6384090	55.9	NA	RHBSTW-00493
koxy	SAMN15148604	SRR12298820	SRR11948672	Nanopore	WTP4|T2-00409	GCA_013610655.1	WTP	Freshwater sample from upstream of wastewater treatment work	2	WTP4	Upstream	WTP4	Klebsiella	Klebsiella oxytoca	95	3	5	1	6603523	55.5	NA	RHBSTW-00409
ecol	SAMN15148627	SRR12298770	SRR11948710	Nanopore	WTP5|T2-00475	GCA_014103455.1	WTP	Freshwater sample from upstream of wastewater treatment work	2	WTP5	Upstream	WTP5	Escherichia	Escherichia coli	NA	2	10	0	5180536	NA	B1	RHBSTW-00475
cfre	SAMN15148618	SRR12298780	SRR11949250	Nanopore	WTP5|T2-00449	GCA_013748855.1	WTP	Wastewater influent sample	2	WTP5	Influent	WTP5	Citrobacter	Citrobacter freundii	519	2	3	1	5351505	52	NA	RHBSTW-00449
ecol	SAMN15148076	SRR12299016	SRR11948864	Nanopore	RH10|T1-C24	GCA_013899525.1	Animal	Pooled cattle faecal samples collected from floor of farm	1	Cattle	Faeces	RH10	Escherichia	Escherichia coli	7297	0	1	1	4843889	50.6	E	RHB11-C24
cfre	SAMN15148768	SRR12298991	SRR11949445	Nanopore	WTP3|T3-01016	GCA_013781965.1	WTP	Wastewater effluent sample	3	WTP3	Effluent	WTP3	Citrobacter	Citrobacter freundii	NA	3	4	1	5284993	51.7	NA	RHBSTW-01016
ecol	SAMN15148419	SRR12298548	SRR11948953	Nanopore	RH08|T3-C22	GCA_013803545.1	Animal	Pooled cattle faecal samples collected from floor of farm	3	Cattle	Faeces	RH08	Escherichia	Escherichia coli	10	1	2	1	5171539	50.7	A	RHB40-C22
koxy	SAMN15148597	SRR12298827	SRR11948679	Nanopore	WTP4|T2-00373	GCA_013750595.1	WTP	Wastewater influent sample	2	WTP4	Influent	WTP4	Klebsiella	Klebsiella oxytoca	37	1	2	1	6293551	55.1	NA	RHBSTW-00373
ecol	SAMN15148079	SRR12299012	SRR11948860	Nanopore	RH09|T1-C04	GCA_013899445.1	Animal	Pooled cattle faecal samples collected from floor of farm	1	Cattle	Faeces	RH09	Escherichia	Escherichia coli	1508	3	4	1	4958363	50.5	E	RHB12-C04
ecol	SAMN15148482	SRR12298430	SRR11949305	Nanopore	WTP5|T1-00093	GCA_013927325.1	WTP	Wastewater effluent sample	1	WTP5	Effluent	WTP5	Escherichia	Escherichia coli	399	6	7	0	5372808	NA	A	RHBSTW-00093
ecol	SAMN15148720	SRR12299141	SRR11949265	Nanopore	WTP5|T3-00860	GCA_013729535.1	WTP	Wastewater effluent sample	3	WTP5	Effluent	WTP5	Escherichia	Escherichia coli	5667	1	2	1	5365305	50.7	B2	RHBSTW-00860
ecol	SAMN15148341	SRR12299154	SRR11948938	Nanopore	RH03|T3-C12	GCA_013818475.1	Animal	Pooled pig faecal samples collected from floor of farm	3	Pig	Faeces	RH03	Escherichia	Escherichia coli	10	1	2	1	4768475	50.7	A	RHB34-C12
cxxx	SAMN15148456	SRR12298483	SRR11949318	PacBio	WTP4|T1-00021	GCA_013797345.1	WTP	Wastewater effluent sample	1	WTP4	Effluent	WTP4	Citrobacter	Citrobacter sp.	NA	2	3	1	5112680	52.1	NA	RHBSTW-00021
eclo	SAMN15148444	SRR12298497	SRR11949022	PacBio	WTP4|T1-00002	GCA_013635755.1	WTP	Wastewater influent sample	1	WTP4	Influent	WTP4	Enterobacter	Enterobacter cloacae	NA	10	11	1	4807289	56.1	NA	RHBSTW-00002
kpne	SAMN15148407	SRR12298927	SRR11948966	Nanopore	RH09|T3-C24	GCA_013805705.1	Animal	Pooled cattle faecal samples collected from floor of farm	3	Cattle	Faeces	RH09	Klebsiella	Klebsiella pneumoniae	2426	3	4	1	5501752	57.5	NA	RHB39-C24
cfre	SAMN15148632	SRR12298738	SRR11948705	Nanopore	WTP5|T2-00488	GCA_013705425.1	WTP	Freshwater sample from downstream of wastewater treatment work	2	WTP5	Downstream	WTP5	Citrobacter	Citrobacter freundii	NA	5	17	1	5415363	52.6	NA	RHBSTW-00488
ecol	SAMN15148351	SRR12299118	SRR11949386	Nanopore	RH06|T3-C12	GCA_014104725.1	Animal	Pooled cattle faecal samples collected from floor of farm	3	Cattle	Faeces	RH06	Escherichia	Escherichia coli	58	1	11	0	5325945	NA	B1	RHB35-C12
cfre	SAMN15148590	SRR12298835	SRR11949137	PacBio	WTP2|T1-00355	GCA_013738135.1	WTP	Freshwater sample from downstream of wastewater treatment work	1	WTP2	Downstream	WTP2	Citrobacter	Citrobacter freundii	NA	5	6	1	5589608	52.4	NA	RHBSTW-00355
kpne	SAMN15148656	SRR12298711	SRR11949240	Nanopore	WTP1|T2-00574	GCA_013704985.1	WTP	Freshwater sample from downstream of wastewater treatment work	2	WTP1	Downstream	WTP1	Klebsiella	Klebsiella pneumoniae	359	5	7	1	5593785	57.3	NA	RHBSTW-00574
eclo	SAMN15148488	SRR12298423	SRR11949298	Nanopore	WTP5|T1-00105	GCA_013625265.1	WTP	Freshwater sample from downstream of wastewater treatment work	1	WTP5	Downstream	WTP5	Enterobacter	Enterobacter cloacae	108	3	4	1	4915705	55.5	NA	RHBSTW-00105
eclo	SAMN15148465	SRR12298449	SRR11948794	PacBio	WTP4|T1-00059	GCA_013629235.1	WTP	Wastewater effluent sample	1	WTP4	Effluent	WTP4	Enterobacter	Enterobacter cloacae	145	4	5	1	4916079	54.9	NA	RHBSTW-00059
ecol	SAMN15148228	SRR12298853	SRR11948769	Nanopore	RH15|T2-C11	GCA_013837545.1	Animal	Pooled sheep faecal samples collected from floor of farm	2	Sheep	Faeces	RH15	Escherichia	Escherichia coli	1308	1	2	1	5164879	50.8	B1	RHB24-C11
ecol	SAMN15148368	SRR12299099	SRR11949367	Nanopore	RH07|T3-C16	GCA_013814665.1	Animal	Pooled cattle faecal samples collected from floor of farm	3	Cattle	Faeces	RH07	Escherichia	Escherichia coli	155	2	3	1	5042530	50.8	B1	RHB36-C16
ecol	SAMN15148409	SRR12298925	SRR11948964	Nanopore	RH08|T3-C03	GCA_013805085.1	Animal	Pooled cattle faecal samples collected from floor of farm	3	Cattle	Faeces	RH08	Escherichia	Escherichia coli	154	2	3	1	5034541	50.7	B1	RHB40-C03
ecol	SAMN15148714	SRR12299172	SRR11949272	Nanopore	WTP5|T3-00849	GCA_013730915.1	WTP	Wastewater influent sample	3	WTP5	Influent	WTP5	Escherichia	Escherichia coli	491	1	2	1	4922987	50.7	B2	RHBSTW-00849
efer	SAMN15148386	SRR12299032	SRR11948824	Nanopore	RH04|T3-C07	GCA_013813205.1	Animal	Pooled pig faecal samples collected from floor of farm	3	Pig	Faeces	RH04	Escherichia	Escherichia fergusonii	NA	5	6	1	4856194	49.8	fergusonii	RHB38-C07
ecol	SAMN15148229	SRR12298852	SRR11948768	Nanopore	RH15|T2-C12	GCA_013636235.1	Animal	Pooled sheep faecal samples collected from floor of farm	2	Sheep	Faeces	RH15	Escherichia	Escherichia coli	5540	2	3	1	4981845	50.6	cladeV	RHB24-C12
ecol	SAMN15148105	SRR12298960	SRR11948666	PacBio	RH03|T1-C05	GCA_014105555.1	Animal	Pooled pig faecal samples collected from floor of farm	1	Pig	Faeces	RH03	Escherichia	Escherichia coli	23	2	27	0	4982091	NA	C	RHB13-C05
koxy	SAMN15148723	SRR12299138	SRR11949262	Nanopore	WTP5|T3-00866	GCA_013606065.1	WTP	Wastewater effluent sample	3	WTP5	Effluent	WTP5	Klebsiella	Klebsiella oxytoca	225	4	6	1	6778239	55.6	NA	RHBSTW-00866
ecol	SAMN15148009	SRR12298885	SRR11948697	PacBio	RH14|T1-C04	GCA_013921705.1	Animal	Pooled sheep faecal samples collected from floor of farm	1	Sheep	Faeces	RH14	Escherichia	Escherichia coli	6106	0	1	1	5303390	50.5	D	RHB06-C04
ecol	SAMN15148740	SRR12299071	SRR11949355	Nanopore	WTP1|T3-00906	GCA_013726815.1	WTP	Wastewater influent sample	3	WTP1	Influent	WTP1	Escherichia	Escherichia coli	1858	0	1	1	4885933	50.5	B2	RHBSTW-00906
ecol	SAMN15148350	SRR12299119	SRR11949387	Nanopore	RH06|T3-C09	GCA_013817105.1	Animal	Pooled cattle faecal samples collected from floor of farm	3	Cattle	Faeces	RH06	Escherichia	Escherichia coli	730	5	6	1	5406369	50.6	A	RHB35-C09
kpne	SAMN15148140	SRR12298570	SRR11949333	Nanopore	RH02|T2-C24	GCA_013895695.1	Animal	Pooled pig faecal samples collected from floor of farm	2	Pig	Faeces	RH02	Klebsiella	Klebsiella pneumoniae	3153	2	3	1	5330905	57.7	NA	RHB16-C24
cfre	SAMN15148744	SRR12299067	SRR11949351	Nanopore	WTP1|T3-00923	GCA_013726215.1	WTP	Freshwater sample from upstream of wastewater treatment work	3	WTP1	Upstream	WTP1	Citrobacter	Citrobacter freundii	NA	0	1	1	4818023	52.5	NA	RHBSTW-00923
ecol	SAMN15148570	SRR12298881	SRR11948693	PacBio	WTP2|T1-00313	GCA_013752295.1	WTP	Wastewater influent sample	1	WTP2	Influent	WTP2	Escherichia	Escherichia coli	88	1	2	1	4880263	50.8	C	RHBSTW-00313
cfre	SAMN15148132	SRR12298579	SRR11949066	Nanopore	RH02|T2-C05	GCA_014105375.1	Animal	Pooled pig faecal samples collected from floor of farm	2	Pig	Faeces	RH02	Citrobacter	Citrobacter freundii	NA	2	9	0	5126200	NA	NA	RHB16-C05
efer	SAMN15148326	SRR12298622	SRR11949191	Nanopore	RH14|T3-C07	GCA_013819085.1	Animal	Pooled sheep faecal samples collected from floor of farm	3	Sheep	Faeces	RH14	Escherichia	Escherichia fergusonii	NA	4	5	1	5004548	50	fergusonii	RHB33-C07
ecol	SAMN15148091	SRR12298975	SRR11949111	Nanopore	RH03|T1-C03	GCA_013899145.1	Animal	Pooled pig faecal samples collected from floor of farm	1	Pig	Faeces	RH03	Escherichia	Escherichia coli	442	5	6	1	5190393	50.8	B1	RHB13-C03
koxy	SAMN15148716	SRR12299170	SRR11949270	Nanopore	WTP5|T3-00853	GCA_013730235.1	WTP	Wastewater influent sample	3	WTP5	Influent	WTP5	Klebsiella	Klebsiella oxytoca	NA	4	5	1	6253349	55.7	NA	RHBSTW-00853
ecol	SAMN15148037	SRR12298976	SRR11949430	Nanopore	RH06|T1-C16	GCA_013900085.1	Animal	Pooled cattle faecal samples collected from floor of farm	1	Cattle	Faeces	RH06	Escherichia	Escherichia coli	3042	1	2	1	5341588	50.3	cladeI	RHB08-C16
ecol	SAMN15148446	SRR12298495	SRR11949020	Nanopore	WTP4|T1-00005	GCA_014104395.1	WTP	Wastewater influent sample	1	WTP4	Influent	WTP4	Escherichia	Escherichia coli	131	1	8	0	4968275	NA	B2	RHBSTW-00005
cfre	SAMN15148600	SRR12298824	SRR11948676	Nanopore	WTP4|T2-00398	GCA_013612875.1	WTP	Wastewater effluent sample	2	WTP4	Effluent	WTP4	Citrobacter	Citrobacter freundii	NA	3	5	1	5504329	52.5	NA	RHBSTW-00398
ecol	SAMN15148282	SRR12298742	SRR11949041	Nanopore	RH11|T3-C16	GCA_013827445.1	Animal	Pooled sheep faecal samples collected from floor of farm	3	Sheep	Faeces	RH11	Escherichia	Escherichia coli	1086	1	2	1	5244478	50.6	B1	RHB29-C16
ecol	SAMN15148576	SRR12298875	SRR11948687	Nanopore	WTP2|T1-00321	GCA_013752075.1	WTP	Wastewater influent sample	1	WTP2	Influent	WTP2	Escherichia	Escherichia coli	4213	3	4	1	5430154	50.8	B1	RHBSTW-00321
ecol	SAMN15148342	SRR12299153	SRR11948937	Nanopore	RH03|T3-C14	GCA_013818265.1	Animal	Pooled pig faecal samples collected from floor of farm	3	Pig	Faeces	RH03	Escherichia	Escherichia coli	10	1	2	1	4738869	50.7	A	RHB34-C14
ecol	SAMN15148112	SRR12298952	SRR11948658	PacBio	RH04|T1-C16	GCA_013898975.1	Animal	Pooled pig faecal samples collected from floor of farm	1	Pig	Faeces	RH04	Escherichia	Escherichia coli	NA	3	4	1	4691254	50.7	cladeIII	RHB14-C16
ecol	SAMN15148710	SRR12299176	SRR11949276	Nanopore	WTP5|T3-00839	GCA_013731515.1	WTP	Wastewater influent sample	3	WTP5	Influent	WTP5	Escherichia	Escherichia coli	131	2	3	1	5344265	50.8	B2	RHBSTW-00839
ecol	SAMN15148400	SRR12298935	SRR11948738	Nanopore	RH09|T3-C14	GCA_013811655.1	Animal	Pooled cattle faecal samples collected from floor of farm	3	Cattle	Faeces	RH09	Escherichia	Escherichia coli	3476	3	4	1	5265552	50.7	A	RHB39-C14
efer	SAMN15148209	SRR12298898	SRR11949224	Nanopore	RH12|T2-C02	GCA_013886195.1	Animal	Pooled sheep faecal samples collected from floor of farm	2	Sheep	Faeces	RH12	Escherichia	Escherichia fergusonii	NA	3	4	1	4814303	49.9	fergusonii	RHB23-C02
ecol	SAMN15148101	SRR12298964	SRR11949100	PacBio	RH03|T1-C21	GCA_013710775.1	Animal	Pooled pig faecal samples collected from floor of farm	1	Pig	Faeces	RH03	Escherichia	Escherichia coli	4175	3	7	1	4985281	50.5	E	RHB13-C21
ecol	SAMN15148696	SRR12298667	SRR11948880	Nanopore	WTP4|T3-00781	GCA_014103255.1	WTP	Freshwater sample from upstream of wastewater treatment work	3	WTP4	Upstream	WTP4	Escherichia	Escherichia coli	73	0	150	0	5109850	NA	B2	RHBSTW-00781
ecol	SAMN15148585	SRR12298865	SRR11949143	PacBio	WTP2|T1-00343	GCA_013785825.1	WTP	Freshwater sample from upstream of wastewater treatment work	1	WTP2	Upstream	WTP2	Escherichia	Escherichia coli	155	0	1	1	5131043	50.7	B1	RHBSTW-00343
ecol	SAMN15148083	SRR12299008	SRR11948856	PacBio	RH09|T1-C14	GCA_014105675.1	Animal	Pooled cattle faecal samples collected from floor of farm	1	Cattle	Faeces	RH09	Escherichia	Escherichia coli	5971	3	12	0	5283450	NA	Unknown	RHB12-C14
koxy	SAMN15148681	SRR12298683	SRR11948634	Nanopore	WTP2|T2-00676	GCA_013926025.1	WTP	Wastewater influent sample	2	WTP2	Influent	WTP2	Klebsiella	Klebsiella oxytoca	NA	5	6	0	6195679	NA	NA	RHBSTW-00676
ecol	SAMN15148697	SRR12298617	SRR11948878	Nanopore	WTP4|T3-00786	GCA_014103215.1	WTP	Freshwater sample from upstream of wastewater treatment work	3	WTP4	Upstream	WTP4	Escherichia	Escherichia coli	10	2	61	0	4871252	NA	A	RHBSTW-00786
cfre	SAMN15148707	SRR12299179	SRR11948867	Nanopore	WTP5|T3-00830	GCA_013731955.1	WTP	Freshwater sample from downstream of wastewater treatment work	3	WTP5	Downstream	WTP5	Citrobacter	Citrobacter freundii	216	0	1	1	4983531	51.8	NA	RHBSTW-00830
ecol	SAMN15148046	SRR12298943	SRR11949421	PacBio	RH08|T1-C14	GCA_014105785.1	Animal	Pooled cattle faecal samples collected from floor of farm	1	Cattle	Faeces	RH08	Escherichia	Escherichia coli	58	3	15	0	5203920	NA	B1	RHB09-C14
ecol	SAMN15148695	SRR12298668	SRR11949447	Nanopore	WTP4|T3-00780	GCA_014103295.1	WTP	Freshwater sample from upstream of wastewater treatment work	3	WTP4	Upstream	WTP4	Escherichia	Escherichia coli	131	0	179	0	4993786	NA	B2	RHBSTW-00780
efer	SAMN15148237	SRR12298843	SRR11949417	Nanopore	RH08|T2-C10	GCA_013836325.1	Animal	Pooled cattle faecal samples collected from floor of farm	2	Cattle	Faeces	RH08	Escherichia	Escherichia fergusonii	5408	1	2	1	4573840	50	fergusonii	RHB25-C10
exxx	SAMN15148763	SRR12298997	SRR11949003	Nanopore	WTP3|T3-00994	GCA_013782625.1	WTP	Freshwater sample from downstream of wastewater treatment work	3	WTP3	Downstream	WTP3	Enterobacter	Enterobacter sp.	NA	0	1	1	4888717	51.9	NA	RHBSTW-00994
ecol	SAMN15148596	SRR12298829	SRR11948681	Nanopore	WTP4|T2-00372	GCA_013750815.1	WTP	Wastewater influent sample	2	WTP4	Influent	WTP4	Escherichia	Escherichia coli	404	3	4	1	5438683	50.7	B2	RHBSTW-00372
ecol	SAMN15148689	SRR12298674	SRR11949453	Nanopore	WTP4|T3-00730	GCA_014103395.1	WTP	Freshwater sample from downstream of wastewater treatment work	3	WTP4	Downstream	WTP4	Escherichia	Escherichia coli	69	1	96	0	5023496	NA	D	RHBSTW-00730
ecol	SAMN15147990	SRR12299042	SRR11949358	PacBio	RH13|T1-C13	GCA_014108925.1	Animal	Pooled sheep faecal samples collected from floor of farm	1	Sheep	Faeces	RH13	Escherichia	Escherichia coli	1640	1	2	1	5045033	50.7	E	RHB04-C13
ecol	SAMN15148095	SRR12298971	SRR11949107	PacBio	RH03|T1-C08	GCA_013899165.1	Animal	Pooled pig faecal samples collected from floor of farm	1	Pig	Faeces	RH03	Escherichia	Escherichia coli	1633	1	2	1	4922666	50.6	E	RHB13-C08
ecol	SAMN15148070	SRR12299022	SRR11948988	PacBio	RH10|T1-C12	GCA_014105635.1	Animal	Pooled cattle faecal samples collected from floor of farm	1	Cattle	Faeces	RH10	Escherichia	Escherichia coli	154	1	7	0	5187648	NA	B1	RHB11-C12
cfre	SAMN15148742	SRR12299069	SRR11949353	Nanopore	WTP1|T3-00915	GCA_013726615.1	WTP	Freshwater sample from upstream of wastewater treatment work	3	WTP1	Upstream	WTP1	Citrobacter	Citrobacter freundii	341	2	3	1	5140393	51.8	NA	RHBSTW-00915
cxxx	SAMN15148654	SRR12298713	SRR11949242	Nanopore	WTP1|T2-00570	GCA_013739755.1	WTP	Freshwater sample from downstream of wastewater treatment work	2	WTP1	Downstream	WTP1	Citrobacter	Citrobacter sp.	NA	4	5	1	5439368	52	NA	RHBSTW-00570
ecol	SAMN15148016	SRR12298733	SRR11948700	Nanopore	RH14|T1-C17	GCA_013900305.1	Animal	Pooled sheep faecal samples collected from floor of farm	1	Sheep	Faeces	RH14	Escherichia	Escherichia coli	154	2	3	1	5058063	50.7	B1	RHB06-C17
ecol	SAMN15148423	SRR12298544	SRR11949163	Nanopore	RH01|T3-C07	GCA_013802865.1	Animal	Pooled pig faecal samples collected from floor of farm	3	Pig	Faeces	RH01	Escherichia	Escherichia coli	NA	5	6	1	4588988	50.9	A	RHB41-C07
ecol	SAMN15148268	SRR12298757	SRR11949398	Nanopore	RH01|T2-C11	GCA_013830125.1	Animal	Pooled pig faecal samples collected from floor of farm	2	Pig	Faeces	RH01	Escherichia	Escherichia coli	3595	3	4	1	4875069	50.8	A	RHB28-C11
ecol	SAMN15148158	SRR12298525	SRR11949280	Nanopore	RH13|T2-C17	GCA_014105305.1	Animal	Pooled sheep faecal samples collected from floor of farm	2	Sheep	Faeces	RH13	Escherichia	Escherichia coli	155	3	9	0	5032277	NA	B1	RHB18-C17
ecol	SAMN15148420	SRR12298547	SRR11948952	Nanopore	RH01|T3-C01	GCA_013803305.1	Animal	Pooled pig faecal samples collected from floor of farm	3	Pig	Faeces	RH01	Escherichia	Escherichia coli	10	2	3	1	4838437	50.7	A	RHB41-C01
ecol	SAMN15147963	SRR12298958	SRR11948664	Nanopore	RH02|T1-C06	GCA_014109065.1	Animal	Pooled pig faecal samples collected from floor of farm	1	Pig	Faeces	RH02	Escherichia	Escherichia coli	10	1	2	1	4950024	50.7	A	RHB02-C06
efer	SAMN15148431	SRR12298535	SRR11949154	Nanopore	RH01|T3-C23	GCA_013591455.1	Animal	Pooled pig faecal samples collected from floor of farm	3	Pig	Faeces	RH01	Escherichia	Escherichia fergusonii	NA	7	9	1	4888243	49.9	fergusonii	RHB41-C23
ecol	SAMN15148071	SRR12299021	SRR11948987	Nanopore	RH10|T1-C13	GCA_013899645.1	Animal	Pooled cattle faecal samples collected from floor of farm	1	Cattle	Faeces	RH10	Escherichia	Escherichia coli	101	1	2	1	4894345	50.6	B1	RHB11-C13
ecol	SAMN15148698	SRR12298616	SRR11948877	Nanopore	WTP4|T3-00788	GCA_014103195.1	WTP	Freshwater sample from upstream of wastewater treatment work	3	WTP4	Upstream	WTP4	Escherichia	Escherichia coli	117	1	257	0	5328374	NA	G	RHBSTW-00788
ecol	SAMN15148143	SRR12298567	SRR11949330	Nanopore	RH03|T2-C03	GCA_013895235.1	Animal	Pooled pig faecal samples collected from floor of farm	2	Pig	Faeces	RH03	Escherichia	Escherichia coli	208	7	8	1	4842478	51	A	RHB17-C03
ecol	SAMN15148263	SRR12298790	SRR11949404	Nanopore	RH04|T2-C20	GCA_013831265.1	Animal	Pooled pig faecal samples collected from floor of farm	2	Pig	Faeces	RH04	Escherichia	Escherichia coli	953	8	9	1	5496891	50.7	A	RHB27-C20
eclo	SAMN15148774	SRR12298985	SRR11949439	Nanopore	WTP2|T3-01078	GCA_014102975.1	WTP	Wastewater influent sample	3	WTP2	Influent	WTP2	Enterobacter	Enterobacter cloacae	NA	0	19	0	4943789	NA	NA	RHBSTW-01078
ecol	SAMN15148391	SRR12299026	SRR11948818	Nanopore	RH04|T3-C19	GCA_014104535.1	Animal	Pooled pig faecal samples collected from floor of farm	3	Pig	Faeces	RH04	Escherichia	Escherichia coli	953	9	63	0	5635657	NA	A	RHB38-C19
ecol	SAMN15148005	SRR12298381	SRR11949176	Nanopore	RH12|T1-C22	GCA_013711775.1	Animal	Pooled sheep faecal samples collected from floor of farm	1	Sheep	Faeces	RH12	Escherichia	Escherichia coli	155	6	23	1	5047021	50.9	B1	RHB05-C22
kpne	SAMN15148399	SRR12298936	SRR11948739	Nanopore	RH09|T3-C10	GCA_013811445.1	Animal	Pooled cattle faecal samples collected from floor of farm	3	Cattle	Faeces	RH09	Klebsiella	Klebsiella pneumoniae	161	2	3	1	5609024	57.6	NA	RHB39-C10
ecol	SAMN15147962	SRR12298969	SRR11949105	Nanopore	RH02|T1-C04	GCA_014109105.1	Animal	Pooled pig faecal samples collected from floor of farm	1	Pig	Faeces	RH02	Escherichia	Escherichia coli	10	1	2	1	4954503	50.7	A	RHB02-C04
cxxx	SAMN15148369	SRR12299098	SRR11949366	Nanopore	RH07|T3-C18	GCA_013814485.1	Animal	Pooled cattle faecal samples collected from floor of farm	3	Cattle	Faeces	RH07	Citrobacter	Citrobacter sp.	NA	0	1	1	4843970	52.1	NA	RHB36-C18
cxxx	SAMN15148719	SRR12299142	SRR11949266	Nanopore	WTP5|T3-00859	GCA_013729795.1	WTP	Wastewater effluent sample	3	WTP5	Effluent	WTP5	Citrobacter	Citrobacter sp.	NA	4	5	1	5521511	52.2	NA	RHBSTW-00859
ecol	SAMN15148072	SRR12299020	SRR11948986	PacBio	RH10|T1-C15	GCA_013899625.1	Animal	Pooled cattle faecal samples collected from floor of farm	1	Cattle	Faeces	RH10	Escherichia	Escherichia coli	8852	2	3	1	5335435	50.7	E	RHB11-C15
ecol	SAMN15148512	SRR12298397	SRR11948946	Nanopore	WTP1|T1-00141	GCA_014103995.1	WTP	Wastewater effluent sample	1	WTP1	Effluent	WTP1	Escherichia	Escherichia coli	635	7	28	0	5598038	NA	A	RHBSTW-00141
ecol	SAMN15148461	SRR12298453	SRR11949312	PacBio	WTP4|T1-00046	GCA_013797045.1	WTP	Wastewater effluent sample	1	WTP4	Effluent	WTP4	Escherichia	Escherichia coli	58	1	2	1	4921891	50.8	B1	RHBSTW-00046
ecol	SAMN15147972	SRR12298459	SRR11949126	PacBio	RH01|T1-C02	GCA_013714345.1	Animal	Pooled pig faecal samples collected from floor of farm	1	Pig	Faeces	RH01	Escherichia	Escherichia coli	NA	4	8	1	4586676	50.9	A	RHB03-C02
efer	SAMN15148235	SRR12298846	SRR11949420	Nanopore	RH08|T2-C08	GCA_014104995.1	Animal	Pooled cattle faecal samples collected from floor of farm	2	Cattle	Faeces	RH08	Escherichia	Escherichia fergusonii	5408	1	5	0	4573806	NA	fergusonii	RHB25-C08
ecol	SAMN15148267	SRR12298758	SRR11949399	Nanopore	RH01|T2-C05	GCA_013830345.1	Animal	Pooled pig faecal samples collected from floor of farm	2	Pig	Faeces	RH01	Escherichia	Escherichia coli	NA	5	6	1	4590063	50.9	A	RHB28-C05
ecol	SAMN15148433	SRR12298533	SRR11949152	Nanopore	RH12|T3-C02	GCA_013800705.1	Animal	Pooled sheep faecal samples collected from floor of farm	3	Sheep	Faeces	RH12	Escherichia	Escherichia coli	NA	3	4	1	5119529	50.5	D	RHB42-C02
cxxx	SAMN15148751	SRR12299058	SRR11949342	Nanopore	WTP1|T3-00944	GCA_013615435.1	WTP	Wastewater effluent sample	3	WTP1	Effluent	WTP1	Citrobacter	Citrobacter sp.	NA	1	3	1	5175883	52.3	NA	RHBSTW-00944
ecol	SAMN15148547	SRR12298357	SRR11948884	PacBio	WTP3|T1-00218	GCA_013743505.1	WTP	Wastewater influent sample	1	WTP3	Influent	WTP3	Escherichia	Escherichia coli	1193	3	4	1	5067559	50.6	B2	RHBSTW-00218
ecol	SAMN15148253	SRR12298801	SRR11949057	Nanopore	RH09|T2-C22	GCA_013833155.1	Animal	Pooled cattle faecal samples collected from floor of farm	2	Cattle	Faeces	RH09	Escherichia	Escherichia coli	154	2	3	1	4869044	50.7	B1	RHB26-C22
ecol	SAMN15148149	SRR12298559	SRR11949290	Nanopore	RH03|T2-C17	GCA_013894035.1	Animal	Pooled pig faecal samples collected from floor of farm	2	Pig	Faeces	RH03	Escherichia	Escherichia coli	NA	1	2	1	4578538	50.8	Unknown	RHB17-C17
ecol	SAMN15148362	SRR12299106	SRR11949374	Nanopore	RH07|T3-C05	GCA_013815445.1	Animal	Pooled cattle faecal samples collected from floor of farm	3	Cattle	Faeces	RH07	Escherichia	Escherichia coli	603	1	2	1	4977596	50.8	B1	RHB36-C05
ecol	SAMN15148048	SRR12299094	SRR11948846	PacBio	RH08|T1-C16	GCA_013899965.1	Animal	Pooled cattle faecal samples collected from floor of farm	1	Cattle	Faeces	RH08	Escherichia	Escherichia coli	278	0	1	1	4777660	50.8	B1	RHB09-C16
ecol	SAMN15148732	SRR12299128	SRR11948722	Nanopore	WTP1|T3-00895	GCA_013727815.1	WTP	Wastewater influent sample	3	WTP1	Influent	WTP1	Escherichia	Escherichia coli	10	3	4	1	5127538	50.6	A	RHBSTW-00895
kpne	SAMN15148709	SRR12299177	SRR11948865	Nanopore	WTP5|T3-00832	GCA_013731735.1	WTP	Freshwater sample from downstream of wastewater treatment work	3	WTP5	Downstream	WTP5	Klebsiella	Klebsiella pneumoniae	3705	6	7	1	5948076	57.3	NA	RHBSTW-00832
ecol	SAMN15148525	SRR12298383	SRR11949178	PacBio	WTP1|T1-00176	GCA_013790245.1	WTP	Freshwater sample from upstream of wastewater treatment work	1	WTP1	Upstream	WTP1	Escherichia	Escherichia coli	62	8	9	1	5523080	50.6	F	RHBSTW-00176
ecol	SAMN15148298	SRR12298652	SRR11949205	Nanopore	RH02|T3-C20	GCA_013927845.1	Animal	Pooled pig faecal samples collected from floor of farm	3	Pig	Faeces	RH02	Escherichia	Escherichia coli	10	5	7	0	5270416	NA	A	RHB30-C20
efer	SAMN15147968	SRR12298527	SRR11949282	PacBio	RH02|T1-C15	GCA_013714825.1	Animal	Pooled pig faecal samples collected from floor of farm	1	Pig	Faeces	RH02	Escherichia	Escherichia fergusonii	NA	4	13	1	4950840	50.1	fergusonii	RHB02-C15
ecol	SAMN15148102	SRR12298963	SRR11949099	PacBio	RH03|T1-C24	GCA_013924065.1	Animal	Pooled pig faecal samples collected from floor of farm	1	Pig	Faeces	RH03	Escherichia	Escherichia coli	23	2	3	0	4916462	NA	C	RHB13-C24
ecol	SAMN15148094	SRR12298972	SRR11949108	PacBio	RH03|T1-C07	GCA_014105615.1	Animal	Pooled pig faecal samples collected from floor of farm	1	Pig	Faeces	RH03	Escherichia	Escherichia coli	5633	1	6	0	4939307	NA	D	RHB13-C07
cxxx	SAMN15148458	SRR12298456	SRR11949315	PacBio	WTP4|T1-00029	GCA_014104295.1	WTP	Freshwater sample from downstream of wastewater treatment work	1	WTP4	Downstream	WTP4	Citrobacter	Citrobacter sp.	128	3	9	0	5115231	NA	NA	RHBSTW-00029
eclo	SAMN15148700	SRR12298614	SRR11948875	Nanopore	WTP5|T3-00810	GCA_014103245.1	WTP	Freshwater sample from upstream of wastewater treatment work	3	WTP5	Upstream	WTP5	Enterobacter	Enterobacter cloacae	278	1	55	0	4825960	NA	NA	RHBSTW-00810
cfre	SAMN15148727	SRR12299133	SRR11948727	Nanopore	WTP1|T3-00880	GCA_013925325.1	WTP	Freshwater sample from downstream of wastewater treatment work	3	WTP1	Downstream	WTP1	Citrobacter	Citrobacter freundii	NA	3	4	0	5333737	NA	NA	RHBSTW-00880
eclo	SAMN15148666	SRR12298700	SRR11949229	Nanopore	WTP3|T2-00626	GCA_013734915.1	WTP	Wastewater influent sample	2	WTP3	Influent	WTP3	Enterobacter	Enterobacter cloacae	286	5	6	1	5053619	55.1	NA	RHBSTW-00626
cxxx	SAMN15148487	SRR12298424	SRR11949299	PacBio	WTP5|T1-00104	GCA_014104155.1	WTP	Freshwater sample from downstream of wastewater treatment work	1	WTP5	Downstream	WTP5	Citrobacter	Citrobacter sp.	NA	3	6	0	5484756	NA	NA	RHBSTW-00104
ecol	SAMN15148379	SRR12299039	SRR11948831	Nanopore	RH15|T3-C15	GCA_013814055.1	Animal	Pooled sheep faecal samples collected from floor of farm	3	Sheep	Faeces	RH15	Escherichia	Escherichia coli	2766	3	4	1	5006919	50.8	B1	RHB37-C15
ecol	SAMN15148703	SRR12298611	SRR11948872	Nanopore	WTP5|T3-00822	GCA_013732175.1	WTP	Freshwater sample from downstream of wastewater treatment work	3	WTP5	Downstream	WTP5	Escherichia	Escherichia coli	131	5	6	1	5293602	50.8	B2	RHBSTW-00822
ecol	SAMN15148118	SRR12298594	SRR11948651	Nanopore	RH11|T2-C07	GCA_013898635.1	Animal	Pooled sheep faecal samples collected from floor of farm	2	Sheep	Faeces	RH11	Escherichia	Escherichia coli	1623	5	6	1	5379151	50.8	B1	RHB15-C07
koxy	SAMN15148287	SRR12298664	SRR11949035	Nanopore	RH02|T3-C02	GCA_013826985.1	Animal	Pooled pig faecal samples collected from floor of farm	3	Pig	Faeces	RH02	Klebsiella	Klebsiella oxytoca	145	3	4	1	6332934	55	NA	RHB30-C02
eclo	SAMN15148505	SRR12298405	SRR11948804	Nanopore	WTP1|T1-00133	GCA_013624995.1	WTP	Wastewater influent sample	1	WTP1	Influent	WTP1	Enterobacter	Enterobacter cloacae	286	2	3	1	5086008	55.1	NA	RHBSTW-00133
koxy	SAMN15148173	SRR12298509	SRR11948970	Nanopore	RH10|T2-C01	GCA_014105195.1	Animal	Pooled cattle faecal samples collected from floor of farm	2	Cattle	Faeces	RH10	Klebsiella	Klebsiella oxytoca	NA	2	6	0	6240126	NA	NA	RHB20-C01
efer	SAMN15148442	SRR12298499	SRR11949024	Nanopore	RH12|T3-C24	GCA_013798785.1	Animal	Pooled sheep faecal samples collected from floor of farm	3	Sheep	Faeces	RH12	Escherichia	Escherichia fergusonii	NA	3	4	1	4719140	50	fergusonii	RHB42-C24
ecol	SAMN15148090	SRR12299000	SRR11949112	PacBio	RH03|T1-C02	GCA_013899225.1	Animal	Pooled pig faecal samples collected from floor of farm	1	Pig	Faeces	RH03	Escherichia	Escherichia coli	442	4	5	1	5183405	50.8	B1	RHB13-C02
ecol	SAMN15148111	SRR12298953	SRR11948659	Nanopore	RH04|T1-C15	GCA_013899205.1	Animal	Pooled pig faecal samples collected from floor of farm	1	Pig	Faeces	RH04	Escherichia	Escherichia coli	410	5	6	1	5368790	50.6	C	RHB14-C15
ecol	SAMN15148417	SRR12298550	SRR11948955	Nanopore	RH08|T3-C16	GCA_013804065.1	Animal	Pooled cattle faecal samples collected from floor of farm	3	Cattle	Faeces	RH08	Escherichia	Escherichia coli	NA	1	2	1	4967139	50.8	B2	RHB40-C16
ecol	SAMN15148060	SRR12299081	SRR11948833	Nanopore	RH15|T1-C12	GCA_013899785.1	Animal	Pooled sheep faecal samples collected from floor of farm	1	Sheep	Faeces	RH15	Escherichia	Escherichia coli	1629	4	5	1	5725040	50.6	E	RHB10-C12
cfre	SAMN15148496	SRR12298415	SRR11948814	PacBio	WTP5|T1-00120	GCA_013792125.1	WTP	Freshwater sample from downstream of wastewater treatment work	1	WTP5	Downstream	WTP5	Citrobacter	Citrobacter freundii	NA	1	2	1	5278252	52.5	NA	RHBSTW-00120
efer	SAMN15148244	SRR12298812	SRR11949410	Nanopore	RH09|T2-C03	GCA_013834525.1	Animal	Pooled cattle faecal samples collected from floor of farm	2	Cattle	Faeces	RH09	Escherichia	Escherichia fergusonii	NA	1	2	1	4730448	49.9	fergusonii	RHB26-C03
cfre	SAMN15148491	SRR12298420	SRR11949295	Nanopore	WTP5|T1-00110	GCA_013589875.1	WTP	Freshwater sample from downstream of wastewater treatment work	1	WTP5	Downstream	WTP5	Citrobacter	Citrobacter freundii	150	4	6	1	5475757	51.7	NA	RHBSTW-00110
cxxx	SAMN15148181	SRR12298476	SRR11948645	Nanopore	RH10|T2-C16	GCA_013890155.1	Animal	Pooled cattle faecal samples collected from floor of farm	2	Cattle	Faeces	RH10	Citrobacter	Citrobacter sp.	NA	1	2	1	4991577	53.4	NA	RHB20-C16
ecol	SAMN15148359	SRR12299109	SRR11949377	Nanopore	RH06|T3-C24	GCA_013816045.1	Animal	Pooled cattle faecal samples collected from floor of farm	3	Cattle	Faeces	RH06	Escherichia	Escherichia coli	NA	2	3	1	5032464	50.7	B2	RHB35-C24
ecol	SAMN15148089	SRR12299001	SRR11948849	PacBio	RH03|T1-C01	GCA_013899245.1	Animal	Pooled pig faecal samples collected from floor of farm	1	Pig	Faeces	RH03	Escherichia	Escherichia coli	442	5	6	1	5190508	50.8	B1	RHB13-C01
ecol	SAMN15148273	SRR12298752	SRR11949393	Nanopore	RH01|T2-C20	GCA_013828985.1	Animal	Pooled pig faecal samples collected from floor of farm	2	Pig	Faeces	RH01	Escherichia	Escherichia coli	542	3	4	1	4666959	50.9	A	RHB28-C20
ecol	SAMN15148387	SRR12299030	SRR11948822	Nanopore	RH04|T3-C10	GCA_013812745.1	Animal	Pooled pig faecal samples collected from floor of farm	3	Pig	Faeces	RH04	Escherichia	Escherichia coli	641	2	3	1	5258699	50.9	B1	RHB38-C10
kpne	SAMN15148610	SRR12298789	SRR11949259	Nanopore	WTP4|T2-00433	GCA_013737695.1	WTP	Freshwater sample from downstream of wastewater treatment work	2	WTP4	Downstream	WTP4	Klebsiella	Klebsiella pneumoniae	359	8	9	1	5677324	57.4	NA	RHBSTW-00433
cfre	SAMN15148736	SRR12299124	SRR11948718	Nanopore	WTP1|T3-00902	GCA_013727455.1	WTP	Wastewater influent sample	3	WTP1	Influent	WTP1	Citrobacter	Citrobacter freundii	NA	3	4	1	5497474	51.6	NA	RHBSTW-00902
efer	SAMN15148247	SRR12298807	SRR11949405	Nanopore	RH09|T2-C09	GCA_013834165.1	Animal	Pooled cattle faecal samples collected from floor of farm	2	Cattle	Faeces	RH09	Escherichia	Escherichia fergusonii	NA	0	1	1	4549178	50	fergusonii	RHB26-C09
ecol	SAMN15148139	SRR12298571	SRR11949334	Nanopore	RH02|T2-C19	GCA_013896095.1	Animal	Pooled pig faecal samples collected from floor of farm	2	Pig	Faeces	RH02	Escherichia	Escherichia coli	1141	3	4	1	5162265	50.7	A	RHB16-C19
eclo	SAMN15148572	SRR12298879	SRR11948691	PacBio	WTP2|T1-00316	GCA_013742375.1	WTP	Wastewater influent sample	1	WTP2	Influent	WTP2	Enterobacter	Enterobacter cloacae	168	9	10	1	5072976	55	NA	RHBSTW-00316
cfre	SAMN15148687	SRR12298676	SRR11949455	Nanopore	WTP2|T2-00697	GCA_013738635.1	WTP	Wastewater effluent sample	2	WTP2	Effluent	WTP2	Citrobacter	Citrobacter freundii	270	4	5	1	5509846	51.6	NA	RHBSTW-00697
ecol	SAMN15148039	SRR12298950	SRR11949428	Nanopore	RH06|T1-C20	GCA_013924565.1	Animal	Pooled cattle faecal samples collected from floor of farm	1	Cattle	Faeces	RH06	Escherichia	Escherichia coli	3042	1	2	0	5340747	NA	cladeI	RHB08-C20
ecol	SAMN15148310	SRR12298639	SRR11948758	Nanopore	RH10|T3-C19	GCA_013821185.1	Animal	Pooled cattle faecal samples collected from floor of farm	3	Cattle	Faeces	RH10	Escherichia	Escherichia coli	10	3	4	1	5160234	50.7	A	RHB31-C19
ecol	SAMN15147970	SRR12298505	SRR11948650	Nanopore	RH02|T1-C19	GCA_014109045.1	Animal	Pooled pig faecal samples collected from floor of farm	1	Pig	Faeces	RH02	Escherichia	Escherichia coli	10	6	7	1	5615055	50.9	A	RHB02-C19
ecol	SAMN15147977	SRR12298808	SRR11949406	Nanopore	RH01|T1-C08	GCA_013922965.1	Animal	Pooled pig faecal samples collected from floor of farm	1	Pig	Faeces	RH01	Escherichia	Escherichia coli	NA	3	4	1	4537985	51	A	RHB03-C08
ecol	SAMN15148652	SRR12298715	SRR11949244	Nanopore	WTP1|T2-00562	GCA_013739975.1	WTP	Freshwater sample from downstream of wastewater treatment work	2	WTP1	Downstream	WTP1	Escherichia	Escherichia coli	4988	4	5	1	4730083	50.8	A	RHBSTW-00562
exxx	SAMN15148503	SRR12298407	SRR11948806	PacBio	WTP1|T1-00131	GCA_014104055.1	WTP	Wastewater influent sample	1	WTP1	Influent	WTP1	Enterobacter	Enterobacter sp.	20	3	15	0	5159116	NA	NA	RHBSTW-00131
ecol	SAMN15148138	SRR12298572	SRR11949335	Nanopore	RH02|T2-C14	GCA_013896295.1	Animal	Pooled pig faecal samples collected from floor of farm	2	Pig	Faeces	RH02	Escherichia	Escherichia coli	3744	1	2	1	5100814	50.8	A	RHB16-C14
kpne	SAMN15148664	SRR12298702	SRR11949231	Nanopore	WTP3|T2-00610	GCA_013735155.1	WTP	Freshwater sample from downstream of wastewater treatment work	2	WTP3	Downstream	WTP3	Klebsiella	Klebsiella pneumoniae	678	6	7	1	5575790	57.5	NA	RHBSTW-00610
ecol	SAMN15148127	SRR12298584	SRR11949071	Nanopore	RH11|T2-C23	GCA_013897395.1	Animal	Pooled sheep faecal samples collected from floor of farm	2	Sheep	Faeces	RH11	Escherichia	Escherichia coli	1623	5	6	1	5378922	50.8	B1	RHB15-C23
efer	SAMN15148274	SRR12298751	SRR11949392	Nanopore	RH01|T2-C21	GCA_013829265.1	Animal	Pooled pig faecal samples collected from floor of farm	2	Pig	Faeces	RH01	Escherichia	Escherichia fergusonii	7851	6	7	1	5058232	49.9	fergusonii	RHB28-C21
ecol	SAMN15148049	SRR12299093	SRR11948845	PacBio	RH08|T1-C18	GCA_013899945.1	Animal	Pooled cattle faecal samples collected from floor of farm	1	Cattle	Faeces	RH08	Escherichia	Escherichia coli	1137	4	5	1	4907519	50.9	A	RHB09-C18
ecol	SAMN15148378	SRR12299040	SRR11948832	Nanopore	RH15|T3-C11	GCA_014104555.1	Animal	Pooled sheep faecal samples collected from floor of farm	3	Sheep	Faeces	RH15	Escherichia	Escherichia coli	58	1	105	0	5244483	NA	B1	RHB37-C11
exxx	SAMN15148582	SRR12298868	SRR11949146	PacBio	WTP2|T1-00340	GCA_014103555.1	WTP	Wastewater effluent sample	1	WTP2	Effluent	WTP2	Enterobacter	Enterobacter sp.	20	2	25	0	5218258	NA	NA	RHBSTW-00340
cxxx	SAMN15148559	SRR12298917	SRR11949087	PacBio	WTP3|T1-00271	GCA_014103655.1	WTP	Freshwater sample from downstream of wastewater treatment work	1	WTP3	Downstream	WTP3	Citrobacter	Citrobacter sp.	347	4	18	0	5354883	NA	NA	RHBSTW-00271
ecol	SAMN15148563	SRR12298913	SRR11949083	PacBio	WTP5|T1-00300	GCA_013786185.1	WTP	Freshwater sample from upstream of wastewater treatment work	1	WTP5	Upstream	WTP5	Escherichia	Escherichia coli	5615	1	2	1	5132764	50.5	cladeII	RHBSTW-00300
ecol	SAMN15148483	SRR12298429	SRR11949304	Nanopore	WTP5|T1-00094	GCA_014104135.1	WTP	Wastewater effluent sample	1	WTP5	Effluent	WTP5	Escherichia	Escherichia coli	73	0	6	0	5183127	NA	B2	RHBSTW-00094
kpne	SAMN15148530	SRR12298377	SRR11949172	PacBio	WTP1|T1-00184	GCA_013707355.1	WTP	Freshwater sample from downstream of wastewater treatment work	1	WTP1	Downstream	WTP1	Klebsiella	Klebsiella pneumoniae	317	5	12	1	5702610	57.5	NA	RHBSTW-00184
cxxx	SAMN15148667	SRR12298698	SRR11948911	Nanopore	WTP3|T2-00628	GCA_013746415.1	WTP	Wastewater influent sample	2	WTP3	Influent	WTP3	Citrobacter	Citrobacter sp.	NA	3	4	1	5351462	52.1	NA	RHBSTW-00628
ecol	SAMN15148739	SRR12299120	SRR11949356	Nanopore	WTP1|T3-00905	GCA_013727075.1	WTP	Wastewater influent sample	3	WTP1	Influent	WTP1	Escherichia	Escherichia coli	155	1	2	1	4733377	50.8	B1	RHBSTW-00905
ecol	SAMN15148093	SRR12298973	SRR11949109	Nanopore	RH03|T1-C06	GCA_013899185.1	Animal	Pooled pig faecal samples collected from floor of farm	1	Pig	Faeces	RH03	Escherichia	Escherichia coli	1633	1	2	1	4922666	50.6	E	RHB13-C06
ecol	SAMN15148331	SRR12299165	SRR11949185	Nanopore	RH14|T3-C14	GCA_013824185.1	Animal	Pooled sheep faecal samples collected from floor of farm	3	Sheep	Faeces	RH14	Escherichia	Escherichia coli	428	1	2	1	5101094	50.4	B2	RHB33-C14
kpne	SAMN15148711	SRR12299175	SRR11949275	Nanopore	WTP5|T3-00843	GCA_013731305.1	WTP	Wastewater influent sample	3	WTP5	Influent	WTP5	Klebsiella	Klebsiella pneumoniae	2552	2	3	1	5673126	57.5	NA	RHBSTW-00843
cfre	SAMN15148104	SRR12298961	SRR11949097	PacBio	RH04|T1-C04	GCA_014105595.1	Animal	Pooled pig faecal samples collected from floor of farm	1	Pig	Faeces	RH04	Citrobacter	Citrobacter freundii	NA	0	36	0	5215892	NA	NA	RHB14-C04
ecol	SAMN15148516	SRR12298393	SRR11948942	Nanopore	WTP1|T1-00148	GCA_014103975.1	WTP	Wastewater effluent sample	1	WTP1	Effluent	WTP1	Escherichia	Escherichia coli	399	7	9	0	5145464	NA	A	RHBSTW-00148
ecol	SAMN15148099	SRR12298966	SRR11949102	Nanopore	RH03|T1-C17	GCA_013899075.1	Animal	Pooled pig faecal samples collected from floor of farm	1	Pig	Faeces	RH03	Escherichia	Escherichia coli	10	1	2	1	4694374	50.8	A	RHB13-C17
ecol	SAMN15148024	SRR12299169	SRR11949269	Nanopore	RH07|T1-C08	GCA_014105975.1	Animal	Pooled cattle faecal samples collected from floor of farm	1	Cattle	Faeces	RH07	Escherichia	Escherichia coli	5082	2	7	0	5306764	NA	B1	RHB07-C08
kpne	SAMN15148502	SRR12298408	SRR11948807	PacBio	WTP1|T1-00128	GCA_013791265.1	WTP	Wastewater influent sample	1	WTP1	Influent	WTP1	Klebsiella	Klebsiella pneumoniae	45	3	4	1	5507121	57.4	NA	RHBSTW-00128
efer	SAMN15148208	SRR12298899	SRR11949225	Nanopore	RH12|T2-C01	GCA_013886335.1	Animal	Pooled sheep faecal samples collected from floor of farm	2	Sheep	Faeces	RH12	Escherichia	Escherichia fergusonii	NA	4	5	1	4855788	49.9	fergusonii	RHB23-C01
ecol	SAMN15148349	SRR12299144	SRR11949388	Nanopore	RH06|T3-C02	GCA_014104715.1	Animal	Pooled cattle faecal samples collected from floor of farm	3	Cattle	Faeces	RH06	Escherichia	Escherichia coli	394	2	6	0	4910962	NA	D	RHB35-C02
ecol	SAMN15148266	SRR12298760	SRR11949401	Nanopore	RH01|T2-C04	GCA_013830545.1	Animal	Pooled pig faecal samples collected from floor of farm	2	Pig	Faeces	RH01	Escherichia	Escherichia coli	NA	5	6	1	4589756	51	A	RHB28-C04
ecol	SAMN15148207	SRR12298900	SRR11949226	Nanopore	RH07|T2-C23	GCA_013886475.1	Animal	Pooled cattle faecal samples collected from floor of farm	2	Cattle	Faeces	RH07	Escherichia	Escherichia coli	1508	3	4	1	5171201	50.5	E	RHB22-C23
eclo	SAMN15148640	SRR12298729	SRR11948926	Nanopore	WTP1|T2-00508	GCA_013747975.1	WTP	Wastewater influent sample	2	WTP1	Influent	WTP1	Enterobacter	Enterobacter cloacae	108	4	5	1	4859613	55.6	NA	RHBSTW-00508
ecol	SAMN15148540	SRR12298366	SRR11948893	Nanopore	WTP3|T1-00206	GCA_014103815.1	WTP	Wastewater influent sample	1	WTP3	Influent	WTP3	Escherichia	Escherichia coli	127	0	3	0	5185847	NA	B2	RHBSTW-00206
ecol	SAMN15148405	SRR12298930	SRR11948733	Nanopore	RH09|T3-C22	GCA_013806305.1	Animal	Pooled cattle faecal samples collected from floor of farm	3	Cattle	Faeces	RH09	Escherichia	Escherichia coli	3476	4	5	1	5286351	50.7	A	RHB39-C22
ecol	SAMN15148256	SRR12298798	SRR11949054	Nanopore	RH04|T2-C02	GCA_013832805.1	Animal	Pooled pig faecal samples collected from floor of farm	2	Pig	Faeces	RH04	Escherichia	Escherichia coli	10	2	3	1	4861501	50.7	A	RHB27-C02
ecol	SAMN15148061	SRR12299080	SRR11948998	Nanopore	RH15|T1-C14	GCA_013924285.1	Animal	Pooled sheep faecal samples collected from floor of farm	1	Sheep	Faeces	RH15	Escherichia	Escherichia coli	28	3	4	0	5177944	NA	B2	RHB10-C14
cxxx	SAMN15148552	SRR12298352	SRR11949095	PacBio	WTP3|T1-00229	GCA_013786345.1	WTP	Wastewater effluent sample	1	WTP3	Effluent	WTP3	Citrobacter	Citrobacter sp.	NA	1	2	1	5309420	52.2	NA	RHBSTW-00229
kxxx	SAMN15148622	SRR12298776	SRR11949246	Nanopore	WTP5|T2-00465	GCA_014103505.1	WTP	Wastewater effluent sample	2	WTP5	Effluent	WTP5	Klebsiella	Klebsiella sp.	NA	4	9	0	6638405	NA	NA	RHBSTW-00465
ecol	SAMN15148172	SRR12298510	SRR11948971	Nanopore	RH14|T2-C23	GCA_013891425.1	Animal	Pooled sheep faecal samples collected from floor of farm	2	Sheep	Faeces	RH14	Escherichia	Escherichia coli	5614	2	3	1	4992283	50.9	B1	RHB19-C23
ecol	SAMN15148121	SRR12298591	SRR11949078	Nanopore	RH11|T2-C11	GCA_014105465.1	Animal	Pooled sheep faecal samples collected from floor of farm	2	Sheep	Faeces	RH11	Escherichia	Escherichia coli	155	3	6	0	5200190	NA	B1	RHB15-C11
efer	SAMN15148146	SRR12298564	SRR11949327	Nanopore	RH03|T2-C11	GCA_013894595.1	Animal	Pooled pig faecal samples collected from floor of farm	2	Pig	Faeces	RH03	Escherichia	Escherichia fergusonii	4419	0	1	1	4549644	49.9	fergusonii	RHB17-C11
ecol	SAMN15148414	SRR12298602	SRR11948959	Nanopore	RH08|T3-C10	GCA_013804245.1	Animal	Pooled cattle faecal samples collected from floor of farm	3	Cattle	Faeces	RH08	Escherichia	Escherichia coli	10	1	2	1	5134633	50.7	A	RHB40-C10
ecol	SAMN15148701	SRR12298613	SRR11948874	Nanopore	WTP5|T3-00814	GCA_013732895.1	WTP	Freshwater sample from upstream of wastewater treatment work	3	WTP5	Upstream	WTP5	Escherichia	Escherichia coli	NA	5	6	1	5083937	50.3	cladeV	RHBSTW-00814
ecol	SAMN15148217	SRR12298889	SRR11949215	Nanopore	RH12|T2-C14	GCA_013884255.1	Animal	Pooled sheep faecal samples collected from floor of farm	2	Sheep	Faeces	RH12	Escherichia	Escherichia coli	2077	2	3	1	5011436	50.8	B1	RHB23-C14
ecol	SAMN15148413	SRR12298603	SRR11948960	Nanopore	RH08|T3-C09	GCA_013804445.1	Animal	Pooled cattle faecal samples collected from floor of farm	3	Cattle	Faeces	RH08	Escherichia	Escherichia coli	3476	1	2	1	5120263	50.6	A	RHB40-C09
ecol	SAMN15147983	SRR12298643	SRR11948762	Nanopore	RH01|T1-C24	GCA_014106285.1	Animal	Pooled pig faecal samples collected from floor of farm	1	Pig	Faeces	RH01	Escherichia	Escherichia coli	1308	2	5	0	5220895	NA	B1	RHB03-C24
ecol	SAMN15148278	SRR12298746	SRR11949045	Nanopore	RH11|T3-C08	GCA_013828415.1	Animal	Pooled sheep faecal samples collected from floor of farm	3	Sheep	Faeces	RH11	Escherichia	Escherichia coli	5966	3	4	1	4977160	50.8	B2	RHB29-C08
ecol	SAMN15148397	SRR12298938	SRR11948741	Nanopore	RH09|T3-C05	GCA_014104465.1	Animal	Pooled cattle faecal samples collected from floor of farm	3	Cattle	Faeces	RH09	Escherichia	Escherichia coli	NA	1	5	0	4656325	NA	A	RHB39-C05
eclo	SAMN15148476	SRR12298437	SRR11948782	Nanopore	WTP5|T1-00083	GCA_013625575.1	WTP	Wastewater effluent sample	1	WTP5	Effluent	WTP5	Enterobacter	Enterobacter cloacae	108	3	4	1	4904566	55.5	NA	RHBSTW-00083
kpne	SAMN15148468	SRR12298445	SRR11948790	Nanopore	WTP5|T1-00066	GCA_013796245.1	WTP	Wastewater influent sample	1	WTP5	Influent	WTP5	Klebsiella	Klebsiella pneumoniae	111	4	5	1	5568728	57.3	NA	RHBSTW-00066
eclo	SAMN15148541	SRR12298365	SRR11948892	PacBio	WTP3|T1-00209	GCA_014103775.1	WTP	Wastewater influent sample	1	WTP3	Influent	WTP3	Enterobacter	Enterobacter cloacae	277	6	10	0	5378233	NA	NA	RHBSTW-00209
eclo	SAMN15148450	SRR12298489	SRR11949324	PacBio	WTP4|T1-00012	GCA_013635495.1	WTP	Wastewater influent sample	1	WTP4	Influent	WTP4	Enterobacter	Enterobacter cloacae	104	4	5	1	5075790	54.9	NA	RHBSTW-00012
ecol	SAMN15148262	SRR12298791	SRR11949047	Nanopore	RH04|T2-C18	GCA_013831545.1	Animal	Pooled pig faecal samples collected from floor of farm	2	Pig	Faeces	RH04	Escherichia	Escherichia coli	10	2	3	1	4867902	50.7	A	RHB27-C18
ecol	SAMN15148260	SRR12298793	SRR11949049	Nanopore	RH04|T2-C14	GCA_014104955.1	Animal	Pooled pig faecal samples collected from floor of farm	2	Pig	Faeces	RH04	Escherichia	Escherichia coli	10	2	7	0	4863845	NA	A	RHB27-C14
cxxx	SAMN15148758	SRR12299050	SRR11949008	Nanopore	WTP3|T3-00976	GCA_013724425.1	WTP	Wastewater influent sample	3	WTP3	Influent	WTP3	Citrobacter	Citrobacter sp.	NA	2	3	1	5373738	52	NA	RHBSTW-00976
ecol	SAMN15148054	SRR12299088	SRR11948840	Nanopore	RH08|T1-C24	GCA_013899865.1	Animal	Pooled cattle faecal samples collected from floor of farm	1	Cattle	Faeces	RH08	Escherichia	Escherichia coli	NA	4	5	1	5350040	50.7	E	RHB09-C24
ecol	SAMN15148677	SRR12298687	SRR11948900	Nanopore	WTP2|T2-00670	GCA_013745955.1	WTP	Wastewater influent sample	2	WTP2	Influent	WTP2	Escherichia	Escherichia coli	1196	3	4	1	5128301	50.8	B1	RHBSTW-00670
ecol	SAMN15148100	SRR12298965	SRR11949101	PacBio	RH03|T1-C18	GCA_013899055.1	Animal	Pooled pig faecal samples collected from floor of farm	1	Pig	Faeces	RH03	Escherichia	Escherichia coli	641	1	2	1	4683071	50.8	B1	RHB13-C18
koxy	SAMN15148657	SRR12298709	SRR11949238	Nanopore	WTP1|T2-00577	GCA_013735435.1	WTP	Freshwater sample from downstream of wastewater treatment work	2	WTP1	Downstream	WTP1	Klebsiella	Klebsiella oxytoca	NA	5	6	1	6134804	55.9	NA	RHBSTW-00577
ecol	SAMN15148475	SRR12298438	SRR11948783	Nanopore	WTP5|T1-00082	GCA_013795545.1	WTP	Wastewater effluent sample	1	WTP5	Effluent	WTP5	Escherichia	Escherichia coli	131	2	3	1	5413656	50.6	B2	RHBSTW-00082
ecol	SAMN15148605	SRR12298819	SRR11948671	Nanopore	WTP4|T2-00410	GCA_013749975.1	WTP	Freshwater sample from upstream of wastewater treatment work	2	WTP4	Upstream	WTP4	Escherichia	Escherichia coli	2079	2	3	1	5510444	50.9	B1	RHBSTW-00410
ecol	SAMN15148639	SRR12298730	SRR11948927	Nanopore	WTP1|T2-00503	GCA_013740395.1	WTP	Wastewater influent sample	2	WTP1	Influent	WTP1	Escherichia	Escherichia coli	5846	4	5	1	5056614	50.5	A	RHBSTW-00503
ecol	SAMN15148148	SRR12298560	SRR11949291	Nanopore	RH03|T2-C14	GCA_013894235.1	Animal	Pooled pig faecal samples collected from floor of farm	2	Pig	Faeces	RH03	Escherichia	Escherichia coli	3947	1	2	1	4357677	50.5	F	RHB17-C14
ecol	SAMN15148136	SRR12298575	SRR11949338	Nanopore	RH02|T2-C11	GCA_013896775.1	Animal	Pooled pig faecal samples collected from floor of farm	2	Pig	Faeces	RH02	Escherichia	Escherichia coli	42	7	8	1	6126753	50.6	D	RHB16-C11
cfre	SAMN15148553	SRR12298924	SRR11949094	PacBio	WTP3|T1-00231	GCA_014103715.1	WTP	Wastewater effluent sample	1	WTP3	Effluent	WTP3	Citrobacter	Citrobacter freundii	NA	3	12	0	5459589	NA	NA	RHBSTW-00231
ecol	SAMN15148074	SRR12299018	SRR11948984	Nanopore	RH10|T1-C17	GCA_013899585.1	Animal	Pooled cattle faecal samples collected from floor of farm	1	Cattle	Faeces	RH10	Escherichia	Escherichia coli	NA	2	3	1	5005191	50.8	B1	RHB11-C17
kpne	SAMN15148509	SRR12298400	SRR11948949	PacBio	WTP1|T1-00138	GCA_013624775.1	WTP	Wastewater influent sample	1	WTP1	Influent	WTP1	Klebsiella	Klebsiella pneumoniae	NA	14	15	1	5686744	57.7	NA	RHBSTW-00138
ecol	SAMN15148436	SRR12298530	SRR11949149	Nanopore	RH12|T3-C12	GCA_014104435.1	Animal	Pooled sheep faecal samples collected from floor of farm	3	Sheep	Faeces	RH12	Escherichia	Escherichia coli	5592	4	11	0	5215311	NA	E	RHB42-C12
ecol	SAMN15148215	SRR12298892	SRR11949218	Nanopore	RH12|T2-C10	GCA_013884475.1	Animal	Pooled sheep faecal samples collected from floor of farm	2	Sheep	Faeces	RH12	Escherichia	Escherichia coli	227	9	10	1	4957694	50.8	A	RHB23-C10
ecol	SAMN15148018	SRR12298710	SRR11949239	Nanopore	RH14|T1-C20	GCA_013900265.1	Animal	Pooled sheep faecal samples collected from floor of farm	1	Sheep	Faeces	RH14	Escherichia	Escherichia coli	154	2	3	1	5058063	50.7	B1	RHB06-C20
ecol	SAMN15148280	SRR12298744	SRR11949043	Nanopore	RH11|T3-C10	GCA_013828205.1	Animal	Pooled sheep faecal samples collected from floor of farm	3	Sheep	Faeces	RH11	Escherichia	Escherichia coli	1086	1	2	1	5244427	50.6	B1	RHB29-C10
ecol	SAMN15148411	SRR12298605	SRR11948962	Nanopore	RH08|T3-C06	GCA_013804865.1	Animal	Pooled cattle faecal samples collected from floor of farm	3	Cattle	Faeces	RH08	Escherichia	Escherichia coli	NA	1	2	1	4967139	50.8	B2	RHB40-C06
ecol	SAMN15148328	SRR12298619	SRR11949188	Nanopore	RH14|T3-C09	GCA_013824695.1	Animal	Pooled sheep faecal samples collected from floor of farm	3	Sheep	Faeces	RH14	Escherichia	Escherichia coli	5766	2	3	1	5181984	50.9	A	RHB33-C09
cfre	SAMN15148535	SRR12298372	SRR11949167	PacBio	WTP1|T1-00199	GCA_014103885.1	WTP	Freshwater sample from downstream of wastewater treatment work	1	WTP1	Downstream	WTP1	Citrobacter	Citrobacter freundii	91	3	7	0	5421954	NA	NA	RHBSTW-00199
ecol	SAMN15148177	SRR12298480	SRR11948649	Nanopore	RH10|T2-C09	GCA_013928145.1	Animal	Pooled cattle faecal samples collected from floor of farm	2	Cattle	Faeces	RH10	Escherichia	Escherichia coli	343	3	4	0	5569406	NA	B1	RHB20-C09
ecol	SAMN15148226	SRR12298856	SRR11948772	Nanopore	RH15|T2-C09	GCA_013838005.1	Animal	Pooled sheep faecal samples collected from floor of farm	2	Sheep	Faeces	RH15	Escherichia	Escherichia coli	6118	3	4	1	5277347	50.6	E	RHB24-C09
efer	SAMN15148162	SRR12298521	SRR11948982	Nanopore	RH14|T2-C05	GCA_013892435.1	Animal	Pooled sheep faecal samples collected from floor of farm	2	Sheep	Faeces	RH14	Escherichia	Escherichia fergusonii	5636	2	3	1	4784444	50	fergusonii	RHB19-C05
cfre	SAMN15148536	SRR12298371	SRR11949166	Nanopore	WTP1|T1-00200	GCA_013614655.1	WTP	Freshwater sample from downstream of wastewater treatment work	1	WTP1	Downstream	WTP1	Citrobacter	Citrobacter freundii	NA	0	2	1	5532539	52	NA	RHBSTW-00200
ecol	SAMN15148145	SRR12298565	SRR11949328	Nanopore	RH03|T2-C10	GCA_013894775.1	Animal	Pooled pig faecal samples collected from floor of farm	2	Pig	Faeces	RH03	Escherichia	Escherichia coli	23	2	3	1	4988814	50.7	C	RHB17-C10
kpne	SAMN15148729	SRR12299131	SRR11948725	Nanopore	WTP1|T3-00883	GCA_013728275.1	WTP	Freshwater sample from downstream of wastewater treatment work	3	WTP1	Downstream	WTP1	Klebsiella	Klebsiella pneumoniae	3815	2	3	1	5675481	57.4	NA	RHBSTW-00883
ecol	SAMN15148623	SRR12298775	SRR11949245	Nanopore	WTP5|T2-00466	GCA_013785265.1	WTP	Wastewater effluent sample	2	WTP5	Effluent	WTP5	Escherichia	Escherichia coli	14	1	2	1	5365738	50.5	B2	RHBSTW-00466
cfre	SAMN15148568	SRR12298883	SRR11948695	Nanopore	WTP2|T1-00310	GCA_013786145.1	WTP	Wastewater influent sample	1	WTP2	Influent	WTP2	Citrobacter	Citrobacter freundii	185	2	3	1	5531178	51.8	NA	RHBSTW-00310
efer	SAMN15148292	SRR12298659	SRR11949212	Nanopore	RH02|T3-C07	GCA_013825725.1	Animal	Pooled pig faecal samples collected from floor of farm	3	Pig	Faeces	RH02	Escherichia	Escherichia fergusonii	NA	1	2	1	4876117	50	fergusonii	RHB30-C07
ecol	SAMN15148007	SRR12298358	SRR11948885	PacBio	RH14|T1-C02	GCA_014106065.1	Animal	Pooled sheep faecal samples collected from floor of farm	1	Sheep	Faeces	RH14	Escherichia	Escherichia coli	609	1	3	0	4579685	NA	A	RHB06-C02
cxxx	SAMN15148451	SRR12298488	SRR11949323	Nanopore	WTP4|T1-00013	GCA_014104375.1	WTP	Wastewater influent sample	1	WTP4	Influent	WTP4	Citrobacter	Citrobacter sp.	NA	5	12	0	5347035	NA	NA	RHBSTW-00013
cxxx	SAMN15148608	SRR12298815	SRR11948667	Nanopore	WTP4|T2-00424	GCA_013741155.1	WTP	Freshwater sample from downstream of wastewater treatment work	2	WTP4	Downstream	WTP4	Citrobacter	Citrobacter sp.	110	4	5	1	5494257	52.2	NA	RHBSTW-00424
koxy	SAMN15148481	SRR12298431	SRR11949306	PacBio	WTP5|T1-00092	GCA_014104195.1	WTP	Wastewater effluent sample	1	WTP5	Effluent	WTP5	Klebsiella	Klebsiella oxytoca	NA	3	25	0	6275021	NA	NA	RHBSTW-00092
ecol	SAMN15148203	SRR12298905	SRR11949119	Nanopore	RH07|T2-C08	GCA_013886735.1	Animal	Pooled cattle faecal samples collected from floor of farm	2	Cattle	Faeces	RH07	Escherichia	Escherichia coli	1204	1	2	1	4945522	50.5	D	RHB22-C08
ecol	SAMN15148316	SRR12298633	SRR11948752	Nanopore	RH13|T3-C08	GCA_013709375.1	Animal	Pooled sheep faecal samples collected from floor of farm	3	Sheep	Faeces	RH13	Escherichia	Escherichia coli	10	1	9	1	5025109	50.7	A	RHB32-C08
efer	SAMN15147967	SRR12298562	SRR11949325	PacBio	RH02|T1-C14	GCA_013715025.1	Animal	Pooled pig faecal samples collected from floor of farm	1	Pig	Faeces	RH02	Escherichia	Escherichia fergusonii	NA	4	12	1	4950489	50.1	fergusonii	RHB02-C14
ecol	SAMN15148212	SRR12298895	SRR11949221	Nanopore	RH12|T2-C05	GCA_013885595.1	Animal	Pooled sheep faecal samples collected from floor of farm	2	Sheep	Faeces	RH12	Escherichia	Escherichia coli	227	9	10	1	4956287	50.8	A	RHB23-C05
ecol	SAMN15148154	SRR12298554	SRR11949285	Nanopore	RH13|T2-C09	GCA_013893495.1	Animal	Pooled sheep faecal samples collected from floor of farm	2	Sheep	Faeces	RH13	Escherichia	Escherichia coli	3494	3	4	1	4985089	50.8	B1	RHB18-C09
ecol	SAMN15148043	SRR12298946	SRR11949424	PacBio	RH08|T1-C08	GCA_014105855.1	Animal	Pooled cattle faecal samples collected from floor of farm	1	Cattle	Faeces	RH08	Escherichia	Escherichia coli	58	3	17	0	5155857	NA	B1	RHB09-C08
cfre	SAMN15148449	SRR12298490	SRR11949015	PacBio	WTP4|T1-00011	GCA_013798115.1	WTP	Wastewater influent sample	1	WTP4	Influent	WTP4	Citrobacter	Citrobacter freundii	NA	2	3	1	5577264	52	NA	RHBSTW-00011
ecol	SAMN15148575	SRR12298876	SRR11948688	Nanopore	WTP2|T1-00320	GCA_013741855.1	WTP	Wastewater influent sample	1	WTP2	Influent	WTP2	Escherichia	Escherichia coli	200	4	5	1	5485495	50.8	B1	RHBSTW-00320
ecol	SAMN15148440	SRR12298501	SRR11949026	Nanopore	RH12|T3-C22	GCA_013799205.1	Animal	Pooled sheep faecal samples collected from floor of farm	3	Sheep	Faeces	RH12	Escherichia	Escherichia coli	5966	6	7	1	5046852	50.8	B2	RHB42-C22
ecol	SAMN15148040	SRR12298949	SRR11949427	Nanopore	RH06|T1-C21	GCA_013900065.1	Animal	Pooled cattle faecal samples collected from floor of farm	1	Cattle	Faeces	RH06	Escherichia	Escherichia coli	1611	1	2	1	4867619	50.8	B1	RHB08-C21
efer	SAMN15148437	SRR12298504	SRR11949029	Nanopore	RH12|T3-C13	GCA_013799825.1	Animal	Pooled sheep faecal samples collected from floor of farm	3	Sheep	Faeces	RH12	Escherichia	Escherichia fergusonii	NA	3	4	1	4661185	50	fergusonii	RHB42-C13
cfre	SAMN15148135	SRR12298576	SRR11949339	Nanopore	RH02|T2-C09	GCA_013897035.1	Animal	Pooled pig faecal samples collected from floor of farm	2	Pig	Faeces	RH02	Citrobacter	Citrobacter freundii	NA	4	5	1	5233103	51.9	NA	RHB16-C09
ecol	SAMN15148110	SRR12298954	SRR11948660	PacBio	RH04|T1-C14	GCA_013898995.1	Animal	Pooled pig faecal samples collected from floor of farm	1	Pig	Faeces	RH04	Escherichia	Escherichia coli	117	5	6	1	5203658	50.8	G	RHB14-C14
ecol	SAMN15148192	SRR12298464	SRR11949131	Nanopore	RH06|T2-C09	GCA_013888395.1	Animal	Pooled cattle faecal samples collected from floor of farm	2	Cattle	Faeces	RH06	Escherichia	Escherichia coli	1300	1	2	1	5282834	50.5	E	RHB21-C09
ecol	SAMN15148439	SRR12298502	SRR11949027	Nanopore	RH12|T3-C20	GCA_013799505.1	Animal	Pooled sheep faecal samples collected from floor of farm	3	Sheep	Faeces	RH12	Escherichia	Escherichia coli	2144	4	5	1	5134340	50.8	B1	RHB42-C20
koxy	SAMN15148531	SRR12298376	SRR11949171	Nanopore	WTP1|T1-00186	GCA_013744615.1	WTP	Freshwater sample from downstream of wastewater treatment work	1	WTP1	Downstream	WTP1	Klebsiella	Klebsiella oxytoca	NA	5	6	1	6043975	55.9	NA	RHBSTW-00186
ecol	SAMN15148069	SRR12299023	SRR11948989	Nanopore	RH10|T1-C06	GCA_014105715.1	Animal	Pooled cattle faecal samples collected from floor of farm	1	Cattle	Faeces	RH10	Escherichia	Escherichia coli	206	3	86	0	5633365	NA	A	RHB11-C06
ecol	SAMN15148434	SRR12298532	SRR11949151	Nanopore	RH12|T3-C04	GCA_013800125.1	Animal	Pooled sheep faecal samples collected from floor of farm	3	Sheep	Faeces	RH12	Escherichia	Escherichia coli	117	6	7	1	4937796	50.7	G	RHB42-C04
cfre	SAMN15148288	SRR12298663	SRR11949034	Nanopore	RH02|T3-C03	GCA_013826505.1	Animal	Pooled pig faecal samples collected from floor of farm	3	Pig	Faeces	RH02	Citrobacter	Citrobacter freundii	NA	6	7	1	5443337	51.8	NA	RHB30-C03
ecol	SAMN15148196	SRR12298460	SRR11949127	Nanopore	RH06|T2-C20	GCA_013887755.1	Animal	Pooled cattle faecal samples collected from floor of farm	2	Cattle	Faeces	RH06	Escherichia	Escherichia coli	711	2	3	1	5071080	50.9	B1	RHB21-C20
efer	SAMN15148286	SRR12298666	SRR11949037	Nanopore	RH02|T3-C01	GCA_014104915.1	Animal	Pooled pig faecal samples collected from floor of farm	3	Pig	Faeces	RH02	Escherichia	Escherichia fergusonii	NA	0	26	0	4864794	NA	fergusonii	RHB30-C01
kpne	SAMN15148165	SRR12298518	SRR11948979	Nanopore	RH14|T2-C08	GCA_014105245.1	Animal	Pooled sheep faecal samples collected from floor of farm	2	Sheep	Faeces	RH14	Klebsiella	Klebsiella pneumoniae	NA	0	24	0	5372117	NA	NA	RHB19-C08
kpne	SAMN15148644	SRR12298725	SRR11948922	Nanopore	WTP1|T2-00515	GCA_013735895.1	WTP	Wastewater influent sample	2	WTP1	Influent	WTP1	Klebsiella	Klebsiella pneumoniae	188	6	7	1	5835464	57.2	NA	RHBSTW-00515
ecol	SAMN15148242	SRR12298838	SRR11949412	Nanopore	RH08|T2-C20	GCA_013835205.1	Animal	Pooled cattle faecal samples collected from floor of farm	2	Cattle	Faeces	RH08	Escherichia	Escherichia coli	316	1	2	1	5040616	50.8	B1	RHB25-C20
cxxx	SAMN15148189	SRR12298467	SRR11948636	Nanopore	RH06|T2-C05	GCA_013889015.1	Animal	Pooled cattle faecal samples collected from floor of farm	2	Cattle	Faeces	RH06	Citrobacter	Citrobacter sp.	NA	0	1	1	4652007	54.8	NA	RHB21-C05
ecol	SAMN15148013	SRR12298817	SRR11948669	PacBio	RH14|T1-C09	GCA_013924945.1	Animal	Pooled sheep faecal samples collected from floor of farm	1	Sheep	Faeces	RH14	Escherichia	Escherichia coli	7428	4	5	0	4994278	NA	B1	RHB06-C09
kxxx	SAMN15148630	SRR12298767	SRR11948707	Nanopore	WTP5|T2-00484	GCA_013705725.1	WTP	Freshwater sample from downstream of wastewater treatment work	2	WTP5	Downstream	WTP5	Klebsiella	Klebsiella sp.	NA	8	31	1	6936633	53.1	NA	RHBSTW-00484
eclo	SAMN15148680	SRR12298684	SRR11948897	Nanopore	WTP2|T2-00675	GCA_013739155.1	WTP	Wastewater influent sample	2	WTP2	Influent	WTP2	Enterobacter	Enterobacter cloacae	24	4	5	1	4911002	55.8	NA	RHBSTW-00675
ecol	SAMN15148122	SRR12298590	SRR11949077	Nanopore	RH11|T2-C16	GCA_014105395.1	Animal	Pooled sheep faecal samples collected from floor of farm	2	Sheep	Faeces	RH11	Escherichia	Escherichia coli	154	4	13	0	5286764	NA	B1	RHB15-C16
ecol	SAMN15148361	SRR12299107	SRR11949375	Nanopore	RH07|T3-C04	GCA_013815865.1	Animal	Pooled cattle faecal samples collected from floor of farm	3	Cattle	Faeces	RH07	Escherichia	Escherichia coli	54	1	2	1	4983384	50.8	B1	RHB36-C04
cfre	SAMN15148307	SRR12298642	SRR11948761	Nanopore	RH10|T3-C16	GCA_013821695.1	Animal	Pooled cattle faecal samples collected from floor of farm	3	Cattle	Faeces	RH10	Citrobacter	Citrobacter freundii	NA	0	1	1	4719098	52.5	NA	RHB31-C16
exxx	SAMN15148757	SRR12299051	SRR11949009	Nanopore	WTP3|T3-00975	GCA_013615235.1	WTP	Wastewater influent sample	3	WTP3	Influent	WTP3	Enterobacter	Enterobacter sp.	13	3	5	1	4987558	54.6	NA	RHBSTW-00975
ecol	SAMN15148052	SRR12299090	SRR11948842	Nanopore	RH08|T1-C22	GCA_013899905.1	Animal	Pooled cattle faecal samples collected from floor of farm	1	Cattle	Faeces	RH08	Escherichia	Escherichia coli	164	1	2	1	4900195	50.9	B1	RHB09-C22
exxx	SAMN15148659	SRR12298707	SRR11949236	Nanopore	WTP3|T2-00593	GCA_013784105.1	WTP	Freshwater sample from upstream of wastewater treatment work	2	WTP3	Upstream	WTP3	Enterobacter	Enterobacter sp.	374	1	2	1	5018130	54.5	NA	RHBSTW-00593
ecol	SAMN15148337	SRR12299158	SRR11949114	Nanopore	RH03|T3-C04	GCA_013823335.1	Animal	Pooled pig faecal samples collected from floor of farm	3	Pig	Faeces	RH03	Escherichia	Escherichia coli	4268	6	7	1	4984569	50.7	B2	RHB34-C04
kpne	SAMN15148092	SRR12298974	SRR11949110	PacBio	RH04|T1-C03	GCA_014105655.1	Animal	Pooled pig faecal samples collected from floor of farm	1	Pig	Faeces	RH04	Klebsiella	Klebsiella pneumoniae	45	0	120	0	5492319	NA	NA	RHB14-C03
ecol	SAMN15147976	SRR12298844	SRR11949418	Nanopore	RH01|T1-C06	GCA_014108985.1	Animal	Pooled pig faecal samples collected from floor of farm	1	Pig	Faeces	RH01	Escherichia	Escherichia coli	NA	5	6	1	4545237	51	A	RHB03-C06
ecol	SAMN15148441	SRR12298500	SRR11949025	Nanopore	RH12|T3-C23	GCA_013799025.1	Animal	Pooled sheep faecal samples collected from floor of farm	3	Sheep	Faeces	RH12	Escherichia	Escherichia coli	2165	0	1	1	4722117	50.9	B1	RHB42-C23
ecol	SAMN15148088	SRR12299002	SRR11948850	Nanopore	RH09|T1-C24	GCA_013899265.1	Animal	Pooled cattle faecal samples collected from floor of farm	1	Cattle	Faeces	RH09	Escherichia	Escherichia coli	540	0	1	1	4616178	50.8	A	RHB12-C24
efer	SAMN15147971	SRR12298470	SRR11948639	Nanopore	RH02|T1-C22	GCA_013923185.1	Animal	Pooled pig faecal samples collected from floor of farm	1	Pig	Faeces	RH02	Escherichia	Escherichia fergusonii	NA	5	6	1	4950899	50.1	fergusonii	RHB02-C22
cfre	SAMN15148494	SRR12298417	SRR11948816	Nanopore	WTP5|T1-00116	GCA_014104105.1	WTP	Freshwater sample from downstream of wastewater treatment work	1	WTP5	Downstream	WTP5	Citrobacter	Citrobacter freundii	NA	3	13	0	5336192	NA	NA	RHBSTW-00116
ecol	SAMN15148168	SRR12298514	SRR11948975	Nanopore	RH14|T2-C13	GCA_013891895.1	Animal	Pooled sheep faecal samples collected from floor of farm	2	Sheep	Faeces	RH14	Escherichia	Escherichia coli	7	4	5	1	5306908	50.6	B1	RHB19-C13
ecol	SAMN15148050	SRR12299092	SRR11948844	Nanopore	RH08|T1-C20	GCA_013899925.1	Animal	Pooled cattle faecal samples collected from floor of farm	1	Cattle	Faeces	RH08	Escherichia	Escherichia coli	2521	3	4	1	5173132	50.7	B1	RHB09-C20
ecol	SAMN15148395	SRR12298941	SRR11948744	Nanopore	RH09|T3-C01	GCA_014104495.1	Animal	Pooled cattle faecal samples collected from floor of farm	3	Cattle	Faeces	RH09	Escherichia	Escherichia coli	NA	1	7	0	4656325	NA	A	RHB39-C01
cfre	SAMN15148628	SRR12298769	SRR11948709	Nanopore	WTP5|T2-00477	GCA_013785085.1	WTP	Freshwater sample from upstream of wastewater treatment work	2	WTP5	Upstream	WTP5	Citrobacter	Citrobacter freundii	NA	0	1	1	4792949	52.7	NA	RHBSTW-00477
ecol	SAMN15148002	SRR12298414	SRR11948813	Nanopore	RH12|T1-C17	GCA_014106085.1	Animal	Pooled sheep faecal samples collected from floor of farm	1	Sheep	Faeces	RH12	Escherichia	Escherichia coli	297	2	15	0	5148561	NA	B1	RHB05-C17
ecol	SAMN15148352	SRR12299117	SRR11949385	Nanopore	RH06|T3-C13	GCA_014104735.1	Animal	Pooled cattle faecal samples collected from floor of farm	3	Cattle	Faeces	RH06	Escherichia	Escherichia coli	NA	2	9	0	5031488	NA	B2	RHB35-C13
ecol	SAMN15148333	SRR12299163	SRR11949183	Nanopore	RH14|T3-C17	GCA_013823975.1	Animal	Pooled sheep faecal samples collected from floor of farm	3	Sheep	Faeces	RH14	Escherichia	Escherichia coli	2175	1	2	1	5133455	50.9	B1	RHB33-C17
cfre	SAMN15148754	SRR12299055	SRR11949013	Nanopore	WTP3|T3-00968	GCA_013724985.1	WTP	Freshwater sample from upstream of wastewater treatment work	3	WTP3	Upstream	WTP3	Citrobacter	Citrobacter freundii	NA	2	3	1	4779902	52.6	NA	RHBSTW-00968
ecol	SAMN15148299	SRR12298651	SRR11949204	Nanopore	RH10|T3-C01	GCA_013822575.1	Animal	Pooled cattle faecal samples collected from floor of farm	3	Cattle	Faeces	RH10	Escherichia	Escherichia coli	1415	4	5	1	5036733	51	A	RHB31-C01
ecol	SAMN15148063	SRR12299078	SRR11948996	Nanopore	RH15|T1-C18	GCA_014105755.1	Animal	Pooled sheep faecal samples collected from floor of farm	1	Sheep	Faeces	RH15	Escherichia	Escherichia coli	1665	3	9	0	5277916	NA	B1	RHB10-C18
ecol	SAMN15148190	SRR12298466	SRR11948635	Nanopore	RH06|T2-C06	GCA_013888815.1	Animal	Pooled cattle faecal samples collected from floor of farm	2	Cattle	Faeces	RH06	Escherichia	Escherichia coli	NA	2	3	1	5032166	50.7	B2	RHB21-C06
ecol	SAMN15148339	SRR12299156	SRR11948940	Nanopore	RH03|T3-C08	GCA_013818685.1	Animal	Pooled pig faecal samples collected from floor of farm	3	Pig	Faeces	RH03	Escherichia	Escherichia coli	58	0	1	1	4741744	50.8	B1	RHB34-C08
cxxx	SAMN15148686	SRR12298678	SRR11948629	Nanopore	WTP2|T2-00696	GCA_013733095.1	WTP	Wastewater effluent sample	2	WTP2	Effluent	WTP2	Citrobacter	Citrobacter sp.	NA	6	7	1	5784118	51.9	NA	RHBSTW-00696
ecol	SAMN15147948	SRR12298764	SRR11949063	PacBio	RH11|T1-C04	GCA_014109665.1	Animal	Pooled sheep faecal samples collected from floor of farm	1	Sheep	Faeces	RH11	Escherichia	Escherichia coli	2144	7	8	1	5010075	50.8	B1	RHB01-C04
ecol	SAMN15148058	SRR12299083	SRR11948835	PacBio	RH15|T1-C08	GCA_014105765.1	Animal	Pooled sheep faecal samples collected from floor of farm	1	Sheep	Faeces	RH15	Escherichia	Escherichia coli	1629	4	13	0	5727344	NA	E	RHB10-C08
cfre	SAMN15148363	SRR12299105	SRR11949373	Nanopore	RH07|T3-C06	GCA_013815045.1	Animal	Pooled cattle faecal samples collected from floor of farm	3	Cattle	Faeces	RH07	Citrobacter	Citrobacter freundii	NA	0	1	1	5042664	52.6	NA	RHB36-C06
ecol	SAMN15148036	SRR12298978	SRR11949432	PacBio	RH06|T1-C14	GCA_014105865.1	Animal	Pooled cattle faecal samples collected from floor of farm	1	Cattle	Faeces	RH06	Escherichia	Escherichia coli	1101	3	74	0	5670261	NA	A	RHB08-C14
cxxx	SAMN15148646	SRR12298723	SRR11948920	Nanopore	WTP1|T2-00524	GCA_013747755.1	WTP	Wastewater effluent sample	2	WTP1	Effluent	WTP1	Citrobacter	Citrobacter sp.	NA	3	4	1	5414996	52	NA	RHBSTW-00524
efer	SAMN15148153	SRR12298555	SRR11949286	Nanopore	RH13|T2-C08	GCA_013928365.1	Animal	Pooled sheep faecal samples collected from floor of farm	2	Sheep	Faeces	RH13	Escherichia	Escherichia fergusonii	NA	2	3	0	4546823	NA	fergusonii	RHB18-C08
ecol	SAMN15147996	SRR12298529	SRR11949030	PacBio	RH12|T1-C02	GCA_014106215.1	Animal	Pooled sheep faecal samples collected from floor of farm	1	Sheep	Faeces	RH12	Escherichia	Escherichia coli	297	2	12	0	5147469	NA	B1	RHB05-C02
cxxx	SAMN15148236	SRR12298845	SRR11949419	Nanopore	RH08|T2-C09	GCA_013836145.1	Animal	Pooled cattle faecal samples collected from floor of farm	2	Cattle	Faeces	RH08	Citrobacter	Citrobacter sp.	NA	0	1	1	4382172	52.7	NA	RHB25-C09
ecol	SAMN15148583	SRR12298867	SRR11949145	PacBio	WTP2|T1-00341	GCA_014101355.1	WTP	Wastewater effluent sample	1	WTP2	Effluent	WTP2	Escherichia	Escherichia coli	2521	0	5	0	4863570	NA	B1	RHBSTW-00341
ecol	SAMN15147989	SRR12299101	SRR11949369	Nanopore	RH13|T1-C11	GCA_014106275.1	Animal	Pooled sheep faecal samples collected from floor of farm	1	Sheep	Faeces	RH13	Escherichia	Escherichia coli	54	2	9	0	5009644	NA	B1	RHB04-C11
ecol	SAMN15148343	SRR12299152	SRR11948936	Nanopore	RH03|T3-C15	GCA_013818065.1	Animal	Pooled pig faecal samples collected from floor of farm	3	Pig	Faeces	RH03	Escherichia	Escherichia coli	2345	3	4	1	4704696	50.9	A	RHB34-C15
ecol	SAMN15148240	SRR12298840	SRR11949414	Nanopore	RH08|T2-C16	GCA_013835585.1	Animal	Pooled cattle faecal samples collected from floor of farm	2	Cattle	Faeces	RH08	Escherichia	Escherichia coli	20	1	2	1	5337298	50.7	B1	RHB25-C16
koxy	SAMN15148609	SRR12298814	SRR11949260	Nanopore	WTP4|T2-00432	GCA_013737895.1	WTP	Freshwater sample from downstream of wastewater treatment work	2	WTP4	Downstream	WTP4	Klebsiella	Klebsiella oxytoca	NA	6	7	1	6268110	55.9	NA	RHBSTW-00432
ecol	SAMN15148406	SRR12298929	SRR11948732	Nanopore	RH09|T3-C23	GCA_013805885.1	Animal	Pooled cattle faecal samples collected from floor of farm	3	Cattle	Faeces	RH09	Escherichia	Escherichia coli	1079	1	2	1	4901068	50.9	B1	RHB39-C23
ecol	SAMN15148026	SRR12299123	SRR11948717	Nanopore	RH07|T1-C12	GCA_013582235.1	Animal	Pooled cattle faecal samples collected from floor of farm	1	Cattle	Faeces	RH07	Escherichia	Escherichia coli	5082	3	5	1	5398908	50.7	B1	RHB07-C12
efer	SAMN15148324	SRR12298624	SRR11949193	Nanopore	RH13|T3-C22	GCA_013819565.1	Animal	Pooled sheep faecal samples collected from floor of farm	3	Sheep	Faeces	RH13	Escherichia	Escherichia fergusonii	NA	2	3	1	4732121	49.9	fergusonii	RHB32-C22
eclo	SAMN15148498	SRR12298412	SRR11948811	PacBio	WTP1|T1-00123	GCA_013708155.1	WTP	Wastewater influent sample	1	WTP1	Influent	WTP1	Enterobacter	Enterobacter cloacae	1168	4	8	1	4944192	55.8	NA	RHBSTW-00123
ecol	SAMN15148321	SRR12298627	SRR11949196	Nanopore	RH13|T3-C18	GCA_013819985.1	Animal	Pooled sheep faecal samples collected from floor of farm	3	Sheep	Faeces	RH13	Escherichia	Escherichia coli	3494	3	4	1	4947025	50.8	B1	RHB32-C18
cfre	SAMN15148587	SRR12298862	SRR11949140	PacBio	WTP2|T1-00349	GCA_014101305.1	WTP	Freshwater sample from downstream of wastewater treatment work	1	WTP2	Downstream	WTP2	Citrobacter	Citrobacter freundii	NA	0	13	0	4944521	NA	NA	RHBSTW-00349
ecol	SAMN15148232	SRR12298849	SRR11948765	Nanopore	RH15|T2-C21	GCA_013837165.1	Animal	Pooled sheep faecal samples collected from floor of farm	2	Sheep	Faeces	RH15	Escherichia	Escherichia coli	1308	1	2	1	5165414	50.8	B1	RHB24-C21
cxxx	SAMN15148675	SRR12298690	SRR11948903	Nanopore	WTP2|T2-00667	GCA_013746155.1	WTP	Wastewater influent sample	2	WTP2	Influent	WTP2	Citrobacter	Citrobacter sp.	NA	3	4	1	5360557	52	NA	RHBSTW-00667
ecol	SAMN15148186	SRR12298471	SRR11948640	Nanopore	RH06|T2-C02	GCA_013889615.1	Animal	Pooled cattle faecal samples collected from floor of farm	2	Cattle	Faeces	RH06	Escherichia	Escherichia coli	8852	2	3	1	5329902	50.7	E	RHB21-C02
ecol	SAMN15148672	SRR12298693	SRR11948906	Nanopore	WTP3|T2-00646	GCA_013783905.1	WTP	Wastewater effluent sample	2	WTP3	Effluent	WTP3	Escherichia	Escherichia coli	73	1	2	1	5251826	50.5	B2	RHBSTW-00646
ecol	SAMN15148297	SRR12298653	SRR11949206	Nanopore	RH02|T3-C19	GCA_013596065.1	Animal	Pooled pig faecal samples collected from floor of farm	3	Pig	Faeces	RH02	Escherichia	Escherichia coli	10	4	6	1	5262934	50.7	A	RHB30-C19
eclo	SAMN15148493	SRR12298418	SRR11949293	Nanopore	WTP5|T1-00114	GCA_013625115.1	WTP	Freshwater sample from downstream of wastewater treatment work	1	WTP5	Downstream	WTP5	Enterobacter	Enterobacter cloacae	168	3	4	1	5000039	55.1	NA	RHBSTW-00114
eclo	SAMN15148683	SRR12298681	SRR11948632	Nanopore	WTP2|T2-00685	GCA_013733565.1	WTP	Wastewater effluent sample	2	WTP2	Effluent	WTP2	Enterobacter	Enterobacter cloacae	286	5	6	1	5230979	54.9	NA	RHBSTW-00685
ecol	SAMN15148422	SRR12298545	SRR11949164	Nanopore	RH01|T3-C05	GCA_013802585.1	Animal	Pooled pig faecal samples collected from floor of farm	3	Pig	Faeces	RH01	Escherichia	Escherichia coli	NA	4	5	1	4586950	51	A	RHB41-C05
ecol	SAMN15147993	SRR12298928	SRR11948731	Nanopore	RH13|T1-C21	GCA_014106255.1	Animal	Pooled sheep faecal samples collected from floor of farm	1	Sheep	Faeces	RH13	Escherichia	Escherichia coli	1640	1	4	0	5045033	NA	E	RHB04-C21
cfre	SAMN15148564	SRR12298912	SRR11949082	PacBio	WTP2|T1-00302	GCA_013743055.1	WTP	Wastewater influent sample	1	WTP2	Influent	WTP2	Citrobacter	Citrobacter freundii	150	6	7	1	5578065	51.9	NA	RHBSTW-00302
ecol	SAMN15147999	SRR12298447	SRR11948792	PacBio	RH12|T1-C10	GCA_014106165.1	Animal	Pooled sheep faecal samples collected from floor of farm	1	Sheep	Faeces	RH12	Escherichia	Escherichia coli	155	5	12	0	4929575	NA	B1	RHB05-C10
ecol	SAMN15147950	SRR12298809	SRR11949407	PacBio	RH11|T1-C06	GCA_014106425.1	Animal	Pooled sheep faecal samples collected from floor of farm	1	Sheep	Faeces	RH11	Escherichia	Escherichia coli	1844	3	12	0	4952073	NA	B1	RHB01-C06
ecol	SAMN15148312	SRR12298637	SRR11948756	Nanopore	RH10|T3-C24	GCA_014104875.1	Animal	Pooled cattle faecal samples collected from floor of farm	3	Cattle	Faeces	RH10	Escherichia	Escherichia coli	164	1	4	0	4911789	NA	B1	RHB31-C24
ecol	SAMN15148452	SRR12298487	SRR11949322	PacBio	WTP4|T1-00014	GCA_013797825.1	WTP	Wastewater influent sample	1	WTP4	Influent	WTP4	Escherichia	Escherichia coli	200	4	5	1	5437419	50.8	B1	RHBSTW-00014
kpne	SAMN15148443	SRR12298498	SRR11949023	PacBio	WTP4|T1-00001	GCA_013708685.1	WTP	Wastewater influent sample	1	WTP4	Influent	WTP4	Klebsiella	Klebsiella pneumoniae	643	2	6	1	5377681	57.5	NA	RHBSTW-00001
efer	SAMN15148383	SRR12299035	SRR11948827	Nanopore	RH04|T3-C01	GCA_013812875.1	Animal	Pooled pig faecal samples collected from floor of farm	3	Pig	Faeces	RH04	Escherichia	Escherichia fergusonii	NA	4	5	1	4849536	50	fergusonii	RHB38-C01
ecol	SAMN15148231	SRR12298850	SRR11948766	Nanopore	RH15|T2-C19	GCA_013837385.1	Animal	Pooled sheep faecal samples collected from floor of farm	2	Sheep	Faeces	RH15	Escherichia	Escherichia coli	2178	3	4	1	5064640	50.8	B1	RHB24-C19
ecol	SAMN15148166	SRR12298517	SRR11948978	Nanopore	RH14|T2-C10	GCA_013892175.1	Animal	Pooled sheep faecal samples collected from floor of farm	2	Sheep	Faeces	RH14	Escherichia	Escherichia coli	1228	6	7	1	5027579	50.7	D	RHB19-C10
cfre	SAMN15148721	SRR12299140	SRR11949264	Nanopore	WTP5|T3-00862	GCA_013604545.1	WTP	Wastewater effluent sample	3	WTP5	Effluent	WTP5	Citrobacter	Citrobacter freundii	150	3	5	1	5376234	51.7	NA	RHBSTW-00862
ecol	SAMN15148346	SRR12299149	SRR11948933	Nanopore	RH03|T3-C21	GCA_013709175.1	Animal	Pooled pig faecal samples collected from floor of farm	3	Pig	Faeces	RH03	Escherichia	Escherichia coli	NA	0	3	1	4676298	50.9	Unknown	RHB34-C21
ecol	SAMN15148617	SRR12298781	SRR11949251	Nanopore	WTP5|T2-00448	GCA_014103515.1	WTP	Wastewater influent sample	2	WTP5	Influent	WTP5	Escherichia	Escherichia coli	636	0	7	0	4741208	NA	B2	RHBSTW-00448
ecol	SAMN15148064	SRR12299077	SRR11948995	Nanopore	RH15|T1-C19	GCA_013899725.1	Animal	Pooled sheep faecal samples collected from floor of farm	1	Sheep	Faeces	RH15	Escherichia	Escherichia coli	1665	3	4	1	5277919	50.7	B1	RHB10-C19
cfre	SAMN15148289	SRR12298662	SRR11949033	Nanopore	RH02|T3-C04	GCA_013826265.1	Animal	Pooled pig faecal samples collected from floor of farm	3	Pig	Faeces	RH02	Citrobacter	Citrobacter freundii	328	3	4	1	5133131	51.9	NA	RHB30-C04
koxy	SAMN15148527	SRR12298380	SRR11949175	PacBio	WTP1|T1-00178	GCA_014103895.1	WTP	Freshwater sample from upstream of wastewater treatment work	1	WTP1	Upstream	WTP1	Klebsiella	Klebsiella oxytoca	176	2	4	0	6132301	NA	NA	RHBSTW-00178
efer	SAMN15148429	SRR12298537	SRR11949156	Nanopore	RH01|T3-C20	GCA_013801425.1	Animal	Pooled pig faecal samples collected from floor of farm	3	Pig	Faeces	RH01	Escherichia	Escherichia fergusonii	NA	5	6	1	4909259	49.9	fergusonii	RHB41-C20
eclo	SAMN15148580	SRR12298870	SRR11949148	Nanopore	WTP2|T1-00333	GCA_013738375.1	WTP	Wastewater effluent sample	1	WTP2	Effluent	WTP2	Enterobacter	Enterobacter cloacae	286	7	8	1	5215023	55.1	NA	RHBSTW-00333
ecol	SAMN15148115	SRR12298598	SRR11948655	Nanopore	RH04|T1-C22	GCA_013898935.1	Animal	Pooled pig faecal samples collected from floor of farm	1	Pig	Faeces	RH04	Escherichia	Escherichia coli	410	5	6	1	5368902	50.6	C	RHB14-C22
ecol	SAMN15148251	SRR12298803	SRR11949059	Nanopore	RH09|T2-C20	GCA_013833585.1	Animal	Pooled cattle faecal samples collected from floor of farm	2	Cattle	Faeces	RH09	Escherichia	Escherichia coli	58	2	3	1	5168690	50.7	B1	RHB26-C20
cfre	SAMN15148477	SRR12298435	SRR11948780	PacBio	WTP5|T1-00084	GCA_013590555.1	WTP	Wastewater effluent sample	1	WTP5	Effluent	WTP5	Citrobacter	Citrobacter freundii	150	3	5	1	5421619	51.7	NA	RHBSTW-00084
eclo	SAMN15148546	SRR12298360	SRR11948887	Nanopore	WTP3|T1-00217	GCA_013743755.1	WTP	Wastewater influent sample	1	WTP3	Influent	WTP3	Enterobacter	Enterobacter cloacae	108	3	4	1	4808935	55.6	NA	RHBSTW-00217
efer	SAMN15148055	SRR12299087	SRR11948839	PacBio	RH15|T1-C04	GCA_013899845.1	Animal	Pooled sheep faecal samples collected from floor of farm	1	Sheep	Faeces	RH15	Escherichia	Escherichia fergusonii	NA	3	4	1	4718187	50	fergusonii	RHB10-C04
cfre	SAMN15148556	SRR12298921	SRR11949091	Nanopore	WTP3|T1-00267	GCA_013786205.1	WTP	Freshwater sample from downstream of wastewater treatment work	1	WTP3	Downstream	WTP3	Citrobacter	Citrobacter freundii	NA	2	3	1	5222519	52.6	NA	RHBSTW-00267
ecol	SAMN15147985	SRR12298621	SRR11949190	PacBio	RH13|T1-C05	GCA_014794165.1	Animal	Pooled sheep faecal samples collected from floor of farm	1	Sheep	Faeces	RH13	Escherichia	Escherichia coli	8501	1	2	1	5073594	50.8	B1	RHB04-C05
kpne	SAMN15148602	SRR12298822	SRR11948674	Nanopore	WTP4|T2-00405	GCA_013706045.1	WTP	Freshwater sample from upstream of wastewater treatment work	2	WTP4	Upstream	WTP4	Klebsiella	Klebsiella pneumoniae	3705	6	25	1	5871321	57.4	NA	RHBSTW-00405
ecol	SAMN15148265	SRR12298761	SRR11949402	Nanopore	RH04|T2-C22	GCA_013830785.1	Animal	Pooled pig faecal samples collected from floor of farm	2	Pig	Faeces	RH04	Escherichia	Escherichia coli	117	5	6	1	5754742	50.7	G	RHB27-C22
eclo	SAMN15148625	SRR12298773	SRR11948713	Nanopore	WTP5|T2-00473	GCA_013736615.1	WTP	Wastewater effluent sample	2	WTP5	Effluent	WTP5	Enterobacter	Enterobacter cloacae	41	6	7	1	5052372	55.8	NA	RHBSTW-00473
ecol	SAMN15148210	SRR12298897	SRR11949223	Nanopore	RH12|T2-C03	GCA_013885915.1	Animal	Pooled sheep faecal samples collected from floor of farm	2	Sheep	Faeces	RH12	Escherichia	Escherichia coli	NA	1	2	1	4867116	50.8	B2	RHB23-C03
ecol	SAMN15148365	SRR12299103	SRR11949371	Nanopore	RH07|T3-C09	GCA_014104635.1	Animal	Pooled cattle faecal samples collected from floor of farm	3	Cattle	Faeces	RH07	Escherichia	Escherichia coli	388	0	6	0	4820001	NA	B1	RHB36-C09
koxy	SAMN15148673	SRR12298692	SRR11948905	Nanopore	WTP3|T2-00651	GCA_013733775.1	WTP	Wastewater effluent sample	2	WTP3	Effluent	WTP3	Klebsiella	Klebsiella oxytoca	186	7	8	1	5996058	56	NA	RHBSTW-00651
ecol	SAMN15148275	SRR12298750	SRR11949391	Nanopore	RH11|T3-C04	GCA_014104925.1	Animal	Pooled sheep faecal samples collected from floor of farm	3	Sheep	Faeces	RH11	Escherichia	Escherichia coli	NA	1	13	0	5234911	NA	B2	RHB29-C04
ecol	SAMN15148000	SRR12298436	SRR11948781	PacBio	RH12|T1-C11	GCA_014106155.1	Animal	Pooled sheep faecal samples collected from floor of farm	1	Sheep	Faeces	RH12	Escherichia	Escherichia coli	155	5	19	0	4929239	NA	B1	RHB05-C11
cxxx	SAMN15148773	SRR12298986	SRR11949440	Nanopore	WTP2|T3-01065	GCA_014101165.1	WTP	Wastewater effluent sample	3	WTP2	Effluent	WTP2	Citrobacter	Citrobacter sp.	NA	1	106	0	8833307	NA	NA	RHBSTW-01065
cfre	SAMN15148082	SRR12299009	SRR11948857	PacBio	RH09|T1-C12	GCA_013899405.1	Animal	Pooled cattle faecal samples collected from floor of farm	1	Cattle	Faeces	RH09	Citrobacter	Citrobacter freundii	NA	0	1	1	4889917	52	NA	RHB12-C12
ecol	SAMN15148338	SRR12299157	SRR11949113	Nanopore	RH03|T3-C05	GCA_013823125.1	Animal	Pooled pig faecal samples collected from floor of farm	3	Pig	Faeces	RH03	Escherichia	Escherichia coli	1485	1	2	1	5130151	50.5	F	RHB34-C05
cfre	SAMN15148584	SRR12298866	SRR11949144	PacBio	WTP2|T1-00342	GCA_013751895.1	WTP	Freshwater sample from upstream of wastewater treatment work	1	WTP2	Upstream	WTP2	Citrobacter	Citrobacter freundii	11	1	2	1	5108211	51.9	NA	RHBSTW-00342
ecol	SAMN15148284	SRR12298740	SRR11949039	Nanopore	RH11|T3-C22	GCA_013827205.1	Animal	Pooled sheep faecal samples collected from floor of farm	3	Sheep	Faeces	RH11	Escherichia	Escherichia coli	5966	3	4	1	4977160	50.8	B2	RHB29-C22
koxy	SAMN15148174	SRR12298508	SRR11948969	Nanopore	RH10|T2-C02	GCA_013636415.1	Animal	Pooled cattle faecal samples collected from floor of farm	2	Cattle	Faeces	RH10	Klebsiella	Klebsiella oxytoca	NA	1	2	1	6236062	55.8	NA	RHB20-C02
ecol	SAMN15148087	SRR12299003	SRR11948851	PacBio	RH09|T1-C21	GCA_013899285.1	Animal	Pooled cattle faecal samples collected from floor of farm	1	Cattle	Faeces	RH09	Escherichia	Escherichia coli	1152	1	2	1	4908050	50.6	E	RHB12-C21
cfre	SAMN15148080	SRR12299011	SRR11948859	PacBio	RH09|T1-C05	GCA_013899425.1	Animal	Pooled cattle faecal samples collected from floor of farm	1	Cattle	Faeces	RH09	Citrobacter	Citrobacter freundii	NA	0	1	1	4904767	51.8	NA	RHB12-C05
ecol	SAMN15147949	SRR12298563	SRR11949326	PacBio	RH11|T1-C05	GCA_014106415.1	Animal	Pooled sheep faecal samples collected from floor of farm	1	Sheep	Faeces	RH11	Escherichia	Escherichia coli	446	2	21	0	5287839	NA	B1	RHB01-C05
ecol	SAMN15148238	SRR12298842	SRR11949416	Nanopore	RH08|T2-C12	GCA_013835945.1	Animal	Pooled cattle faecal samples collected from floor of farm	2	Cattle	Faeces	RH08	Escherichia	Escherichia coli	4624	1	2	1	5010730	50.6	D	RHB25-C12
ecol	SAMN15148012	SRR12298828	SRR11948680	Nanopore	RH14|T1-C07	GCA_013900345.1	Animal	Pooled sheep faecal samples collected from floor of farm	1	Sheep	Faeces	RH14	Escherichia	Escherichia coli	6106	0	1	1	5303471	50.5	D	RHB06-C07
ecol	SAMN15148126	SRR12298586	SRR11949073	Nanopore	RH11|T2-C22	GCA_013897915.1	Animal	Pooled sheep faecal samples collected from floor of farm	2	Sheep	Faeces	RH11	Escherichia	Escherichia coli	69	4	5	1	5155110	50.7	D	RHB15-C22
ecol	SAMN15148389	SRR12299028	SRR11948820	Nanopore	RH04|T3-C15	GCA_013812575.1	Animal	Pooled pig faecal samples collected from floor of farm	3	Pig	Faeces	RH04	Escherichia	Escherichia coli	4247	2	3	1	5261786	50.5	E	RHB38-C15
efer	SAMN15148374	SRR12299045	SRR11949361	Nanopore	RH15|T3-C04	GCA_014104625.1	Animal	Pooled sheep faecal samples collected from floor of farm	3	Sheep	Faeces	RH15	Escherichia	Escherichia fergusonii	NA	4	68	0	4661427	NA	fergusonii	RHB37-C04
ecol	SAMN15148294	SRR12298657	SRR11949210	Nanopore	RH02|T3-C10	GCA_013825245.1	Animal	Pooled pig faecal samples collected from floor of farm	3	Pig	Faeces	RH02	Escherichia	Escherichia coli	953	8	9	1	5604443	50.7	A	RHB30-C10
eclo	SAMN15148645	SRR12298724	SRR11948921	Nanopore	WTP1|T2-00516	GCA_013784425.1	WTP	Wastewater influent sample	2	WTP1	Influent	WTP1	Enterobacter	Enterobacter cloacae	NA	0	1	1	4626378	55.8	NA	RHBSTW-00516
ecol	SAMN15148519	SRR12298389	SRR11948798	PacBio	WTP1|T1-00156	GCA_014103905.1	WTP	Wastewater effluent sample	1	WTP1	Effluent	WTP1	Escherichia	Escherichia coli	12	1	19	0	5231884	NA	B2	RHBSTW-00156
ecol	SAMN15148065	SRR12299076	SRR11948994	PacBio	RH15|T1-C20	GCA_013899705.1	Animal	Pooled sheep faecal samples collected from floor of farm	1	Sheep	Faeces	RH15	Escherichia	Escherichia coli	58	0	1	1	5037985	50.7	B1	RHB10-C20
ecol	SAMN15148004	SRR12298392	SRR11948941	Nanopore	RH12|T1-C21	GCA_014106055.1	Animal	Pooled sheep faecal samples collected from floor of farm	1	Sheep	Faeces	RH12	Escherichia	Escherichia coli	155	5	15	0	4938306	NA	B1	RHB05-C21
cfre	SAMN15148130	SRR12298581	SRR11949068	Nanopore	RH02|T2-C02	GCA_013710495.1	Animal	Pooled pig faecal samples collected from floor of farm	2	Pig	Faeces	RH02	Citrobacter	Citrobacter freundii	NA	3	13	1	5228815	51.9	NA	RHB16-C02
ecol	SAMN15148113	SRR12298600	SRR11948657	Nanopore	RH04|T1-C20	GCA_013898955.1	Animal	Pooled pig faecal samples collected from floor of farm	1	Pig	Faeces	RH04	Escherichia	Escherichia coli	NA	3	4	1	4691248	50.7	cladeIII	RHB14-C20
ecol	SAMN15148227	SRR12298854	SRR11948770	Nanopore	RH15|T2-C10	GCA_013837755.1	Animal	Pooled sheep faecal samples collected from floor of farm	2	Sheep	Faeces	RH15	Escherichia	Escherichia coli	1800	6	7	1	5074245	50.8	B1	RHB24-C10
eclo	SAMN15148671	SRR12298694	SRR11948907	Nanopore	WTP3|T2-00642	GCA_013734275.1	WTP	Wastewater effluent sample	2	WTP3	Effluent	WTP3	Enterobacter	Enterobacter cloacae	286	5	6	1	5222466	55	NA	RHBSTW-00642
cfre	SAMN15148221	SRR12298861	SRR11948777	Nanopore	RH15|T2-C03	GCA_013883595.1	Animal	Pooled sheep faecal samples collected from floor of farm	2	Sheep	Faeces	RH15	Citrobacter	Citrobacter freundii	NA	0	1	1	4692130	52.7	NA	RHB24-C03
eclo	SAMN15148473	SRR12298440	SRR11948785	PacBio	WTP5|T1-00074	GCA_014104215.1	WTP	Wastewater influent sample	1	WTP5	Influent	WTP5	Enterobacter	Enterobacter cloacae	277	6	25	0	5584650	NA	NA	RHBSTW-00074
cfre	SAMN15148581	SRR12298869	SRR11949147	Nanopore	WTP2|T1-00334	GCA_013786025.1	WTP	Wastewater effluent sample	1	WTP2	Effluent	WTP2	Citrobacter	Citrobacter freundii	NA	0	1	1	4783420	52.5	NA	RHBSTW-00334
eclo	SAMN15148692	SRR12298671	SRR11949450	Nanopore	WTP4|T3-00763	GCA_014103335.1	WTP	Wastewater effluent sample	3	WTP4	Effluent	WTP4	Enterobacter	Enterobacter cloacae	664	1	118	0	5099490	NA	NA	RHBSTW-00763
cfre	SAMN15148506	SRR12298404	SRR11948803	Nanopore	WTP1|T1-00135	GCA_013791065.1	WTP	Wastewater influent sample	1	WTP1	Influent	WTP1	Citrobacter	Citrobacter freundii	396	2	3	1	5533336	51.8	NA	RHBSTW-00135
eclo	SAMN15148712	SRR12299174	SRR11949274	Nanopore	WTP5|T3-00844	GCA_013731155.1	WTP	Wastewater influent sample	3	WTP5	Influent	WTP5	Enterobacter	Enterobacter cloacae	108	3	4	1	4888880	55.6	NA	RHBSTW-00844
ecol	SAMN15147964	SRR12298596	SRR11948653	PacBio	RH02|T1-C09	GCA_014109085.1	Animal	Pooled pig faecal samples collected from floor of farm	1	Pig	Faeces	RH02	Escherichia	Escherichia coli	10	1	2	1	4953763	50.7	A	RHB02-C09
ecol	SAMN15148161	SRR12298522	SRR11949277	Nanopore	RH13|T2-C23	GCA_013892635.1	Animal	Pooled sheep faecal samples collected from floor of farm	2	Sheep	Faeces	RH13	Escherichia	Escherichia coli	906	4	5	1	5028356	50.8	B1	RHB18-C23
ecol	SAMN15148344	SRR12299151	SRR11948935	Nanopore	RH03|T3-C16	GCA_013817865.1	Animal	Pooled pig faecal samples collected from floor of farm	3	Pig	Faeces	RH03	Escherichia	Escherichia coli	1621	0	1	1	4935063	50.4	E	RHB34-C16
ecol	SAMN15148170	SRR12298512	SRR11948973	Nanopore	RH14|T2-C20	GCA_014105205.1	Animal	Pooled sheep faecal samples collected from floor of farm	2	Sheep	Faeces	RH14	Escherichia	Escherichia coli	NA	3	7	0	4781179	NA	A	RHB19-C20
ecol	SAMN15148194	SRR12298462	SRR11949129	Nanopore	RH06|T2-C11	GCA_013888235.1	Animal	Pooled cattle faecal samples collected from floor of farm	2	Cattle	Faeces	RH06	Escherichia	Escherichia coli	1308	2	3	1	4857110	50.6	B1	RHB21-C11
cfre	SAMN15148340	SRR12299155	SRR11948939	Nanopore	RH03|T3-C11	GCA_014104775.1	Animal	Pooled pig faecal samples collected from floor of farm	3	Pig	Faeces	RH03	Citrobacter	Citrobacter freundii	NA	0	3	0	4638460	NA	NA	RHB34-C11
ecol	SAMN15148176	SRR12298506	SRR11948967	Nanopore	RH10|T2-C04	GCA_013891215.1	Animal	Pooled cattle faecal samples collected from floor of farm	2	Cattle	Faeces	RH10	Escherichia	Escherichia coli	744	1	2	1	4760160	50.8	A	RHB20-C04
exxx	SAMN15148772	SRR12298987	SRR11949441	Nanopore	WTP2|T3-01064	GCA_014103035.1	WTP	Wastewater effluent sample	3	WTP2	Effluent	WTP2	Enterobacter	Enterobacter sp.	NA	0	38	0	5048862	NA	NA	RHBSTW-01064
ecol	SAMN15148430	SRR12298536	SRR11949155	Nanopore	RH01|T3-C22	GCA_013801205.1	Animal	Pooled pig faecal samples collected from floor of farm	3	Pig	Faeces	RH01	Escherichia	Escherichia coli	847	5	6	1	4961847	50.8	B1	RHB41-C22
cxxx	SAMN15148454	SRR12298485	SRR11949320	Nanopore	WTP4|T1-00017	GCA_013797615.1	WTP	Wastewater influent sample	1	WTP4	Influent	WTP4	Citrobacter	Citrobacter sp.	NA	2	3	1	5059614	52.1	NA	RHBSTW-00017
eclo	SAMN15148460	SRR12298454	SRR11949313	PacBio	WTP4|T1-00040	GCA_013629675.1	WTP	Freshwater sample from downstream of wastewater treatment work	1	WTP4	Downstream	WTP4	Enterobacter	Enterobacter cloacae	145	4	5	1	4980105	55	NA	RHBSTW-00040
eclo	SAMN15148464	SRR12298450	SRR11949309	PacBio	WTP4|T1-00056	GCA_013629455.1	WTP	Wastewater effluent sample	1	WTP4	Effluent	WTP4	Enterobacter	Enterobacter cloacae	310	2	3	1	5128754	54.9	NA	RHBSTW-00056
ecol	SAMN15148416	SRR12298552	SRR11948957	Nanopore	RH08|T3-C12	GCA_013927585.1	Animal	Pooled cattle faecal samples collected from floor of farm	3	Cattle	Faeces	RH08	Escherichia	Escherichia coli	10	3	4	0	5254682	NA	A	RHB40-C12
cxxx	SAMN15148641	SRR12298728	SRR11948925	Nanopore	WTP1|T2-00509	GCA_014103475.1	WTP	Wastewater influent sample	2	WTP1	Influent	WTP1	Citrobacter	Citrobacter sp.	NA	6	29	0	5609405	NA	NA	RHBSTW-00509
ecol	SAMN15148390	SRR12299027	SRR11948819	Nanopore	RH04|T3-C17	GCA_014104525.1	Animal	Pooled pig faecal samples collected from floor of farm	3	Pig	Faeces	RH04	Escherichia	Escherichia coli	641	4	28	0	5018293	NA	B1	RHB38-C17
ecol	SAMN15148021	SRR12298677	SRR11949456	PacBio	RH07|T1-C04	GCA_013900245.1	Animal	Pooled cattle faecal samples collected from floor of farm	1	Cattle	Faeces	RH07	Escherichia	Escherichia coli	648	2	3	1	5356005	50.5	F	RHB07-C04
ecol	SAMN15148178	SRR12298479	SRR11948648	Nanopore	RH10|T2-C11	GCA_013890995.1	Animal	Pooled cattle faecal samples collected from floor of farm	2	Cattle	Faeces	RH10	Escherichia	Escherichia coli	5971	1	2	1	5242135	50.6	Unknown	RHB20-C11
eclo	SAMN15148743	SRR12299068	SRR11949352	Nanopore	WTP1|T3-00916	GCA_013726395.1	WTP	Freshwater sample from upstream of wastewater treatment work	3	WTP1	Upstream	WTP1	Enterobacter	Enterobacter cloacae	NA	3	4	1	4849166	55.4	NA	RHBSTW-00916
ecol	SAMN15148248	SRR12298806	SRR11949062	Nanopore	RH09|T2-C12	GCA_013834305.1	Animal	Pooled cattle faecal samples collected from floor of farm	2	Cattle	Faeces	RH09	Escherichia	Escherichia coli	906	2	3	1	5057380	50.8	B1	RHB26-C12
cfre	SAMN15148357	SRR12299111	SRR11949379	Nanopore	RH06|T3-C22	GCA_013816335.1	Animal	Pooled cattle faecal samples collected from floor of farm	3	Cattle	Faeces	RH06	Citrobacter	Citrobacter freundii	NA	0	1	1	5112880	51.6	NA	RHB35-C22
ecol	SAMN15147995	SRR12298540	SRR11949159	PacBio	RH12|T1-C01	GCA_013922565.1	Animal	Pooled sheep faecal samples collected from floor of farm	1	Sheep	Faeces	RH12	Escherichia	Escherichia coli	297	2	3	1	5148794	50.7	B1	RHB05-C01
cfre	SAMN15148518	SRR12298390	SRR11948799	PacBio	WTP1|T1-00153	GCA_013707835.1	WTP	Wastewater effluent sample	1	WTP1	Effluent	WTP1	Citrobacter	Citrobacter freundii	95	5	25	1	5508166	51.9	NA	RHBSTW-00153
ecol	SAMN15148201	SRR12298907	SRR11949121	Nanopore	RH07|T2-C05	GCA_013887055.1	Animal	Pooled cattle faecal samples collected from floor of farm	2	Cattle	Faeces	RH07	Escherichia	Escherichia coli	1665	2	3	1	5085419	50.7	B1	RHB22-C05
efer	SAMN15148313	SRR12298636	SRR11948755	Nanopore	RH13|T3-C05	GCA_013820845.1	Animal	Pooled sheep faecal samples collected from floor of farm	3	Sheep	Faeces	RH13	Escherichia	Escherichia fergusonii	NA	3	4	1	5053207	50	fergusonii	RHB32-C05
ecol	SAMN15148128	SRR12298583	SRR11949070	Nanopore	RH11|T2-C24	GCA_014105435.1	Animal	Pooled sheep faecal samples collected from floor of farm	2	Sheep	Faeces	RH11	Escherichia	Escherichia coli	NA	2	18	0	5253856	NA	B1	RHB15-C24
ecol	SAMN15148327	SRR12298620	SRR11949189	Nanopore	RH14|T3-C08	GCA_013818885.1	Animal	Pooled sheep faecal samples collected from floor of farm	3	Sheep	Faeces	RH14	Escherichia	Escherichia coli	5766	2	3	1	5181984	50.9	A	RHB33-C08
cfre	SAMN15148500	SRR12298410	SRR11948809	Nanopore	WTP1|T1-00126	GCA_013791615.1	WTP	Wastewater influent sample	1	WTP1	Influent	WTP1	Citrobacter	Citrobacter freundii	111	2	3	1	5031117	52	NA	RHBSTW-00126
ecol	SAMN15148008	SRR12298920	SRR11949090	PacBio	RH14|T1-C03	GCA_013921965.1	Animal	Pooled sheep faecal samples collected from floor of farm	1	Sheep	Faeces	RH14	Escherichia	Escherichia coli	2598	7	8	1	5106907	50.8	B1	RHB06-C03
ecol	SAMN15148155	SRR12298553	SRR11949284	Nanopore	RH13|T2-C10	GCA_014105315.1	Animal	Pooled sheep faecal samples collected from floor of farm	2	Sheep	Faeces	RH13	Escherichia	Escherichia coli	5614	1	8	0	4925867	NA	B1	RHB18-C10
ecol	SAMN15148746	SRR12299065	SRR11949349	Nanopore	WTP1|T3-00933	GCA_013725775.1	WTP	Freshwater sample from upstream of wastewater treatment work	3	WTP1	Upstream	WTP1	Escherichia	Escherichia coli	666	1	2	1	4898149	50.8	B1	RHBSTW-00933
ecol	SAMN15148041	SRR12298948	SRR11949426	Nanopore	RH06|T1-C23	GCA_013900045.1	Animal	Pooled cattle faecal samples collected from floor of farm	1	Cattle	Faeces	RH06	Escherichia	Escherichia coli	1510	3	4	1	5197330	50.9	A	RHB08-C23
ecol	SAMN15148211	SRR12298896	SRR11949222	Nanopore	RH12|T2-C04	GCA_013885335.1	Animal	Pooled sheep faecal samples collected from floor of farm	2	Sheep	Faeces	RH12	Escherichia	Escherichia coli	155	3	4	1	4980759	50.7	B1	RHB23-C04
ecol	SAMN15148216	SRR12298891	SRR11949217	Nanopore	RH12|T2-C11	GCA_013884735.1	Animal	Pooled sheep faecal samples collected from floor of farm	2	Sheep	Faeces	RH12	Escherichia	Escherichia coli	603	1	2	1	5012648	50.8	B1	RHB23-C11
kpne	SAMN15148738	SRR12299121	SRR11948715	Nanopore	WTP1|T3-00904	GCA_014103065.1	WTP	Wastewater influent sample	3	WTP1	Influent	WTP1	Klebsiella	Klebsiella pneumoniae	20	8	13	0	5960334	NA	NA	RHBSTW-00904
cfre	SAMN15148674	SRR12298691	SRR11948904	Nanopore	WTP3|T2-00658	GCA_013739375.1	WTP	Wastewater effluent sample	2	WTP3	Effluent	WTP3	Citrobacter	Citrobacter freundii	22	4	5	1	5170324	51.6	NA	RHBSTW-00658
ecol	SAMN15148028	SRR12299052	SRR11949010	PacBio	RH07|T1-C16	GCA_013924705.1	Animal	Pooled cattle faecal samples collected from floor of farm	1	Cattle	Faeces	RH07	Escherichia	Escherichia coli	5082	2	4	0	5306704	NA	B1	RHB07-C16
ecol	SAMN15148214	SRR12298893	SRR11949219	Nanopore	RH12|T2-C07	GCA_013884935.1	Animal	Pooled sheep faecal samples collected from floor of farm	2	Sheep	Faeces	RH12	Escherichia	Escherichia coli	155	3	4	1	4980758	50.7	B1	RHB23-C07
ecol	SAMN15148073	SRR12299019	SRR11948985	PacBio	RH10|T1-C16	GCA_013899605.1	Animal	Pooled cattle faecal samples collected from floor of farm	1	Cattle	Faeces	RH10	Escherichia	Escherichia coli	3891	2	3	1	5095894	50.7	A	RHB11-C16
cxxx	SAMN15148737	SRR12299122	SRR11948716	Nanopore	WTP1|T3-00903	GCA_013727235.1	WTP	Wastewater influent sample	3	WTP1	Influent	WTP1	Citrobacter	Citrobacter sp.	110	4	5	1	5605421	52	NA	RHBSTW-00903
ecol	SAMN15148334	SRR12299162	SRR11949182	Nanopore	RH14|T3-C19	GCA_013823865.1	Animal	Pooled sheep faecal samples collected from floor of farm	3	Sheep	Faeces	RH14	Escherichia	Escherichia coli	442	1	2	1	5080680	50.7	B1	RHB33-C19
efer	SAMN15148384	SRR12299034	SRR11948826	Nanopore	RH04|T3-C04	GCA_013813425.1	Animal	Pooled pig faecal samples collected from floor of farm	3	Pig	Faeces	RH04	Escherichia	Escherichia fergusonii	NA	2	3	1	4622715	50	fergusonii	RHB38-C04
ecol	SAMN15148507	SRR12298402	SRR11948801	Nanopore	WTP1|T1-00136	GCA_014104025.1	WTP	Wastewater influent sample	1	WTP1	Influent	WTP1	Escherichia	Escherichia coli	212	7	10	0	4915525	NA	B1	RHBSTW-00136
ecol	SAMN15148096	SRR12298970	SRR11949106	PacBio	RH03|T1-C09	GCA_013899095.1	Animal	Pooled pig faecal samples collected from floor of farm	1	Pig	Faeces	RH03	Escherichia	Escherichia coli	7651	0	1	1	4773310	50.6	E	RHB13-C09
ecol	SAMN15148163	SRR12298520	SRR11948981	Nanopore	RH14|T2-C06	GCA_014105325.1	Animal	Pooled sheep faecal samples collected from floor of farm	2	Sheep	Faeces	RH14	Escherichia	Escherichia coli	118	2	9	0	5234086	NA	E	RHB19-C06
ecol	SAMN15148179	SRR12298478	SRR11948647	Nanopore	RH10|T2-C13	GCA_013890795.1	Animal	Pooled cattle faecal samples collected from floor of farm	2	Cattle	Faeces	RH10	Escherichia	Escherichia coli	744	1	2	1	4760158	50.8	A	RHB20-C13
cfre	SAMN15148631	SRR12298766	SRR11948706	Nanopore	WTP5|T2-00486	GCA_013748235.1	WTP	Freshwater sample from downstream of wastewater treatment work	2	WTP5	Downstream	WTP5	Citrobacter	Citrobacter freundii	150	3	4	1	5088667	51.7	NA	RHBSTW-00486
cfre	SAMN15148551	SRR12298353	SRR11949096	Nanopore	WTP3|T1-00228	GCA_014103735.1	WTP	Wastewater effluent sample	1	WTP3	Effluent	WTP3	Citrobacter	Citrobacter freundii	166	4	24	0	5595975	NA	NA	RHBSTW-00228
cfre	SAMN15148718	SRR12299143	SRR11949267	Nanopore	WTP5|T3-00858	GCA_013729995.1	WTP	Wastewater influent sample	3	WTP5	Influent	WTP5	Citrobacter	Citrobacter freundii	17	3	4	1	5039179	52	NA	RHBSTW-00858
ecol	SAMN15148329	SRR12299167	SRR11949187	Nanopore	RH14|T3-C11	GCA_013824535.1	Animal	Pooled sheep faecal samples collected from floor of farm	3	Sheep	Faeces	RH14	Escherichia	Escherichia coli	124	3	4	1	5409268	50.8	B1	RHB33-C11
ecol	SAMN15148098	SRR12298967	SRR11949103	Nanopore	RH03|T1-C14	GCA_013602835.1	Animal	Pooled pig faecal samples collected from floor of farm	1	Pig	Faeces	RH03	Escherichia	Escherichia coli	657	10	12	1	5193338	51	G	RHB13-C14
ecol	SAMN15148257	SRR12298796	SRR11949052	Nanopore	RH04|T2-C04	GCA_013832525.1	Animal	Pooled pig faecal samples collected from floor of farm	2	Pig	Faeces	RH04	Escherichia	Escherichia coli	10	2	3	1	4829762	50.7	A	RHB27-C04
eclo	SAMN15148511	SRR12298398	SRR11948947	PacBio	WTP1|T1-00140	GCA_013624605.1	WTP	Wastewater influent sample	1	WTP1	Influent	WTP1	Enterobacter	Enterobacter cloacae	286	2	3	1	5010945	55.1	NA	RHBSTW-00140
cfre	SAMN15148447	SRR12298492	SRR11949017	Nanopore	WTP4|T1-00006	GCA_013798355.1	WTP	Wastewater influent sample	1	WTP4	Influent	WTP4	Citrobacter	Citrobacter freundii	NA	3	4	1	5306701	52.4	NA	RHBSTW-00006
ecol	SAMN15148418	SRR12298549	SRR11948954	Nanopore	RH08|T3-C21	GCA_013803745.1	Animal	Pooled cattle faecal samples collected from floor of farm	3	Cattle	Faeces	RH08	Escherichia	Escherichia coli	NA	1	2	1	4967139	50.8	B2	RHB40-C21
ecol	SAMN15147975	SRR12298855	SRR11948771	Nanopore	RH01|T1-C05	GCA_014109005.1	Animal	Pooled pig faecal samples collected from floor of farm	1	Pig	Faeces	RH01	Escherichia	Escherichia coli	NA	5	6	1	4587166	50.9	A	RHB03-C05
ecol	SAMN15148097	SRR12298968	SRR11949104	PacBio	RH03|T1-C13	GCA_013899115.1	Animal	Pooled pig faecal samples collected from floor of farm	1	Pig	Faeces	RH03	Escherichia	Escherichia coli	295	4	5	1	5082553	50.9	B1	RHB13-C13
efer	SAMN15148325	SRR12298623	SRR11949192	Nanopore	RH14|T3-C04	GCA_013819325.1	Animal	Pooled sheep faecal samples collected from floor of farm	3	Sheep	Faeces	RH14	Escherichia	Escherichia fergusonii	NA	4	5	1	5004593	50	fergusonii	RHB33-C04
ecol	SAMN15148169	SRR12298513	SRR11948974	Nanopore	RH14|T2-C14	GCA_013709935.1	Animal	Pooled sheep faecal samples collected from floor of farm	2	Sheep	Faeces	RH14	Escherichia	Escherichia coli	1228	6	17	1	5111978	50.7	D	RHB19-C14
ecol	SAMN15148706	SRR12298608	SRR11948869	Nanopore	WTP5|T3-00828	GCA_014103155.1	WTP	Freshwater sample from downstream of wastewater treatment work	3	WTP5	Downstream	WTP5	Escherichia	Escherichia coli	191	0	7	0	4764303	NA	A	RHBSTW-00828
ecol	SAMN15148526	SRR12298382	SRR11949177	Nanopore	WTP1|T1-00177	GCA_013790145.1	WTP	Freshwater sample from upstream of wastewater treatment work	1	WTP1	Upstream	WTP1	Escherichia	Escherichia coli	607	5	6	1	5499497	50.9	A	RHBSTW-00177
cfre	SAMN15148588	SRR12298837	SRR11949139	PacBio	WTP2|T1-00350	GCA_013751655.1	WTP	Freshwater sample from downstream of wastewater treatment work	1	WTP2	Downstream	WTP2	Citrobacter	Citrobacter freundii	11	1	2	1	5037194	52.1	NA	RHBSTW-00350
efer	SAMN15148291	SRR12298660	SRR11949031	Nanopore	RH02|T3-C06	GCA_014104895.1	Animal	Pooled pig faecal samples collected from floor of farm	3	Pig	Faeces	RH02	Escherichia	Escherichia fergusonii	NA	1	8	0	4877947	NA	fergusonii	RHB30-C06
ecol	SAMN15148565	SRR12298911	SRR11949081	PacBio	WTP2|T1-00303	GCA_013786165.1	WTP	Wastewater influent sample	1	WTP2	Influent	WTP2	Escherichia	Escherichia coli	549	2	3	1	4874466	50.6	D	RHBSTW-00303
ecol	SAMN15148412	SRR12298604	SRR11948961	Nanopore	RH08|T3-C07	GCA_013804645.1	Animal	Pooled cattle faecal samples collected from floor of farm	3	Cattle	Faeces	RH08	Escherichia	Escherichia coli	NA	1	2	1	4967137	50.8	B2	RHB40-C07
ecol	SAMN15148197	SRR12298458	SRR11949125	Nanopore	RH07|T2-C01	GCA_014105125.1	Animal	Pooled cattle faecal samples collected from floor of farm	2	Cattle	Faeces	RH07	Escherichia	Escherichia coli	58	2	8	0	4984529	NA	B1	RHB22-C01
cfre	SAMN15148277	SRR12298747	SRR11949046	Nanopore	RH11|T3-C07	GCA_013828645.1	Animal	Pooled sheep faecal samples collected from floor of farm	3	Sheep	Faeces	RH11	Citrobacter	Citrobacter freundii	NA	0	1	1	4755731	52.7	NA	RHB29-C07
cfre	SAMN15148085	SRR12299006	SRR11948854	Nanopore	RH09|T1-C19	GCA_013899365.1	Animal	Pooled cattle faecal samples collected from floor of farm	1	Cattle	Faeces	RH09	Citrobacter	Citrobacter freundii	NA	1	2	1	4890346	51.7	NA	RHB12-C19
ecol	SAMN15148195	SRR12298461	SRR11949128	Nanopore	RH06|T2-C12	GCA_013888015.1	Animal	Pooled cattle faecal samples collected from floor of farm	2	Cattle	Faeces	RH06	Escherichia	Escherichia coli	2111	2	3	1	4970033	50.8	B1	RHB21-C12
ecol	SAMN15148295	SRR12298656	SRR11949209	Nanopore	RH02|T3-C16	GCA_013824985.1	Animal	Pooled pig faecal samples collected from floor of farm	3	Pig	Faeces	RH02	Escherichia	Escherichia coli	10	5	6	1	5270383	50.7	A	RHB30-C16
eclo	SAMN15148484	SRR12298428	SRR11949303	PacBio	WTP5|T1-00101	GCA_013708455.1	WTP	Freshwater sample from downstream of wastewater treatment work	1	WTP5	Downstream	WTP5	Enterobacter	Enterobacter cloacae	286	3	8	1	4988781	55.2	NA	RHBSTW-00101
ecol	SAMN15147992	SRR12298939	SRR11948742	PacBio	RH13|T1-C20	GCA_013712565.1	Animal	Pooled sheep faecal samples collected from floor of farm	1	Sheep	Faeces	RH13	Escherichia	Escherichia coli	23	3	10	1	4889651	50.7	C	RHB04-C20
ecol	SAMN15148301	SRR12298649	SRR11949202	Nanopore	RH10|T3-C04	GCA_013822325.1	Animal	Pooled cattle faecal samples collected from floor of farm	3	Cattle	Faeces	RH10	Escherichia	Escherichia coli	1309	2	3	1	4987248	50.8	A	RHB31-C04
ecol	SAMN15148323	SRR12298625	SRR11949194	Nanopore	RH13|T3-C21	GCA_014104795.1	Animal	Pooled sheep faecal samples collected from floor of farm	3	Sheep	Faeces	RH13	Escherichia	Escherichia coli	2028	2	6	0	5006105	NA	B1	RHB32-C21
cfre	SAMN15148355	SRR12299114	SRR11949382	Nanopore	RH06|T3-C18	GCA_013816655.1	Animal	Pooled cattle faecal samples collected from floor of farm	3	Cattle	Faeces	RH06	Citrobacter	Citrobacter freundii	NA	0	1	1	5112878	51.6	NA	RHB35-C18
cfre	SAMN15148428	SRR12298538	SRR11949157	Nanopore	RH01|T3-C16	GCA_013801705.1	Animal	Pooled pig faecal samples collected from floor of farm	3	Pig	Faeces	RH01	Citrobacter	Citrobacter freundii	NA	0	1	1	4861768	52.5	NA	RHB41-C16
cfre	SAMN15147966	SRR12298574	SRR11949337	PacBio	RH02|T1-C11	GCA_014106325.1	Animal	Pooled pig faecal samples collected from floor of farm	1	Pig	Faeces	RH02	Citrobacter	Citrobacter freundii	NA	4	10	0	5430840	NA	NA	RHB02-C11
eclo	SAMN15148534	SRR12298373	SRR11949168	PacBio	WTP1|T1-00198	GCA_013744415.1	WTP	Freshwater sample from downstream of wastewater treatment work	1	WTP1	Downstream	WTP1	Enterobacter	Enterobacter cloacae	NA	3	4	1	4861737	55.5	NA	RHBSTW-00198
cfre	SAMN15148750	SRR12299059	SRR11949343	Nanopore	WTP1|T3-00942	GCA_013725165.1	WTP	Wastewater effluent sample	3	WTP1	Effluent	WTP1	Citrobacter	Citrobacter freundii	167	1	2	1	5609720	51.6	NA	RHBSTW-00942
ecol	SAMN15148270	SRR12298755	SRR11949396	Nanopore	RH01|T2-C14	GCA_013829905.1	Animal	Pooled pig faecal samples collected from floor of farm	2	Pig	Faeces	RH01	Escherichia	Escherichia coli	10	1	2	1	4790502	50.7	A	RHB28-C14
ecol	SAMN15148293	SRR12298658	SRR11949211	Nanopore	RH02|T3-C09	GCA_013825525.1	Animal	Pooled pig faecal samples collected from floor of farm	3	Pig	Faeces	RH02	Escherichia	Escherichia coli	953	8	9	1	5604443	50.7	A	RHB30-C09
eclo	SAMN15148453	SRR12298486	SRR11949321	Nanopore	WTP4|T1-00016	GCA_013635255.1	WTP	Wastewater influent sample	1	WTP4	Influent	WTP4	Enterobacter	Enterobacter cloacae	145	3	4	1	5034201	55.1	NA	RHBSTW-00016
ecol	SAMN15148472	SRR12298441	SRR11948786	PacBio	WTP5|T1-00072	GCA_013796065.1	WTP	Wastewater influent sample	1	WTP5	Influent	WTP5	Escherichia	Escherichia coli	12	1	2	1	5364121	50.5	B2	RHBSTW-00072
ecol	SAMN15148554	SRR12298923	SRR11949093	Nanopore	WTP3|T1-00263	GCA_014103675.1	WTP	Freshwater sample from downstream of wastewater treatment work	1	WTP3	Downstream	WTP3	Escherichia	Escherichia coli	5540	2	8	0	4949832	NA	cladeV	RHBSTW-00263
ecol	SAMN15148370	SRR12299097	SRR11949365	Nanopore	RH07|T3-C20	GCA_013814285.1	Animal	Pooled cattle faecal samples collected from floor of farm	3	Cattle	Faeces	RH07	Escherichia	Escherichia coli	1300	1	2	1	5279677	50.5	E	RHB36-C20
eclo	SAMN15148725	SRR12299136	SRR11948730	Nanopore	WTP5|T3-00872	GCA_013728935.1	WTP	Wastewater effluent sample	3	WTP5	Effluent	WTP5	Enterobacter	Enterobacter cloacae	NA	1	2	1	4987110	55.8	NA	RHBSTW-00872
ecol	SAMN15148020	SRR12298688	SRR11948901	PacBio	RH07|T1-C03	GCA_013900185.1	Animal	Pooled cattle faecal samples collected from floor of farm	1	Cattle	Faeces	RH07	Escherichia	Escherichia coli	13	1	2	1	4983560	50.8	B1	RHB07-C03
koxy	SAMN15148529	SRR12298378	SRR11949173	Nanopore	WTP1|T1-00181	GCA_013624225.1	WTP	Freshwater sample from downstream of wastewater treatment work	1	WTP1	Downstream	WTP1	Klebsiella	Klebsiella oxytoca	NA	5	6	1	6091660	55.9	NA	RHBSTW-00181
ecol	SAMN15148303	SRR12298647	SRR11949200	Nanopore	RH10|T3-C08	GCA_013709615.1	Animal	Pooled cattle faecal samples collected from floor of farm	3	Cattle	Faeces	RH10	Escherichia	Escherichia coli	10	3	10	1	5180438	50.8	A	RHB31-C08
eclo	SAMN15148668	SRR12298697	SRR11948910	Nanopore	WTP3|T2-00630	GCA_014103425.1	WTP	Wastewater influent sample	2	WTP3	Influent	WTP3	Enterobacter	Enterobacter cloacae	486	5	10	0	5074687	NA	NA	RHBSTW-00630
eclo	SAMN15148634	SRR12298736	SRR11948703	Nanopore	WTP5|T2-00490	GCA_013736395.1	WTP	Freshwater sample from downstream of wastewater treatment work	2	WTP5	Downstream	WTP5	Enterobacter	Enterobacter cloacae	286	5	6	1	5298566	55.1	NA	RHBSTW-00490
ecol	SAMN15147981	SRR12298665	SRR11949036	PacBio	RH01|T1-C22	GCA_013713865.1	Animal	Pooled pig faecal samples collected from floor of farm	1	Pig	Faeces	RH01	Escherichia	Escherichia coli	6438	8	17	1	5217082	50.6	A	RHB03-C22
ecol	SAMN15148309	SRR12298640	SRR11948759	Nanopore	RH10|T3-C18	GCA_013821385.1	Animal	Pooled cattle faecal samples collected from floor of farm	3	Cattle	Faeces	RH10	Escherichia	Escherichia coli	3381	1	2	1	5175651	50.7	E	RHB31-C18
ecol	SAMN15148156	SRR12298528	SRR11949283	Nanopore	RH13|T2-C12	GCA_013893255.1	Animal	Pooled sheep faecal samples collected from floor of farm	2	Sheep	Faeces	RH13	Escherichia	Escherichia coli	8853	3	4	1	5292406	50.6	E	RHB18-C12
ecol	SAMN15148532	SRR12298375	SRR11949170	PacBio	WTP1|T1-00187	GCA_013786785.1	WTP	Freshwater sample from downstream of wastewater treatment work	1	WTP1	Downstream	WTP1	Escherichia	Escherichia coli	8418	0	1	1	4763430	50.7	D	RHBSTW-00187
ecol	SAMN15148147	SRR12298561	SRR11949292	Nanopore	RH03|T2-C12	GCA_013894415.1	Animal	Pooled pig faecal samples collected from floor of farm	2	Pig	Faeces	RH03	Escherichia	Escherichia coli	NA	1	2	1	5403934	50.4	D	RHB17-C12
cfre	SAMN15148504	SRR12298406	SRR11948805	PacBio	WTP1|T1-00132	GCA_014104005.1	WTP	Wastewater influent sample	1	WTP1	Influent	WTP1	Citrobacter	Citrobacter freundii	323	1	3	0	5313885	NA	NA	RHBSTW-00132
ecol	SAMN15148279	SRR12298745	SRR11949044	Nanopore	RH11|T3-C09	GCA_013828065.1	Animal	Pooled sheep faecal samples collected from floor of farm	3	Sheep	Faeces	RH11	Escherichia	Escherichia coli	1086	1	2	1	5244474	50.6	B1	RHB29-C09
ecol	SAMN15148415	SRR12298601	SRR11948958	Nanopore	RH08|T3-C11	GCA_013803905.1	Animal	Pooled cattle faecal samples collected from floor of farm	3	Cattle	Faeces	RH08	Escherichia	Escherichia coli	NA	1	2	1	4967139	50.8	B2	RHB40-C11
ecol	SAMN15148034	SRR12298980	SRR11949434	PacBio	RH06|T1-C12	GCA_013900105.1	Animal	Pooled cattle faecal samples collected from floor of farm	1	Cattle	Faeces	RH06	Escherichia	Escherichia coli	1622	0	1	1	4986905	50.8	A	RHB08-C12
ecol	SAMN15148722	SRR12299139	SRR11949263	Nanopore	WTP5|T3-00863	GCA_013729295.1	WTP	Wastewater effluent sample	3	WTP5	Effluent	WTP5	Escherichia	Escherichia coli	206	3	4	1	4946156	50.6	A	RHBSTW-00863
ecol	SAMN15148555	SRR12298922	SRR11949092	PacBio	WTP3|T1-00265	GCA_014103665.1	WTP	Freshwater sample from downstream of wastewater treatment work	1	WTP3	Downstream	WTP3	Escherichia	Escherichia coli	5540	2	9	0	4949888	NA	cladeV	RHBSTW-00265
cxxx	SAMN15148682	SRR12298682	SRR11948633	Nanopore	WTP2|T2-00678	GCA_013738915.1	WTP	Wastewater influent sample	2	WTP2	Influent	WTP2	Citrobacter	Citrobacter sp.	110	4	5	1	5498621	52.1	NA	RHBSTW-00678
efer	SAMN15148225	SRR12298857	SRR11948773	Nanopore	RH15|T2-C08	GCA_013838265.1	Animal	Pooled sheep faecal samples collected from floor of farm	2	Sheep	Faeces	RH15	Escherichia	Escherichia fergusonii	5434	0	1	1	4457616	50.1	fergusonii	RHB24-C08
ecol	SAMN15148010	SRR12298874	SRR11948686	PacBio	RH14|T1-C05	GCA_014042135.1	Animal	Pooled sheep faecal samples collected from floor of farm	1	Sheep	Faeces	RH14	Escherichia	Escherichia coli	NA	6	15	0	5138954	NA	E	RHB06-C05
ecol	SAMN15148006	SRR12298370	SRR11949165	Nanopore	RH12|T1-C24	GCA_013711455.1	Animal	Pooled sheep faecal samples collected from floor of farm	1	Sheep	Faeces	RH12	Escherichia	Escherichia coli	1102	3	8	1	4952314	50.9	A	RHB05-C24
eclo	SAMN15148685	SRR12298679	SRR11948630	Nanopore	WTP2|T2-00695	GCA_013733395.1	WTP	Wastewater effluent sample	2	WTP2	Effluent	WTP2	Enterobacter	Enterobacter cloacae	NA	5	6	1	5009672	55.9	NA	RHBSTW-00695
efer	SAMN15148373	SRR12299046	SRR11949362	Nanopore	RH15|T3-C02	GCA_014104615.1	Animal	Pooled sheep faecal samples collected from floor of farm	3	Sheep	Faeces	RH15	Escherichia	Escherichia fergusonii	NA	4	85	0	4648192	NA	fergusonii	RHB37-C02
ecol	SAMN15148318	SRR12298630	SRR11948749	Nanopore	RH13|T3-C12	GCA_014104835.1	Animal	Pooled sheep faecal samples collected from floor of farm	3	Sheep	Faeces	RH13	Escherichia	Escherichia coli	3494	3	8	0	4984373	NA	B1	RHB32-C12
ecol	SAMN15148599	SRR12298825	SRR11948677	Nanopore	WTP4|T2-00392	GCA_013785665.1	WTP	Wastewater effluent sample	2	WTP4	Effluent	WTP4	Escherichia	Escherichia coli	1086	0	1	1	4844929	50.7	B1	RHBSTW-00392
ecol	SAMN15148726	SRR12299135	SRR11948729	Nanopore	WTP1|T3-00875	GCA_013728735.1	WTP	Freshwater sample from downstream of wastewater treatment work	3	WTP1	Downstream	WTP1	Escherichia	Escherichia coli	38	1	2	1	5466532	50.6	D	RHBSTW-00875
cfre	SAMN15148753	SRR12299056	SRR11949014	Nanopore	WTP3|T3-00965	GCA_013724765.1	WTP	Freshwater sample from upstream of wastewater treatment work	3	WTP3	Upstream	WTP3	Citrobacter	Citrobacter freundii	NA	2	3	1	5512203	51.9	NA	RHBSTW-00965
ecol	SAMN15148171	SRR12298511	SRR11948972	Nanopore	RH14|T2-C21	GCA_013891675.1	Animal	Pooled sheep faecal samples collected from floor of farm	2	Sheep	Faeces	RH14	Escherichia	Escherichia coli	2614	1	2	1	5236786	50.6	E	RHB19-C21
cxxx	SAMN15148180	SRR12298477	SRR11948646	Nanopore	RH10|T2-C15	GCA_013890595.1	Animal	Pooled cattle faecal samples collected from floor of farm	2	Cattle	Faeces	RH10	Citrobacter	Citrobacter sp.	NA	1	2	1	4992648	53.4	NA	RHB20-C15
cfre	SAMN15148717	SRR12299168	SRR11949268	Nanopore	WTP5|T3-00857	GCA_013730455.1	WTP	Wastewater influent sample	3	WTP5	Influent	WTP5	Citrobacter	Citrobacter freundii	17	3	4	1	5039179	52	NA	RHBSTW-00857
ecol	SAMN15148598	SRR12298826	SRR11948678	Nanopore	WTP4|T2-00386	GCA_013750375.1	WTP	Wastewater effluent sample	2	WTP4	Effluent	WTP4	Escherichia	Escherichia coli	88	1	2	1	4832143	50.8	C	RHBSTW-00386
cfre	SAMN15148558	SRR12298918	SRR11949088	PacBio	WTP3|T1-00269	GCA_013706575.1	WTP	Freshwater sample from downstream of wastewater treatment work	1	WTP3	Downstream	WTP3	Citrobacter	Citrobacter freundii	NA	4	8	1	5381910	52.5	NA	RHBSTW-00269
ecol	SAMN15148457	SRR12298481	SRR11949316	PacBio	WTP4|T1-00026	GCA_014104325.1	WTP	Freshwater sample from downstream of wastewater treatment work	1	WTP4	Downstream	WTP4	Escherichia	Escherichia coli	1415	1	8	0	4777978	NA	A	RHBSTW-00026
ecol	SAMN15148164	SRR12298519	SRR11948980	Nanopore	RH14|T2-C07	GCA_014105275.1	Animal	Pooled sheep faecal samples collected from floor of farm	2	Sheep	Faeces	RH14	Escherichia	Escherichia coli	5614	2	13	0	4992359	NA	B1	RHB19-C07
ecol	SAMN15148330	SRR12299166	SRR11949186	Nanopore	RH14|T3-C12	GCA_013824345.1	Animal	Pooled sheep faecal samples collected from floor of farm	3	Sheep	Faeces	RH14	Escherichia	Escherichia coli	10	5	6	1	5237163	50.6	A	RHB33-C12
eclo	SAMN15148486	SRR12298426	SRR11949301	Nanopore	WTP5|T1-00103	GCA_014104115.1	WTP	Freshwater sample from downstream of wastewater treatment work	1	WTP5	Downstream	WTP5	Enterobacter	Enterobacter cloacae	NA	3	12	0	4912652	NA	NA	RHBSTW-00103
ecol	SAMN15148620	SRR12298778	SRR11949248	Nanopore	WTP5|T2-00457	GCA_013748665.1	WTP	Wastewater effluent sample	2	WTP5	Effluent	WTP5	Escherichia	Escherichia coli	131	2	3	1	5396095	50.6	B2	RHBSTW-00457
cfre	SAMN15148543	SRR12298363	SRR11948890	PacBio	WTP3|T1-00214	GCA_013786565.1	WTP	Wastewater influent sample	1	WTP3	Influent	WTP3	Citrobacter	Citrobacter freundii	22	1	2	1	5353392	51.7	NA	RHBSTW-00214
ecol	SAMN15147958	SRR12299085	SRR11948837	Nanopore	RH11|T1-C23	GCA_014109285.1	Animal	Pooled sheep faecal samples collected from floor of farm	1	Sheep	Faeces	RH11	Escherichia	Escherichia coli	446	2	3	1	5303897	50.6	B1	RHB01-C23
ecol	SAMN15148348	SRR12299145	SRR11948929	Nanopore	RH06|T3-C01	GCA_013817315.1	Animal	Pooled cattle faecal samples collected from floor of farm	3	Cattle	Faeces	RH06	Escherichia	Escherichia coli	69	1	2	1	5046414	50.6	D	RHB35-C01
cxxx	SAMN15148501	SRR12298409	SRR11948808	PacBio	WTP1|T1-00127	GCA_013791465.1	WTP	Wastewater influent sample	1	WTP1	Influent	WTP1	Citrobacter	Citrobacter sp.	NA	4	5	1	5391037	52	NA	RHBSTW-00127
ecol	SAMN15148626	SRR12298772	SRR11948712	Nanopore	WTP5|T2-00474	GCA_014101155.1	WTP	Freshwater sample from upstream of wastewater treatment work	2	WTP5	Upstream	WTP5	Escherichia	Escherichia coli	NA	3	391	0	6193089	NA	B1	RHBSTW-00474
ecol	SAMN15148285	SRR12298739	SRR11949038	Nanopore	RH11|T3-C23	GCA_013826725.1	Animal	Pooled sheep faecal samples collected from floor of farm	3	Sheep	Faeces	RH11	Escherichia	Escherichia coli	1086	1	2	1	5244478	50.6	B1	RHB29-C23
kpne	SAMN15148385	SRR12299033	SRR11948825	Nanopore	RH04|T3-C06	GCA_013813035.1	Animal	Pooled pig faecal samples collected from floor of farm	3	Pig	Faeces	RH04	Klebsiella	Klebsiella pneumoniae	661	1	2	1	5371452	57.5	NA	RHB38-C06
koxy	SAMN15148741	SRR12299070	SRR11949354	Nanopore	WTP1|T3-00909	GCA_013732655.1	WTP	Wastewater influent sample	3	WTP1	Influent	WTP1	Klebsiella	Klebsiella oxytoca	127	8	9	1	6609426	55.6	NA	RHBSTW-00909
ecol	SAMN15148200	SRR12298908	SRR11949122	Nanopore	RH07|T2-C04	GCA_013887315.1	Animal	Pooled cattle faecal samples collected from floor of farm	2	Cattle	Faeces	RH07	Escherichia	Escherichia coli	1300	1	2	1	5279271	50.5	E	RHB22-C04
eclo	SAMN15148690	SRR12298673	SRR11949452	Nanopore	WTP4|T3-00735	GCA_014103355.1	WTP	Freshwater sample from downstream of wastewater treatment work	3	WTP4	Downstream	WTP4	Enterobacter	Enterobacter cloacae	664	1	65	0	4901949	NA	NA	RHBSTW-00735
ecol	SAMN15148264	SRR12298762	SRR11949403	Nanopore	RH04|T2-C21	GCA_013831005.1	Animal	Pooled pig faecal samples collected from floor of farm	2	Pig	Faeces	RH04	Escherichia	Escherichia coli	93	5	6	1	5205747	50.7	A	RHB27-C21
ecol	SAMN15148222	SRR12298860	SRR11948776	Nanopore	RH15|T2-C04	GCA_013883175.1	Animal	Pooled sheep faecal samples collected from floor of farm	2	Sheep	Faeces	RH15	Escherichia	Escherichia coli	5966	1	2	1	5235059	50.9	B2	RHB24-C04
ecol	SAMN15148023	SRR12298607	SRR11948868	PacBio	RH07|T1-C06	GCA_013900225.1	Animal	Pooled cattle faecal samples collected from floor of farm	1	Cattle	Faeces	RH07	Escherichia	Escherichia coli	201	1	2	1	4948974	50.8	B1	RHB07-C06
ecol	SAMN15148528	SRR12298379	SRR11949174	Nanopore	WTP1|T1-00180	GCA_013789905.1	WTP	Freshwater sample from upstream of wastewater treatment work	1	WTP1	Upstream	WTP1	Escherichia	Escherichia coli	44	7	8	1	5090659	50.8	A	RHBSTW-00180
koxy	SAMN15148619	SRR12298779	SRR11949249	Nanopore	WTP5|T2-00452	GCA_013737205.1	WTP	Wastewater influent sample	2	WTP5	Influent	WTP5	Klebsiella	Klebsiella oxytoca	215	9	10	1	6758354	56	NA	RHBSTW-00452
ecol	SAMN15147988	SRR12299112	SRR11949380	PacBio	RH13|T1-C10	GCA_013713325.1	Animal	Pooled sheep faecal samples collected from floor of farm	1	Sheep	Faeces	RH13	Escherichia	Escherichia coli	23	3	10	1	4889762	50.7	C	RHB04-C10
ecol	SAMN15148198	SRR12298457	SRR11949124	Nanopore	RH07|T2-C02	GCA_013887475.1	Animal	Pooled cattle faecal samples collected from floor of farm	2	Cattle	Faeces	RH07	Escherichia	Escherichia coli	1508	4	5	1	5271491	50.5	E	RHB22-C02
cfre	SAMN15148086	SRR12299005	SRR11948853	Nanopore	RH09|T1-C20	GCA_013899325.1	Animal	Pooled cattle faecal samples collected from floor of farm	1	Cattle	Faeces	RH09	Citrobacter	Citrobacter freundii	NA	0	1	1	5359677	51.7	NA	RHB12-C20
ecol	SAMN15148380	SRR12299038	SRR11948830	Nanopore	RH15|T3-C16	GCA_013813895.1	Animal	Pooled sheep faecal samples collected from floor of farm	3	Sheep	Faeces	RH15	Escherichia	Escherichia coli	124	3	4	1	5188054	50.8	B1	RHB37-C16
ecol	SAMN15148014	SRR12298782	SRR11949252	PacBio	RH14|T1-C10	GCA_014106035.1	Animal	Pooled sheep faecal samples collected from floor of farm	1	Sheep	Faeces	RH14	Escherichia	Escherichia coli	609	1	3	0	4579973	NA	A	RHB06-C10
ecol	SAMN15147947	SRR12298765	SRR11949064	PacBio	RH11|T1-C02	GCA_014106475.1	Animal	Pooled sheep faecal samples collected from floor of farm	1	Sheep	Faeces	RH11	Escherichia	Escherichia coli	446	2	25	0	5290494	NA	B1	RHB01-C02
ecol	SAMN15148255	SRR12298799	SRR11949055	Nanopore	RH04|T2-C01	GCA_013832965.1	Animal	Pooled pig faecal samples collected from floor of farm	2	Pig	Faeces	RH04	Escherichia	Escherichia coli	10	2	3	1	4870991	50.7	A	RHB27-C01
ecol	SAMN15148402	SRR12298933	SRR11948736	Nanopore	RH09|T3-C18	GCA_013806725.1	Animal	Pooled cattle faecal samples collected from floor of farm	3	Cattle	Faeces	RH09	Escherichia	Escherichia coli	10	1	2	1	4766932	50.9	A	RHB39-C18
ecol	SAMN15147998	SRR12298482	SRR11949317	PacBio	RH12|T1-C09	GCA_014106195.1	Animal	Pooled sheep faecal samples collected from floor of farm	1	Sheep	Faeces	RH12	Escherichia	Escherichia coli	297	2	14	0	5148126	NA	B1	RHB05-C09
kpne	SAMN15148466	SRR12298448	SRR11948793	PacBio	WTP5|T1-00062	GCA_013796485.1	WTP	Wastewater influent sample	1	WTP5	Influent	WTP5	Klebsiella	Klebsiella pneumoniae	111	4	5	1	5566305	57.3	NA	RHBSTW-00062
efer	SAMN15148372	SRR12299047	SRR11949363	Nanopore	RH15|T3-C01	GCA_014042145.1	Animal	Pooled sheep faecal samples collected from floor of farm	3	Sheep	Faeces	RH15	Escherichia	Escherichia fergusonii	NA	4	72	0	4663708	NA	fergusonii	RHB37-C01
cxxx	SAMN15148649	SRR12298718	SRR11948915	Nanopore	WTP1|T2-00535	GCA_013747275.1	WTP	Wastewater effluent sample	2	WTP1	Effluent	WTP1	Citrobacter	Citrobacter sp.	NA	2	3	1	5205027	52.1	NA	RHBSTW-00535
ecol	SAMN15148497	SRR12298413	SRR11948812	PacBio	WTP1|T1-00122	GCA_013791815.1	WTP	Wastewater influent sample	1	WTP1	Influent	WTP1	Escherichia	Escherichia coli	1431	3	4	1	4885884	50.9	B1	RHBSTW-00122
ecol	SAMN15148258	SRR12298795	SRR11949051	Nanopore	RH04|T2-C06	GCA_013831785.1	Animal	Pooled pig faecal samples collected from floor of farm	2	Pig	Faeces	RH04	Escherichia	Escherichia coli	10	2	3	1	4861510	50.7	A	RHB27-C06
ecol	SAMN15148435	SRR12298531	SRR11949150	Nanopore	RH12|T3-C09	GCA_013636045.1	Animal	Pooled sheep faecal samples collected from floor of farm	3	Sheep	Faeces	RH12	Escherichia	Escherichia coli	125	1	2	1	4637518	50.4	cladeV	RHB42-C09
ecol	SAMN15148142	SRR12298568	SRR11949331	Nanopore	RH03|T2-C02	GCA_013895455.1	Animal	Pooled pig faecal samples collected from floor of farm	2	Pig	Faeces	RH03	Escherichia	Escherichia coli	3858	3	4	1	5065382	50.8	B1	RHB17-C02
ecol	SAMN15148182	SRR12298475	SRR11948644	Nanopore	RH10|T2-C17	GCA_013890055.1	Animal	Pooled cattle faecal samples collected from floor of farm	2	Cattle	Faeces	RH10	Escherichia	Escherichia coli	1997	3	4	1	5055355	50.9	A	RHB20-C17
ecol	SAMN15148302	SRR12298648	SRR11949201	Nanopore	RH10|T3-C07	GCA_013822225.1	Animal	Pooled cattle faecal samples collected from floor of farm	3	Cattle	Faeces	RH10	Escherichia	Escherichia coli	1309	2	3	1	4980473	50.8	A	RHB31-C07
cxxx	SAMN15148616	SRR12298783	SRR11949253	Nanopore	WTP5|T2-00446	GCA_013737455.1	WTP	Wastewater influent sample	2	WTP5	Influent	WTP5	Citrobacter	Citrobacter sp.	NA	6	7	1	5582599	52.2	NA	RHBSTW-00446
ecol	SAMN15148075	SRR12299017	SRR11948983	PacBio	RH10|T1-C23	GCA_013899545.1	Animal	Pooled cattle faecal samples collected from floor of farm	1	Cattle	Faeces	RH10	Escherichia	Escherichia coli	8852	2	3	1	5335435	50.7	E	RHB11-C23
exxx	SAMN15148123	SRR12298589	SRR11949076	Nanopore	RH11|T2-C17	GCA_013898335.1	Animal	Pooled sheep faecal samples collected from floor of farm	2	Sheep	Faeces	RH11	Enterobacter	Enterobacter sp.	NA	1	2	1	4684154	55.2	NA	RHB15-C17
ecol	SAMN15148047	SRR12299095	SRR11948847	Nanopore	RH08|T1-C15	GCA_013900005.1	Animal	Pooled cattle faecal samples collected from floor of farm	1	Cattle	Faeces	RH08	Escherichia	Escherichia coli	58	3	4	1	5204110	50.9	B1	RHB09-C15
eclo	SAMN15148601	SRR12298823	SRR11948675	Nanopore	WTP4|T2-00399	GCA_013750175.1	WTP	Wastewater effluent sample	2	WTP4	Effluent	WTP4	Enterobacter	Enterobacter cloacae	681	3	4	1	5265283	55.5	NA	RHBSTW-00399
eclo	SAMN15148542	SRR12298364	SRR11948891	PacBio	WTP3|T1-00211	GCA_013707135.1	WTP	Wastewater influent sample	1	WTP3	Influent	WTP3	Enterobacter	Enterobacter cloacae	108	1	10	1	4851593	55.5	NA	RHBSTW-00211
ecol	SAMN15147952	SRR12298494	SRR11949019	Nanopore	RH11|T1-C08	GCA_014109685.1	Animal	Pooled sheep faecal samples collected from floor of farm	1	Sheep	Faeces	RH11	Escherichia	Escherichia coli	446	2	3	1	5292863	50.6	B1	RHB01-C08
cxxx	SAMN15148678	SRR12298686	SRR11948899	Nanopore	WTP2|T2-00671	GCA_014103415.1	WTP	Wastewater influent sample	2	WTP2	Influent	WTP2	Citrobacter	Citrobacter sp.	NA	4	10	0	5629017	NA	NA	RHBSTW-00671
ecol	SAMN15147980	SRR12298748	SRR11949389	Nanopore	RH01|T1-C16	GCA_014108965.1	Animal	Pooled pig faecal samples collected from floor of farm	1	Pig	Faeces	RH01	Escherichia	Escherichia coli	542	3	4	1	4658109	50.9	A	RHB03-C16
ecol	SAMN15148589	SRR12298836	SRR11949138	PacBio	WTP2|T1-00353	GCA_013706285.1	WTP	Freshwater sample from downstream of wastewater treatment work	1	WTP2	Downstream	WTP2	Escherichia	Escherichia coli	543	6	10	1	5411062	50.6	E	RHBSTW-00353
kpne	SAMN15148764	SRR12298996	SRR11949002	Nanopore	WTP3|T3-00995	GCA_013782105.1	WTP	Freshwater sample from downstream of wastewater treatment work	3	WTP3	Downstream	WTP3	Klebsiella	Klebsiella pneumoniae	NA	7	8	1	5599686	57.5	NA	RHBSTW-00995
ecol	SAMN15148057	SRR12299084	SRR11948836	PacBio	RH15|T1-C07	GCA_013899805.1	Animal	Pooled sheep faecal samples collected from floor of farm	1	Sheep	Faeces	RH15	Escherichia	Escherichia coli	58	0	1	1	5037976	50.7	B1	RHB10-C07
ecol	SAMN15148137	SRR12298573	SRR11949336	Nanopore	RH02|T2-C13	GCA_013896515.1	Animal	Pooled pig faecal samples collected from floor of farm	2	Pig	Faeces	RH02	Escherichia	Escherichia coli	42	6	7	1	6035998	50.6	D	RHB16-C13
ecol	SAMN15148124	SRR12298588	SRR11949075	Nanopore	RH11|T2-C18	GCA_013898135.1	Animal	Pooled sheep faecal samples collected from floor of farm	2	Sheep	Faeces	RH11	Escherichia	Escherichia coli	8185	3	4	1	5075334	50.7	B1	RHB15-C18
ecol	SAMN15148371	SRR12299096	SRR11949364	Nanopore	RH07|T3-C21	GCA_014104645.1	Animal	Pooled cattle faecal samples collected from floor of farm	3	Cattle	Faeces	RH07	Escherichia	Escherichia coli	2313	1	77	0	4828865	NA	B1	RHB36-C21
cfre	SAMN15148638	SRR12298731	SRR11948928	Nanopore	WTP1|T2-00502	GCA_013784645.1	WTP	Wastewater influent sample	2	WTP1	Influent	WTP1	Citrobacter	Citrobacter freundii	19	1	2	1	5000117	51.8	NA	RHBSTW-00502
ecol	SAMN15148425	SRR12298542	SRR11949161	Nanopore	RH01|T3-C12	GCA_014104445.1	Animal	Pooled pig faecal samples collected from floor of farm	3	Pig	Faeces	RH01	Escherichia	Escherichia coli	898	0	8	0	4749797	NA	A	RHB41-C12
ecol	SAMN15148159	SRR12298524	SRR11949279	Nanopore	RH13|T2-C18	GCA_013893055.1	Animal	Pooled sheep faecal samples collected from floor of farm	2	Sheep	Faeces	RH13	Escherichia	Escherichia coli	155	3	4	1	5032524	50.8	B1	RHB18-C18
eclo	SAMN15148579	SRR12298871	SRR11948683	PacBio	WTP2|T1-00332	GCA_014101335.1	WTP	Wastewater effluent sample	1	WTP2	Effluent	WTP2	Enterobacter	Enterobacter cloacae	NA	2	5	0	5080720	NA	NA	RHBSTW-00332
ecol	SAMN15147974	SRR12298890	SRR11949216	PacBio	RH01|T1-C04	GCA_014109025.1	Animal	Pooled pig faecal samples collected from floor of farm	1	Pig	Faeces	RH01	Escherichia	Escherichia coli	NA	4	5	1	4586389	50.9	A	RHB03-C04
cfre	SAMN15148747	SRR12299062	SRR11949346	Nanopore	WTP1|T3-00935	GCA_013725595.1	WTP	Wastewater effluent sample	3	WTP1	Effluent	WTP1	Citrobacter	Citrobacter freundii	NA	3	4	1	5492846	51.6	NA	RHBSTW-00935
ecol	SAMN15148175	SRR12298507	SRR11948968	Nanopore	RH10|T2-C03	GCA_014105175.1	Animal	Pooled cattle faecal samples collected from floor of farm	2	Cattle	Faeces	RH10	Escherichia	Escherichia coli	10	2	42	0	5378815	NA	A	RHB20-C03
ecol	SAMN15148233	SRR12298848	SRR11948764	Nanopore	RH08|T2-C01	GCA_014105035.1	Animal	Pooled cattle faecal samples collected from floor of farm	2	Cattle	Faeces	RH08	Escherichia	Escherichia coli	NA	3	7	0	5084292	NA	E	RHB25-C01
ecol	SAMN15147973	SRR12298901	SRR11949227	PacBio	RH01|T1-C03	GCA_013714145.1	Animal	Pooled pig faecal samples collected from floor of farm	1	Pig	Faeces	RH01	Escherichia	Escherichia coli	NA	5	8	1	4553124	50.9	A	RHB03-C03
kxxx	SAMN15148621	SRR12298777	SRR11949247	Nanopore	WTP5|T2-00464	GCA_013736875.1	WTP	Wastewater effluent sample	2	WTP5	Effluent	WTP5	Klebsiella	Klebsiella sp.	NA	8	9	1	6938795	53.1	NA	RHBSTW-00464
koxy	SAMN15148463	SRR12298451	SRR11949310	PacBio	WTP4|T1-00054	GCA_013590775.1	WTP	Wastewater effluent sample	1	WTP4	Effluent	WTP4	Klebsiella	Klebsiella oxytoca	215	4	6	1	6525608	55.6	NA	RHBSTW-00054
ecol	SAMN15148752	SRR12299057	SRR11949341	Nanopore	WTP1|T3-00946	GCA_014103085.1	WTP	Wastewater effluent sample	3	WTP1	Effluent	WTP1	Escherichia	Escherichia coli	73	2	80	0	5024603	NA	B2	RHBSTW-00946
ecol	SAMN15148474	SRR12298439	SRR11948784	Nanopore	WTP5|T1-00081	GCA_013795795.1	WTP	Wastewater effluent sample	1	WTP5	Effluent	WTP5	Escherichia	Escherichia coli	131	2	3	1	5410868	50.6	B2	RHBSTW-00081
exxx	SAMN15148756	SRR12299053	SRR11949011	Nanopore	WTP3|T3-00974	GCA_014101175.1	WTP	Wastewater influent sample	3	WTP3	Influent	WTP3	Enterobacter	Enterobacter sp.	20	3	15	0	5183554	NA	NA	RHBSTW-00974
ecol	SAMN15148305	SRR12298645	SRR11949198	Nanopore	RH10|T3-C14	GCA_013821965.1	Animal	Pooled cattle faecal samples collected from floor of farm	3	Cattle	Faeces	RH10	Escherichia	Escherichia coli	34	3	4	1	4914446	50.9	A	RHB31-C14
ecol	SAMN15148141	SRR12298569	SRR11949332	Nanopore	RH03|T2-C01	GCA_013895855.1	Animal	Pooled pig faecal samples collected from floor of farm	2	Pig	Faeces	RH03	Escherichia	Escherichia coli	208	4	5	1	4745491	51	A	RHB17-C01
ecol	SAMN15148381	SRR12299037	SRR11948829	Nanopore	RH15|T3-C20	GCA_013813735.1	Animal	Pooled sheep faecal samples collected from floor of farm	3	Sheep	Faeces	RH15	Escherichia	Escherichia coli	124	2	3	1	5183506	50.8	B1	RHB37-C20
koxy	SAMN15148521	SRR12298387	SRR11948796	Nanopore	WTP1|T1-00165	GCA_013707575.1	WTP	Freshwater sample from upstream of wastewater treatment work	1	WTP1	Upstream	WTP1	Klebsiella	Klebsiella oxytoca	184	8	41	1	6464700	55.7	NA	RHBSTW-00165
koxy	SAMN15148522	SRR12298386	SRR11948795	PacBio	WTP1|T1-00167	GCA_013624375.1	WTP	Freshwater sample from upstream of wastewater treatment work	1	WTP1	Upstream	WTP1	Klebsiella	Klebsiella oxytoca	NA	9	10	1	6544295	55.7	NA	RHBSTW-00167
ecol	SAMN15148077	SRR12299014	SRR11948862	PacBio	RH09|T1-C01	GCA_013899485.1	Animal	Pooled cattle faecal samples collected from floor of farm	1	Cattle	Faeces	RH09	Escherichia	Escherichia coli	58	1	2	1	4931961	50.8	B1	RHB12-C01
exxx	SAMN15148735	SRR12299125	SRR11948719	Nanopore	WTP1|T3-00901	GCA_014103115.1	WTP	Wastewater influent sample	3	WTP1	Influent	WTP1	Enterobacter	Enterobacter sp.	NA	3	5	0	4938129	NA	NA	RHBSTW-00901
koxy	SAMN15148490	SRR12298421	SRR11949296	Nanopore	WTP5|T1-00109	GCA_014104095.1	WTP	Freshwater sample from downstream of wastewater treatment work	1	WTP5	Downstream	WTP5	Klebsiella	Klebsiella oxytoca	135	1	16	0	6337540	NA	NA	RHBSTW-00109
kpne	SAMN15148398	SRR12298937	SRR11948740	Nanopore	RH09|T3-C09	GCA_013811845.1	Animal	Pooled cattle faecal samples collected from floor of farm	3	Cattle	Faeces	RH09	Klebsiella	Klebsiella pneumoniae	NA	2	3	1	5443520	57.2	NA	RHB39-C09
ecol	SAMN15148167	SRR12298515	SRR11948976	Nanopore	RH14|T2-C12	GCA_014105215.1	Animal	Pooled sheep faecal samples collected from floor of farm	2	Sheep	Faeces	RH14	Escherichia	Escherichia coli	NA	4	17	0	4899287	NA	A	RHB19-C12
ecol	SAMN15148306	SRR12298644	SRR11949197	Nanopore	RH10|T3-C15	GCA_013821835.1	Animal	Pooled cattle faecal samples collected from floor of farm	3	Cattle	Faeces	RH10	Escherichia	Escherichia coli	NA	2	3	1	4778184	50.9	A	RHB31-C15
kpne	SAMN15148492	SRR12298419	SRR11949294	PacBio	WTP5|T1-00113	GCA_013792545.1	WTP	Freshwater sample from downstream of wastewater treatment work	1	WTP5	Downstream	WTP5	Klebsiella	Klebsiella pneumoniae	34	6	7	1	5543771	57.5	NA	RHBSTW-00113
ecol	SAMN15148569	SRR12298882	SRR11948694	Nanopore	WTP2|T1-00312	GCA_013786125.1	WTP	Wastewater influent sample	1	WTP2	Influent	WTP2	Escherichia	Escherichia coli	38	1	2	1	5043409	50.6	D	RHBSTW-00312
kaer	SAMN15148748	SRR12299061	SRR11949345	Nanopore	WTP1|T3-00938	GCA_013925105.1	WTP	Wastewater effluent sample	3	WTP1	Effluent	WTP1	Klebsiella	Klebsiella aerogenes	141	1	2	0	5783221	NA	NA	RHBSTW-00938
kpne	SAMN15148724	SRR12299137	SRR11949261	Nanopore	WTP5|T3-00867	GCA_013729075.1	WTP	Wastewater effluent sample	3	WTP5	Effluent	WTP5	Klebsiella	Klebsiella pneumoniae	17	2	3	1	5495884	57.6	NA	RHBSTW-00867
efer	SAMN15148432	SRR12298534	SRR11949153	Nanopore	RH12|T3-C01	GCA_013800985.1	Animal	Pooled sheep faecal samples collected from floor of farm	3	Sheep	Faeces	RH12	Escherichia	Escherichia fergusonii	NA	3	4	1	4719138	50	fergusonii	RHB42-C01
ecol	SAMN15148560	SRR12298916	SRR11949086	PacBio	WTP3|T1-00277	GCA_014103615.1	WTP	Freshwater sample from downstream of wastewater treatment work	1	WTP3	Downstream	WTP3	Escherichia	Escherichia coli	131	1	8	0	5227680	NA	B2	RHBSTW-00277
cxxx	SAMN15148767	SRR12298992	SRR11949446	Nanopore	WTP3|T3-01013	GCA_013781985.1	WTP	Wastewater effluent sample	3	WTP3	Effluent	WTP3	Citrobacter	Citrobacter sp.	NA	4	5	1	5490700	52	NA	RHBSTW-01013
ecol	SAMN15148455	SRR12298484	SRR11949319	Nanopore	WTP4|T1-00019	GCA_014104345.1	WTP	Wastewater influent sample	1	WTP4	Influent	WTP4	Escherichia	Escherichia coli	131	3	12	0	5088675	NA	B2	RHBSTW-00019
cxxx	SAMN15148185	SRR12298472	SRR11948641	Nanopore	RH06|T2-C01	GCA_013889875.1	Animal	Pooled cattle faecal samples collected from floor of farm	2	Cattle	Faeces	RH06	Citrobacter	Citrobacter sp.	NA	0	1	1	4652001	54.8	NA	RHB21-C01
ecol	SAMN15147957	SRR12298763	SRR11948848	PacBio	RH11|T1-C21	GCA_014109385.1	Animal	Pooled sheep faecal samples collected from floor of farm	1	Sheep	Faeces	RH11	Escherichia	Escherichia coli	1665	3	4	1	4998943	50.7	B1	RHB01-C21
ecol	SAMN15148250	SRR12298804	SRR11949060	Nanopore	RH09|T2-C18	GCA_013833805.1	Animal	Pooled cattle faecal samples collected from floor of farm	2	Cattle	Faeces	RH09	Escherichia	Escherichia coli	645	2	3	1	5267240	50.6	Unknown	RHB26-C18
ecol	SAMN15148230	SRR12298851	SRR11948767	Nanopore	RH15|T2-C17	GCA_014105055.1	Animal	Pooled sheep faecal samples collected from floor of farm	2	Sheep	Faeces	RH15	Escherichia	Escherichia coli	5966	2	11	0	5301313	NA	B2	RHB24-C17
efer	SAMN15148320	SRR12298628	SRR11948747	Nanopore	RH13|T3-C16	GCA_013820225.1	Animal	Pooled sheep faecal samples collected from floor of farm	3	Sheep	Faeces	RH13	Escherichia	Escherichia fergusonii	NA	4	5	1	4802523	49.9	fergusonii	RHB32-C16
ecol	SAMN15148364	SRR12299104	SRR11949372	Nanopore	RH07|T3-C07	GCA_013815235.1	Animal	Pooled cattle faecal samples collected from floor of farm	3	Cattle	Faeces	RH07	Escherichia	Escherichia coli	394	2	3	1	5249862	50.5	D	RHB36-C07
efer	SAMN15148066	SRR12299075	SRR11948993	PacBio	RH15|T1-C23	GCA_013899685.1	Animal	Pooled sheep faecal samples collected from floor of farm	1	Sheep	Faeces	RH15	Escherichia	Escherichia fergusonii	NA	3	4	1	4718001	50	fergusonii	RHB10-C23
ecol	SAMN15148438	SRR12298503	SRR11949028	Nanopore	RH12|T3-C16	GCA_013799665.1	Animal	Pooled sheep faecal samples collected from floor of farm	3	Sheep	Faeces	RH12	Escherichia	Escherichia coli	162	2	3	1	4873187	50.8	B1	RHB42-C16
ecol	SAMN15148062	SRR12299079	SRR11948997	PacBio	RH15|T1-C17	GCA_013899745.1	Animal	Pooled sheep faecal samples collected from floor of farm	1	Sheep	Faeces	RH15	Escherichia	Escherichia coli	58	0	1	1	5037981	50.7	B1	RHB10-C17
ecol	SAMN15148539	SRR12298367	SRR11948894	PacBio	WTP3|T1-00205	GCA_014103845.1	WTP	Wastewater influent sample	1	WTP3	Influent	WTP3	Escherichia	Escherichia coli	616	1	6	0	4958057	NA	B1	RHBSTW-00205
efer	SAMN15147978	SRR12298797	SRR11949053	PacBio	RH01|T1-C11	GCA_014106295.1	Animal	Pooled pig faecal samples collected from floor of farm	1	Pig	Faeces	RH01	Escherichia	Escherichia fergusonii	NA	6	20	0	4911975	NA	fergusonii	RHB03-C11
kpne	SAMN15148642	SRR12298727	SRR11948924	Nanopore	WTP1|T2-00510	GCA_013736155.1	WTP	Wastewater influent sample	2	WTP1	Influent	WTP1	Klebsiella	Klebsiella pneumoniae	20	8	9	1	5990576	57.4	NA	RHBSTW-00510
ecol	SAMN15148252	SRR12298802	SRR11949058	Nanopore	RH09|T2-C21	GCA_013833345.1	Animal	Pooled cattle faecal samples collected from floor of farm	2	Cattle	Faeces	RH09	Escherichia	Escherichia coli	8852	2	3	1	5407336	50.6	E	RHB26-C21
ecol	SAMN15148067	SRR12299073	SRR11948991	PacBio	RH10|T1-C04	GCA_013899665.1	Animal	Pooled cattle faecal samples collected from floor of farm	1	Cattle	Faeces	RH10	Escherichia	Escherichia coli	3858	2	3	1	5003596	50.8	B1	RHB11-C04
ecol	SAMN15148206	SRR12298902	SRR11949228	Nanopore	RH07|T2-C17	GCA_013886795.1	Animal	Pooled cattle faecal samples collected from floor of farm	2	Cattle	Faeces	RH07	Escherichia	Escherichia coli	1665	2	3	1	5086699	50.7	B1	RHB22-C17
ecol	SAMN15148030	SRR12298984	SRR11949438	Nanopore	RH07|T1-C22	GCA_013900125.1	Animal	Pooled cattle faecal samples collected from floor of farm	1	Cattle	Faeces	RH07	Escherichia	Escherichia coli	5082	2	3	1	5306884	50.7	B1	RHB07-C22
ecol	SAMN15148566	SRR12298910	SRR11948698	Nanopore	WTP2|T1-00304	GCA_013742835.1	WTP	Wastewater influent sample	1	WTP2	Influent	WTP2	Escherichia	Escherichia coli	635	6	7	1	5238254	50.7	A	RHBSTW-00304
ecol	SAMN15148150	SRR12298558	SRR11949289	Nanopore	RH03|T2-C18	GCA_013893695.1	Animal	Pooled pig faecal samples collected from floor of farm	2	Pig	Faeces	RH03	Escherichia	Escherichia coli	2175	1	2	1	4825634	50.8	B1	RHB17-C18
ecol	SAMN15148114	SRR12298599	SRR11948656	Nanopore	RH04|T1-C21	GCA_013898915.1	Animal	Pooled pig faecal samples collected from floor of farm	1	Pig	Faeces	RH04	Escherichia	Escherichia coli	10	1	2	1	4947188	50.6	A	RHB14-C21
efer	SAMN15148224	SRR12298858	SRR11948774	Nanopore	RH15|T2-C06	GCA_013838465.1	Animal	Pooled sheep faecal samples collected from floor of farm	2	Sheep	Faeces	RH15	Escherichia	Escherichia fergusonii	5434	0	1	1	4457616	50.1	fergusonii	RHB24-C06
ecol	SAMN15148332	SRR12299164	SRR11949184	Nanopore	RH14|T3-C16	GCA_014104805.1	Animal	Pooled sheep faecal samples collected from floor of farm	3	Sheep	Faeces	RH14	Escherichia	Escherichia coli	446	1	5	0	5061985	NA	B1	RHB33-C16
efer	SAMN15148304	SRR12298646	SRR11949199	Nanopore	RH10|T3-C13	GCA_013822105.1	Animal	Pooled cattle faecal samples collected from floor of farm	3	Cattle	Faeces	RH10	Escherichia	Escherichia fergusonii	5636	0	1	1	4582934	50	fergusonii	RHB31-C13
ecol	SAMN15148068	SRR12299072	SRR11948990	PacBio	RH10|T1-C05	GCA_014105735.1	Animal	Pooled cattle faecal samples collected from floor of farm	1	Cattle	Faeces	RH10	Escherichia	Escherichia coli	206	3	133	0	5557698	NA	A	RHB11-C05
ecol	SAMN15148125	SRR12298587	SRR11949074	Nanopore	RH11|T2-C19	GCA_013928605.1	Animal	Pooled sheep faecal samples collected from floor of farm	2	Sheep	Faeces	RH11	Escherichia	Escherichia coli	1623	5	6	0	5376988	NA	B1	RHB15-C19
ecol	SAMN15148367	SRR12299100	SRR11949368	Nanopore	RH07|T3-C13	GCA_013899555.1	Animal	Pooled cattle faecal samples collected from floor of farm	3	Cattle	Faeces	RH07	Escherichia	Escherichia coli	164	2	22	1	4906009	50.8	B1	RHB36-C13
ecol	SAMN15148017	SRR12298721	SRR11948918	Nanopore	RH14|T1-C19	GCA_013900285.1	Animal	Pooled sheep faecal samples collected from floor of farm	1	Sheep	Faeces	RH14	Escherichia	Escherichia coli	154	3	4	1	5067450	50.7	B1	RHB06-C19
ecol	SAMN15148655	SRR12298712	SRR11949241	Nanopore	WTP1|T2-00573	GCA_013746875.1	WTP	Freshwater sample from downstream of wastewater treatment work	2	WTP1	Downstream	WTP1	Escherichia	Escherichia coli	5295	2	3	1	5149622	50.9	A	RHBSTW-00573
ecol	SAMN15148234	SRR12298847	SRR11948763	Nanopore	RH08|T2-C02	GCA_013836945.1	Animal	Pooled cattle faecal samples collected from floor of farm	2	Cattle	Faeces	RH08	Escherichia	Escherichia coli	1485	0	1	1	5173634	50.4	F	RHB25-C02
ecol	SAMN15148448	SRR12298491	SRR11949016	PacBio	WTP4|T1-00009	GCA_014104415.1	WTP	Wastewater influent sample	1	WTP4	Influent	WTP4	Escherichia	Escherichia coli	569	0	14	0	4630910	NA	B1	RHBSTW-00009
ecol	SAMN15148019	SRR12298699	SRR11948912	PacBio	RH07|T1-C02	GCA_014106015.1	Animal	Pooled cattle faecal samples collected from floor of farm	1	Cattle	Faeces	RH07	Escherichia	Escherichia coli	906	3	27	0	5073062	NA	B1	RHB07-C02
ecol	SAMN15147984	SRR12298632	SRR11948751	PacBio	RH13|T1-C01	GCA_013996575.1	Animal	Pooled sheep faecal samples collected from floor of farm	1	Sheep	Faeces	RH13	Escherichia	Escherichia coli	118	1	2	1	5253473	50.6	E	RHB04-C01
ecol	SAMN15147979	SRR12298759	SRR11949400	PacBio	RH01|T1-C12	GCA_013996855.1	Animal	Pooled pig faecal samples collected from floor of farm	1	Pig	Faeces	RH01	Escherichia	Escherichia coli	1121	4	5	1	4796301	50.7	A	RHB03-C12
eclo	SAMN15148676	SRR12298689	SRR11948902	Nanopore	WTP2|T2-00668	GCA_013739595.1	WTP	Wastewater influent sample	2	WTP2	Influent	WTP2	Enterobacter	Enterobacter cloacae	NA	4	5	1	5117671	55.1	NA	RHBSTW-00668
ecol	SAMN15148300	SRR12298650	SRR11949203	Nanopore	RH10|T3-C02	GCA_013822435.1	Animal	Pooled cattle faecal samples collected from floor of farm	3	Cattle	Faeces	RH10	Escherichia	Escherichia coli	58	2	3	1	5097457	50.8	B1	RHB31-C02
kpne	SAMN15148557	SRR12298919	SRR11949089	PacBio	WTP3|T1-00268	GCA_013706815.1	WTP	Freshwater sample from downstream of wastewater treatment work	1	WTP3	Downstream	WTP3	Klebsiella	Klebsiella pneumoniae	NA	7	27	1	5640343	58.2	NA	RHBSTW-00268
cxxx	SAMN15148578	SRR12298872	SRR11948684	PacBio	WTP2|T1-00325	GCA_014103585.1	WTP	Wastewater effluent sample	1	WTP2	Effluent	WTP2	Citrobacter	Citrobacter sp.	110	2	24	0	5511023	NA	NA	RHBSTW-00325
ecol	SAMN15147959	SRR12299074	SRR11948992	PacBio	RH02|T1-C01	GCA_014106375.1	Animal	Pooled pig faecal samples collected from floor of farm	1	Pig	Faeces	RH02	Escherichia	Escherichia coli	10	1	10	0	4953509	NA	A	RHB02-C01
cxxx	SAMN15148702	SRR12298612	SRR11948873	Nanopore	WTP5|T3-00821	GCA_013732395.1	WTP	Freshwater sample from downstream of wastewater treatment work	3	WTP5	Downstream	WTP5	Citrobacter	Citrobacter sp.	NA	7	8	1	5580368	52.2	NA	RHBSTW-00821
ecol	SAMN15148033	SRR12298981	SRR11949435	PacBio	RH06|T1-C09	GCA_013900145.1	Animal	Pooled cattle faecal samples collected from floor of farm	1	Cattle	Faeces	RH06	Escherichia	Escherichia coli	164	1	2	1	4959132	50.8	B1	RHB08-C09
ecol	SAMN15148249	SRR12298805	SRR11949061	Nanopore	RH09|T2-C15	GCA_013833985.1	Animal	Pooled cattle faecal samples collected from floor of farm	2	Cattle	Faeces	RH09	Escherichia	Escherichia coli	1001	1	2	1	4811603	50.8	B1	RHB26-C15
koxy	SAMN15148459	SRR12298455	SRR11949314	Nanopore	WTP4|T1-00039	GCA_013635015.1	WTP	Freshwater sample from downstream of wastewater treatment work	1	WTP4	Downstream	WTP4	Klebsiella	Klebsiella oxytoca	215	6	7	1	6400152	55.9	NA	RHBSTW-00039
koxy	SAMN15148637	SRR12298732	SRR11948699	Nanopore	WTP5|T2-00494	GCA_013926505.1	WTP	Freshwater sample from downstream of wastewater treatment work	2	WTP5	Downstream	WTP5	Klebsiella	Klebsiella oxytoca	168	3	4	0	6267775	NA	NA	RHBSTW-00494
ecol	SAMN15148108	SRR12298956	SRR11948662	PacBio	RH04|T1-C09	GCA_014105535.1	Animal	Pooled pig faecal samples collected from floor of farm	1	Pig	Faeces	RH04	Escherichia	Escherichia coli	10	1	8	0	4922466	NA	A	RHB14-C09
ecol	SAMN15148662	SRR12298704	SRR11949233	Nanopore	WTP3|T2-00604	GCA_014103465.1	WTP	Freshwater sample from downstream of wastewater treatment work	2	WTP3	Downstream	WTP3	Escherichia	Escherichia coli	5566	1	120	0	5035494	NA	cladeV	RHBSTW-00604
efer	SAMN15148032	SRR12298982	SRR11949436	PacBio	RH06|T1-C04	GCA_014105935.1	Animal	Pooled cattle faecal samples collected from floor of farm	1	Cattle	Faeces	RH06	Escherichia	Escherichia fergusonii	NA	2	16	0	4918058	NA	fergusonii	RHB08-C04
ecol	SAMN15148188	SRR12298468	SRR11948637	Nanopore	RH06|T2-C04	GCA_013889395.1	Animal	Pooled cattle faecal samples collected from floor of farm	2	Cattle	Faeces	RH06	Escherichia	Escherichia coli	NA	2	3	1	5032181	50.7	B2	RHB21-C04
ecol	SAMN15148272	SRR12298753	SRR11949394	Nanopore	RH01|T2-C19	GCA_013829445.1	Animal	Pooled pig faecal samples collected from floor of farm	2	Pig	Faeces	RH01	Escherichia	Escherichia coli	206	2	3	1	4939449	50.7	A	RHB28-C19
ecol	SAMN15147961	SRR12299004	SRR11948852	PacBio	RH02|T1-C03	GCA_014106355.1	Animal	Pooled pig faecal samples collected from floor of farm	1	Pig	Faeces	RH02	Escherichia	Escherichia coli	10	1	4	0	4953735	NA	A	RHB02-C03
ecol	SAMN15148749	SRR12299060	SRR11949344	Nanopore	WTP1|T3-00941	GCA_013725375.1	WTP	Wastewater effluent sample	3	WTP1	Effluent	WTP1	Escherichia	Escherichia coli	1861	0	1	1	4818203	50.6	B2	RHBSTW-00941
cxxx	SAMN15148462	SRR12298452	SRR11949311	PacBio	WTP4|T1-00053	GCA_013796805.1	WTP	Wastewater effluent sample	1	WTP4	Effluent	WTP4	Citrobacter	Citrobacter sp.	110	5	6	1	5494336	52.1	NA	RHBSTW-00053
efer	SAMN15147969	SRR12298516	SRR11948977	PacBio	RH02|T1-C18	GCA_013714535.1	Animal	Pooled pig faecal samples collected from floor of farm	1	Pig	Faeces	RH02	Escherichia	Escherichia fergusonii	NA	4	11	1	4950865	50.1	fergusonii	RHB02-C18
ecol	SAMN15147994	SRR12298551	SRR11948956	Nanopore	RH13|T1-C22	GCA_013922265.1	Animal	Pooled sheep faecal samples collected from floor of farm	1	Sheep	Faeces	RH13	Escherichia	Escherichia coli	1640	1	2	1	5044934	50.7	E	RHB04-C22
ecol	SAMN15148106	SRR12298959	SRR11948665	PacBio	RH04|T1-C06	GCA_014105515.1	Animal	Pooled pig faecal samples collected from floor of farm	1	Pig	Faeces	RH04	Escherichia	Escherichia coli	410	5	10	0	5368736	NA	C	RHB14-C06
kpne	SAMN15148467	SRR12298446	SRR11948791	Nanopore	WTP5|T1-00065	GCA_014104305.1	WTP	Wastewater influent sample	1	WTP5	Influent	WTP5	Klebsiella	Klebsiella pneumoniae	111	4	8	0	5572401	NA	NA	RHBSTW-00065
ecol	SAMN15148421	SRR12298546	SRR11948951	Nanopore	RH01|T3-C03	GCA_013803045.1	Animal	Pooled pig faecal samples collected from floor of farm	3	Pig	Faeces	RH01	Escherichia	Escherichia coli	NA	4	5	1	4585615	50.9	A	RHB41-C03
ecol	SAMN15148027	SRR12299063	SRR11949347	Nanopore	RH07|T1-C14	GCA_013900205.1	Animal	Pooled cattle faecal samples collected from floor of farm	1	Cattle	Faeces	RH07	Escherichia	Escherichia coli	58	2	3	1	5251437	50.8	B1	RHB07-C14
ecol	SAMN15148003	SRR12298403	SRR11948802	PacBio	RH12|T1-C18	GCA_014106095.1	Animal	Pooled sheep faecal samples collected from floor of farm	1	Sheep	Faeces	RH12	Escherichia	Escherichia coli	155	6	18	0	5046868	NA	B1	RHB05-C18
ecol	SAMN15148550	SRR12298354	SRR11948881	PacBio	WTP3|T1-00223	GCA_014103755.1	WTP	Wastewater effluent sample	1	WTP3	Effluent	WTP3	Escherichia	Escherichia coli	491	0	4	0	4780249	NA	B2	RHBSTW-00223
ecol	SAMN15148296	SRR12298655	SRR11949208	Nanopore	RH02|T3-C17	GCA_013824825.1	Animal	Pooled pig faecal samples collected from floor of farm	3	Pig	Faeces	RH02	Escherichia	Escherichia coli	10	5	6	1	5270861	50.7	A	RHB30-C17
ecol	SAMN15148129	SRR12298582	SRR11949069	Nanopore	RH02|T2-C01	GCA_014105405.1	Animal	Pooled pig faecal samples collected from floor of farm	2	Pig	Faeces	RH02	Escherichia	Escherichia coli	NA	5	30	0	5473054	NA	E or cladeI	RHB16-C01
ecol	SAMN15148219	SRR12298887	SRR11949213	Nanopore	RH12|T2-C24	GCA_013884015.1	Animal	Pooled sheep faecal samples collected from floor of farm	2	Sheep	Faeces	RH12	Escherichia	Escherichia coli	155	3	4	1	4980757	50.7	B1	RHB23-C24
ecol	SAMN15147986	SRR12299159	SRR11949115	Nanopore	RH13|T1-C06	GCA_013922765.1	Animal	Pooled sheep faecal samples collected from floor of farm	1	Sheep	Faeces	RH13	Escherichia	Escherichia coli	906	3	4	1	5088447	50.8	B1	RHB04-C06
cfre	SAMN15148520	SRR12298388	SRR11948797	PacBio	WTP1|T1-00162	GCA_013790265.1	WTP	Freshwater sample from upstream of wastewater treatment work	1	WTP1	Upstream	WTP1	Citrobacter	Citrobacter freundii	150	0	1	1	5066655	51.8	NA	RHBSTW-00162
ecol	SAMN15148239	SRR12298841	SRR11949415	Nanopore	RH08|T2-C13	GCA_013835785.1	Animal	Pooled cattle faecal samples collected from floor of farm	2	Cattle	Faeces	RH08	Escherichia	Escherichia coli	154	3	4	1	5063962	50.5	B1	RHB25-C13
ecol	SAMN15148204	SRR12298904	SRR11949118	Nanopore	RH07|T2-C09	GCA_013886595.1	Animal	Pooled cattle faecal samples collected from floor of farm	2	Cattle	Faeces	RH07	Escherichia	Escherichia coli	58	2	3	1	4984611	50.8	B1	RHB22-C09
koxy	SAMN15148533	SRR12298374	SRR11949169	PacBio	WTP1|T1-00189	GCA_014103875.1	WTP	Freshwater sample from downstream of wastewater treatment work	1	WTP1	Downstream	WTP1	Klebsiella	Klebsiella oxytoca	NA	5	29	0	6298000	NA	NA	RHBSTW-00189
ecol	SAMN15148663	SRR12298703	SRR11949232	Nanopore	WTP3|T2-00605	GCA_013746655.1	WTP	Freshwater sample from downstream of wastewater treatment work	2	WTP3	Downstream	WTP3	Escherichia	Escherichia coli	5566	3	4	1	5094503	50.4	cladeV	RHBSTW-00605
ecol	SAMN15148243	SRR12298813	SRR11949411	Nanopore	RH08|T2-C23	GCA_013834965.1	Animal	Pooled cattle faecal samples collected from floor of farm	2	Cattle	Faeces	RH08	Escherichia	Escherichia coli	4175	2	3	1	5161482	50.5	E	RHB25-C23
eclo	SAMN15148745	SRR12299066	SRR11949350	Nanopore	WTP1|T3-00925	GCA_013725995.1	WTP	Freshwater sample from upstream of wastewater treatment work	3	WTP1	Upstream	WTP1	Enterobacter	Enterobacter cloacae	1059	2	3	1	4990295	55.9	NA	RHBSTW-00925
cfre	SAMN15148131	SRR12298580	SRR11949067	Nanopore	RH02|T2-C04	GCA_014105425.1	Animal	Pooled pig faecal samples collected from floor of farm	2	Pig	Faeces	RH02	Citrobacter	Citrobacter freundii	NA	4	7	0	5216612	NA	NA	RHB16-C04
ecol	SAMN15148042	SRR12298947	SRR11949425	Nanopore	RH06|T1-C24	GCA_013900025.1	Animal	Pooled cattle faecal samples collected from floor of farm	1	Cattle	Faeces	RH06	Escherichia	Escherichia coli	1300	1	2	1	5279002	50.5	E	RHB08-C24
ecol	SAMN15148134	SRR12298577	SRR11949340	Nanopore	RH02|T2-C08	GCA_013897255.1	Animal	Pooled pig faecal samples collected from floor of farm	2	Pig	Faeces	RH02	Escherichia	Escherichia coli	42	7	8	1	6126753	50.6	D	RHB16-C08
ecol	SAMN15148396	SRR12298940	SRR11948743	Nanopore	RH09|T3-C03	GCA_013812015.1	Animal	Pooled cattle faecal samples collected from floor of farm	3	Cattle	Faeces	RH09	Escherichia	Escherichia coli	10	2	3	1	4820587	50.7	A	RHB39-C03
efer	SAMN15148427	SRR12298539	SRR11949158	Nanopore	RH01|T3-C15	GCA_013801845.1	Animal	Pooled pig faecal samples collected from floor of farm	3	Pig	Faeces	RH01	Escherichia	Escherichia fergusonii	NA	5	6	1	4909259	49.9	fergusonii	RHB41-C15
ecol	SAMN15148081	SRR12299010	SRR11948858	PacBio	RH09|T1-C09	GCA_013710995.1	Animal	Pooled cattle faecal samples collected from floor of farm	1	Cattle	Faeces	RH09	Escherichia	Escherichia coli	5971	2	14	1	5283514	50.6	Unknown	RHB12-C09
ecol	SAMN15147987	SRR12299147	SRR11948931	Nanopore	RH13|T1-C08	GCA_014108945.1	Animal	Pooled sheep faecal samples collected from floor of farm	1	Sheep	Faeces	RH13	Escherichia	Escherichia coli	1326	4	5	1	5068128	50.9	B1	RHB04-C08
ecol	SAMN15148410	SRR12298606	SRR11948963	Nanopore	RH08|T3-C05	GCA_013805285.1	Animal	Pooled cattle faecal samples collected from floor of farm	3	Cattle	Faeces	RH08	Escherichia	Escherichia coli	NA	1	2	1	4967132	50.8	B2	RHB40-C05
ecol	SAMN15148347	SRR12299146	SRR11948930	Nanopore	RH03|T3-C24	GCA_013817505.1	Animal	Pooled pig faecal samples collected from floor of farm	3	Pig	Faeces	RH03	Escherichia	Escherichia coli	3947	0	1	1	4371583	50.5	F	RHB34-C24
ecol	SAMN15148665	SRR12298701	SRR11949230	Nanopore	WTP3|T2-00622	GCA_013704445.1	WTP	Wastewater influent sample	2	WTP3	Influent	WTP3	Escherichia	Escherichia coli	200	4	19	1	5442477	50.8	B1	RHBSTW-00622
ecol	SAMN15148157	SRR12298526	SRR11949281	Nanopore	RH13|T2-C16	GCA_014105295.1	Animal	Pooled sheep faecal samples collected from floor of farm	2	Sheep	Faeces	RH13	Escherichia	Escherichia coli	1723	3	10	0	5144760	NA	B1	RHB18-C16
ecol	SAMN15148187	SRR12298469	SRR11948638	Nanopore	RH06|T2-C03	GCA_013889215.1	Animal	Pooled cattle faecal samples collected from floor of farm	2	Cattle	Faeces	RH06	Escherichia	Escherichia coli	645	1	2	1	5180229	50.6	Unknown	RHB21-C03
cxxx	SAMN15148354	SRR12299115	SRR11949383	Nanopore	RH06|T3-C17	GCA_013816795.1	Animal	Pooled cattle faecal samples collected from floor of farm	3	Cattle	Faeces	RH06	Citrobacter	Citrobacter sp.	NA	1	2	1	4828684	53.4	NA	RHB35-C17
koxy	SAMN15148669	SRR12298696	SRR11948909	Nanopore	WTP3|T2-00634	GCA_013734595.1	WTP	Wastewater influent sample	2	WTP3	Influent	WTP3	Klebsiella	Klebsiella oxytoca	NA	8	9	1	6717197	55.6	NA	RHBSTW-00634
ecol	SAMN15148031	SRR12298983	SRR11949437	PacBio	RH06|T1-C02	GCA_014105955.1	Animal	Pooled cattle faecal samples collected from floor of farm	1	Cattle	Faeces	RH06	Escherichia	Escherichia coli	3381	2	6	0	5212656	NA	E	RHB08-C02
ecol	SAMN15148193	SRR12298463	SRR11949130	Nanopore	RH06|T2-C10	GCA_014105115.1	Animal	Pooled cattle faecal samples collected from floor of farm	2	Cattle	Faeces	RH06	Escherichia	Escherichia coli	1300	2	23	0	5294808	NA	E	RHB21-C10
ecol	SAMN15148107	SRR12298957	SRR11948663	PacBio	RH04|T1-C07	GCA_013899015.1	Animal	Pooled pig faecal samples collected from floor of farm	1	Pig	Faeces	RH04	Escherichia	Escherichia coli	5876	2	3	1	5211535	50.5	E	RHB14-C07
eclo	SAMN15148650	SRR12298717	SRR11948914	Nanopore	WTP1|T2-00542	GCA_013740195.1	WTP	Freshwater sample from upstream of wastewater treatment work	2	WTP1	Upstream	WTP1	Enterobacter	Enterobacter cloacae	24	4	5	1	5178360	55.7	NA	RHBSTW-00542
ecol	SAMN15148394	SRR12298942	SRR11948745	Nanopore	RH04|T3-C24	GCA_013812225.1	Animal	Pooled pig faecal samples collected from floor of farm	3	Pig	Faeces	RH04	Escherichia	Escherichia coli	953	9	10	1	5629238	50.7	A	RHB38-C24
ecol	SAMN15148345	SRR12299150	SRR11948934	Nanopore	RH03|T3-C18	GCA_013817645.1	Animal	Pooled pig faecal samples collected from floor of farm	3	Pig	Faeces	RH03	Escherichia	Escherichia coli	746	2	3	1	4945400	50.7	A	RHB34-C18
ecol	SAMN15148538	SRR12298368	SRR11948895	Nanopore	WTP3|T1-00204	GCA_013744185.1	WTP	Wastewater influent sample	1	WTP3	Influent	WTP3	Escherichia	Escherichia coli	2795	6	7	1	4895065	50.5	A	RHBSTW-00204
ecol	SAMN15148183	SRR12298474	SRR11948643	Nanopore	RH10|T2-C18	GCA_013890395.1	Animal	Pooled cattle faecal samples collected from floor of farm	2	Cattle	Faeces	RH10	Escherichia	Escherichia coli	58	4	5	1	5304461	50.7	B1	RHB20-C18
kpne	SAMN15148699	SRR12298615	SRR11948876	Nanopore	WTP4|T3-00807	GCA_013745295.1	WTP	Wastewater influent sample	3	WTP4	Influent	WTP4	Klebsiella	Klebsiella pneumoniae	1777	3	4	1	5284119	57.6	NA	RHBSTW-00807
ecol	SAMN15148022	SRR12298618	SRR11948879	Nanopore	RH07|T1-C05	GCA_014105995.1	Animal	Pooled cattle faecal samples collected from floor of farm	1	Cattle	Faeces	RH07	Escherichia	Escherichia coli	5082	2	92	0	5277255	NA	B1	RHB07-C05
cfre	SAMN15148595	SRR12298830	SRR11948682	Nanopore	WTP4|T2-00370	GCA_013741395.1	WTP	Wastewater influent sample	2	WTP4	Influent	WTP4	Citrobacter	Citrobacter freundii	185	4	5	1	5635065	51.8	NA	RHBSTW-00370
ecol	SAMN15148479	SRR12298433	SRR11949308	PacBio	WTP5|T1-00087	GCA_013795285.1	WTP	Wastewater effluent sample	1	WTP5	Effluent	WTP5	Escherichia	Escherichia coli	95	2	3	1	5228110	50.6	B2	RHBSTW-00087
ecol	SAMN15148382	SRR12299036	SRR11948828	Nanopore	RH15|T3-C22	GCA_013813585.1	Animal	Pooled sheep faecal samples collected from floor of farm	3	Sheep	Faeces	RH15	Escherichia	Escherichia coli	58	2	3	1	5140381	50.9	B1	RHB37-C22
efer	SAMN15148315	SRR12298634	SRR11948753	Nanopore	RH13|T3-C07	GCA_014104845.1	Animal	Pooled sheep faecal samples collected from floor of farm	3	Sheep	Faeces	RH13	Escherichia	Escherichia fergusonii	NA	1	60	0	4777206	NA	fergusonii	RHB32-C07
eclo	SAMN15148766	SRR12298994	SRR11949000	Nanopore	WTP3|T3-01009	GCA_013782005.1	WTP	Wastewater effluent sample	3	WTP3	Effluent	WTP3	Enterobacter	Enterobacter cloacae	807	2	3	1	4660122	55.5	NA	RHBSTW-01009
ecol	SAMN15147954	SRR12298722	SRR11948919	Nanopore	RH11|T1-C17	GCA_014109625.1	Animal	Pooled sheep faecal samples collected from floor of farm	1	Sheep	Faeces	RH11	Escherichia	Escherichia coli	446	2	3	1	5292626	50.6	B1	RHB01-C17
ecol	SAMN15148401	SRR12298934	SRR11948737	Nanopore	RH09|T3-C17	GCA_013806925.1	Animal	Pooled cattle faecal samples collected from floor of farm	3	Cattle	Faeces	RH09	Escherichia	Escherichia coli	1508	4	5	1	5239732	50.4	E	RHB39-C17
eclo	SAMN15148514	SRR12298395	SRR11948944	PacBio	WTP1|T1-00144	GCA_013927185.1	WTP	Wastewater effluent sample	1	WTP1	Effluent	WTP1	Enterobacter	Enterobacter cloacae	486	1	2	0	5012207	NA	NA	RHBSTW-00144
ecol	SAMN15148202	SRR12298906	SRR11949120	Nanopore	RH07|T2-C06	GCA_013886835.1	Animal	Pooled cattle faecal samples collected from floor of farm	2	Cattle	Faeces	RH07	Escherichia	Escherichia coli	101	1	2	1	4861221	50.6	B1	RHB22-C06
ecol	SAMN15148015	SRR12298771	SRR11948711	PacBio	RH14|T1-C11	GCA_013900325.1	Animal	Pooled sheep faecal samples collected from floor of farm	1	Sheep	Faeces	RH14	Escherichia	Escherichia coli	154	2	3	1	5058063	50.7	B1	RHB06-C11
cxxx	SAMN15148489	SRR12298422	SRR11949297	Nanopore	WTP5|T1-00107	GCA_013794885.1	WTP	Freshwater sample from downstream of wastewater treatment work	1	WTP5	Downstream	WTP5	Citrobacter	Citrobacter sp.	NA	3	4	1	5374500	52.2	NA	RHBSTW-00107
ecol	SAMN15148051	SRR12299091	SRR11948843	PacBio	RH08|T1-C21	GCA_014105815.1	Animal	Pooled cattle faecal samples collected from floor of farm	1	Cattle	Faeces	RH08	Escherichia	Escherichia coli	3476	2	7	0	5119013	NA	A	RHB09-C21
ecol	SAMN15148573	SRR12298878	SRR11948690	Nanopore	WTP2|T1-00317	GCA_013742135.1	WTP	Wastewater influent sample	1	WTP2	Influent	WTP2	Escherichia	Escherichia coli	200	4	5	1	5483946	50.8	B1	RHBSTW-00317
ecol	SAMN15148281	SRR12298743	SRR11949042	Nanopore	RH11|T3-C15	GCA_013827905.1	Animal	Pooled sheep faecal samples collected from floor of farm	3	Sheep	Faeces	RH11	Escherichia	Escherichia coli	57	0	1	1	4892459	50.5	E	RHB29-C15
ecol	SAMN15148241	SRR12298839	SRR11949413	Nanopore	RH08|T2-C19	GCA_013835405.1	Animal	Pooled cattle faecal samples collected from floor of farm	2	Cattle	Faeces	RH08	Escherichia	Escherichia coli	1621	2	3	1	5171610	50.5	E	RHB25-C19
ecol	SAMN15147965	SRR12298585	SRR11949072	PacBio	RH02|T1-C10	GCA_013923405.1	Animal	Pooled pig faecal samples collected from floor of farm	1	Pig	Faeces	RH02	Escherichia	Escherichia coli	10	1	2	1	4951893	50.7	A	RHB02-C10
cfre	SAMN15148109	SRR12298955	SRR11948661	PacBio	RH04|T1-C12	GCA_013899035.1	Animal	Pooled pig faecal samples collected from floor of farm	1	Pig	Faeces	RH04	Citrobacter	Citrobacter freundii	NA	1	2	1	5234754	51.7	NA	RHB14-C12
exxx	SAMN15148524	SRR12298384	SRR11949179	PacBio	WTP1|T1-00175	GCA_013927005.1	WTP	Freshwater sample from upstream of wastewater treatment work	1	WTP1	Upstream	WTP1	Enterobacter	Enterobacter sp.	NA	3	4	0	5574046	NA	NA	RHBSTW-00175
eclo	SAMN15148545	SRR12298361	SRR11948888	Nanopore	WTP3|T1-00216	GCA_013743935.1	WTP	Wastewater influent sample	1	WTP3	Influent	WTP3	Enterobacter	Enterobacter cloacae	108	4	5	1	4852893	55.5	NA	RHBSTW-00216
cfre	SAMN15148761	SRR12298999	SRR11949005	Nanopore	WTP3|T3-00985	GCA_013782845.1	WTP	Wastewater influent sample	3	WTP3	Influent	WTP3	Citrobacter	Citrobacter freundii	NA	7	8	1	5306363	51.8	NA	RHBSTW-00985
cxxx	SAMN15148762	SRR12298998	SRR11949004	Nanopore	WTP3|T3-00986	GCA_013783065.1	WTP	Wastewater influent sample	3	WTP3	Influent	WTP3	Citrobacter	Citrobacter sp.	NA	7	8	1	5363930	52.2	NA	RHBSTW-00986
cxxx	SAMN15148480	SRR12298432	SRR11949307	PacBio	WTP5|T1-00089	GCA_014104235.1	WTP	Wastewater effluent sample	1	WTP5	Effluent	WTP5	Citrobacter	Citrobacter sp.	NA	4	6	0	5628550	NA	NA	RHBSTW-00089
ecol	SAMN15148765	SRR12298995	SRR11949001	Nanopore	WTP3|T3-01004	GCA_013782445.1	WTP	Wastewater effluent sample	3	WTP3	Effluent	WTP3	Escherichia	Escherichia coli	12	0	1	1	5201279	50.6	B2	RHBSTW-01004
ecol	SAMN15148607	SRR12298816	SRR11948668	Nanopore	WTP4|T2-00423	GCA_013785465.1	WTP	Freshwater sample from downstream of wastewater treatment work	2	WTP4	Downstream	WTP4	Escherichia	Escherichia coli	297	0	1	1	4839515	50.7	B1	RHBSTW-00423
ecol	SAMN15148643	SRR12298726	SRR11948923	Nanopore	WTP1|T2-00511	GCA_013926285.1	WTP	Wastewater influent sample	2	WTP1	Influent	WTP1	Escherichia	Escherichia coli	401	4	5	0	5153980	NA	A	RHBSTW-00511
ecol	SAMN15147991	SRR12299031	SRR11948823	Nanopore	RH13|T1-C17	GCA_014108905.1	Animal	Pooled sheep faecal samples collected from floor of farm	1	Sheep	Faeces	RH13	Escherichia	Escherichia coli	NA	2	3	1	4732627	50.8	B1	RHB04-C17
ecol	SAMN15148759	SRR12299049	SRR11949007	Nanopore	WTP3|T3-00981	GCA_014101145.1	WTP	Wastewater influent sample	3	WTP3	Influent	WTP3	Escherichia	Escherichia coli	58	1	4	0	5126237	NA	B1	RHBSTW-00981
ecol	SAMN15148144	SRR12298566	SRR11949329	Nanopore	RH03|T2-C09	GCA_013894975.1	Animal	Pooled pig faecal samples collected from floor of farm	2	Pig	Faeces	RH03	Escherichia	Escherichia coli	58	8	9	1	5219542	50.8	B1	RHB17-C09
ecol	SAMN15148184	SRR12298473	SRR11948642	Nanopore	RH10|T2-C19	GCA_014105155.1	Animal	Pooled cattle faecal samples collected from floor of farm	2	Cattle	Faeces	RH10	Escherichia	Escherichia coli	10	2	6	0	4947663	NA	A	RHB20-C19
ecol	SAMN15147955	SRR12299064	SRR11949348	Nanopore	RH11|T1-C18	GCA_014109545.1	Animal	Pooled sheep faecal samples collected from floor of farm	1	Sheep	Faeces	RH11	Escherichia	Escherichia coli	446	2	3	1	5304123	50.6	B1	RHB01-C18
efer	SAMN15148308	SRR12298641	SRR11948760	Nanopore	RH10|T3-C17	GCA_013821535.1	Animal	Pooled cattle faecal samples collected from floor of farm	3	Cattle	Faeces	RH10	Escherichia	Escherichia fergusonii	NA	1	2	1	4573194	50	fergusonii	RHB31-C17
eclo	SAMN15148771	SRR12298988	SRR11949442	Nanopore	WTP2|T3-01055	GCA_014103055.1	WTP	Wastewater effluent sample	3	WTP2	Effluent	WTP2	Enterobacter	Enterobacter cloacae	252	3	73	0	4749777	NA	NA	RHBSTW-01055
ecol	SAMN15148613	SRR12298786	SRR11949256	Nanopore	WTP5|T2-00440	GCA_013749295.1	WTP	Wastewater influent sample	2	WTP5	Influent	WTP5	Escherichia	Escherichia coli	131	2	3	1	5347567	50.8	B2	RHBSTW-00440
ecol	SAMN15148191	SRR12298465	SRR11949132	Nanopore	RH06|T2-C07	GCA_013888615.1	Animal	Pooled cattle faecal samples collected from floor of farm	2	Cattle	Faeces	RH06	Escherichia	Escherichia coli	NA	2	3	1	5032181	50.7	B2	RHB21-C07
cfre	SAMN15148615	SRR12298784	SRR11949254	Nanopore	WTP5|T2-00444	GCA_013740875.1	WTP	Wastewater influent sample	2	WTP5	Influent	WTP5	Citrobacter	Citrobacter freundii	NA	4	5	1	5388913	52.6	NA	RHBSTW-00444
ecol	SAMN15148517	SRR12298391	SRR11948800	Nanopore	WTP1|T1-00152	GCA_013790285.1	WTP	Wastewater effluent sample	1	WTP1	Effluent	WTP1	Escherichia	Escherichia coli	4110	5	6	1	4924022	50.6	B2	RHBSTW-00152
ecol	SAMN15148510	SRR12298399	SRR11948948	PacBio	WTP1|T1-00139	GCA_013790635.1	WTP	Wastewater influent sample	1	WTP1	Influent	WTP1	Escherichia	Escherichia coli	129	0	1	1	4783770	50.8	B1	RHBSTW-00139
cxxx	SAMN15148508	SRR12298401	SRR11948950	Nanopore	WTP1|T1-00137	GCA_013790835.1	WTP	Wastewater influent sample	1	WTP1	Influent	WTP1	Citrobacter	Citrobacter sp.	NA	4	5	1	5447371	52.1	NA	RHBSTW-00137
ecol	SAMN15148117	SRR12298595	SRR11948652	Nanopore	RH11|T2-C06	GCA_013601135.1	Animal	Pooled sheep faecal samples collected from floor of farm	2	Sheep	Faeces	RH11	Escherichia	Escherichia coli	155	3	5	1	5201825	50.7	B1	RHB15-C06
ecol	SAMN15148160	SRR12298523	SRR11949278	Nanopore	RH13|T2-C20	GCA_013892855.1	Animal	Pooled sheep faecal samples collected from floor of farm	2	Sheep	Faeces	RH13	Escherichia	Escherichia coli	75	3	4	1	5103390	50.8	B1	RHB18-C20
ecol	SAMN15147951	SRR12299148	SRR11948932	Nanopore	RH11|T1-C07	GCA_014106395.1	Animal	Pooled sheep faecal samples collected from floor of farm	1	Sheep	Faeces	RH11	Escherichia	Escherichia coli	446	2	20	0	5288194	NA	B1	RHB01-C07
ecol	SAMN15148119	SRR12298593	SRR11949080	Nanopore	RH11|T2-C08	GCA_014105565.1	Animal	Pooled sheep faecal samples collected from floor of farm	2	Sheep	Faeces	RH11	Escherichia	Escherichia coli	155	3	7	0	5200341	NA	B1	RHB15-C08
ecol	SAMN15148353	SRR12299116	SRR11949384	Nanopore	RH06|T3-C14	GCA_013816945.1	Animal	Pooled cattle faecal samples collected from floor of farm	3	Cattle	Faeces	RH06	Escherichia	Escherichia coli	154	1	2	1	5019312	50.6	B1	RHB35-C14
eclo	SAMN15148478	SRR12298434	SRR11948779	PacBio	WTP5|T1-00086	GCA_013625435.1	WTP	Wastewater effluent sample	1	WTP5	Effluent	WTP5	Enterobacter	Enterobacter cloacae	278	2	3	1	4922494	55.1	NA	RHBSTW-00086
cxxx	SAMN15148705	SRR12298609	SRR11948870	Nanopore	WTP5|T3-00827	GCA_014103235.1	WTP	Freshwater sample from downstream of wastewater treatment work	3	WTP5	Downstream	WTP5	Citrobacter	Citrobacter sp.	NA	4	13	0	5492192	NA	NA	RHBSTW-00827
ecol	SAMN15147956	SRR12298977	SRR11949431	PacBio	RH11|T1-C20	GCA_013928845.1	Animal	Pooled sheep faecal samples collected from floor of farm	1	Sheep	Faeces	RH11	Escherichia	Escherichia coli	28	3	4	0	5592364	NA	B2	RHB01-C20
ecol	SAMN15148276	SRR12298749	SRR11949390	Nanopore	RH11|T3-C05	GCA_013828815.1	Animal	Pooled sheep faecal samples collected from floor of farm	3	Sheep	Faeces	RH11	Escherichia	Escherichia coli	5966	2	3	1	4905362	50.7	B2	RHB29-C05
ecol	SAMN15148693	SRR12298670	SRR11949449	Nanopore	WTP4|T3-00777	GCA_013745515.1	WTP	Freshwater sample from upstream of wastewater treatment work	3	WTP4	Upstream	WTP4	Escherichia	Escherichia coli	NA	2	3	1	4887958	50.4	cladeV	RHBSTW-00777
cfre	SAMN15148603	SRR12298821	SRR11948673	Nanopore	WTP4|T2-00408	GCA_013785525.1	WTP	Freshwater sample from upstream of wastewater treatment work	2	WTP4	Upstream	WTP4	Citrobacter	Citrobacter freundii	NA	0	1	1	4774094	52.5	NA	RHBSTW-00408
ecol	SAMN15148694	SRR12298669	SRR11949448	Nanopore	WTP4|T3-00779	GCA_014103315.1	WTP	Freshwater sample from upstream of wastewater treatment work	3	WTP4	Upstream	WTP4	Escherichia	Escherichia coli	410	0	127	0	4764310	NA	C	RHBSTW-00779
ecol	SAMN15148120	SRR12298592	SRR11949079	Nanopore	RH11|T2-C10	GCA_014105495.1	Animal	Pooled sheep faecal samples collected from floor of farm	2	Sheep	Faeces	RH11	Escherichia	Escherichia coli	1623	5	12	0	5371233	NA	B1	RHB15-C10
eclo	SAMN15148633	SRR12298737	SRR11948704	Nanopore	WTP5|T2-00489	GCA_013705185.1	WTP	Freshwater sample from downstream of wastewater treatment work	2	WTP5	Downstream	WTP5	Enterobacter	Enterobacter cloacae	807	4	9	1	4797030	55.5	NA	RHBSTW-00489
ecol	SAMN15148044	SRR12298945	SRR11949423	PacBio	RH08|T1-C09	GCA_014105835.1	Animal	Pooled cattle faecal samples collected from floor of farm	1	Cattle	Faeces	RH08	Escherichia	Escherichia coli	58	3	14	0	5096488	NA	B1	RHB09-C09
ecol	SAMN15148254	SRR12298800	SRR11949056	Nanopore	RH09|T2-C23	GCA_014104975.1	Animal	Pooled cattle faecal samples collected from floor of farm	2	Cattle	Faeces	RH09	Escherichia	Escherichia coli	58	2	9	0	4990223	NA	B1	RHB26-C23
exxx	SAMN15148606	SRR12298818	SRR11948670	Nanopore	WTP4|T2-00422	GCA_013749735.1	WTP	Freshwater sample from downstream of wastewater treatment work	2	WTP4	Downstream	WTP4	Enterobacter	Enterobacter sp.	374	3	4	1	5234715	54.4	NA	RHBSTW-00422
kpne	SAMN15148246	SRR12298810	SRR11949408	Nanopore	RH09|T2-C08	GCA_013834745.1	Animal	Pooled cattle faecal samples collected from floor of farm	2	Cattle	Faeces	RH09	Klebsiella	Klebsiella pneumoniae	45	3	4	1	5640008	57.3	NA	RHB26-C08
cxxx	SAMN15148769	SRR12298990	SRR11949444	Nanopore	WTP2|T3-01044	GCA_013781945.1	WTP	Freshwater sample from downstream of wastewater treatment work	3	WTP2	Downstream	WTP2	Citrobacter	Citrobacter sp.	NA	0	1	1	4946286	52.1	NA	RHBSTW-01044
kaer	SAMN15148733	SRR12299127	SRR11948721	Nanopore	WTP1|T3-00898	GCA_013727635.1	WTP	Wastewater influent sample	3	WTP1	Influent	WTP1	Klebsiella	Klebsiella aerogenes	93	2	3	1	5448009	54.9	NA	RHBSTW-00898
ecol	SAMN15148322	SRR12298626	SRR11949195	Nanopore	RH13|T3-C19	GCA_013819805.1	Animal	Pooled sheep faecal samples collected from floor of farm	3	Sheep	Faeces	RH13	Escherichia	Escherichia coli	2028	1	2	1	4994848	50.7	B1	RHB32-C19
cfre	SAMN15148658	SRR12298708	SRR11949237	Nanopore	WTP3|T2-00589	GCA_013784225.1	WTP	Freshwater sample from upstream of wastewater treatment work	2	WTP3	Upstream	WTP3	Citrobacter	Citrobacter freundii	NA	0	1	1	4895815	52.6	NA	RHBSTW-00589
ecol	SAMN15148377	SRR12299041	SRR11949357	Nanopore	RH15|T3-C10	GCA_014104515.1	Animal	Pooled sheep faecal samples collected from floor of farm	3	Sheep	Faeces	RH15	Escherichia	Escherichia coli	124	2	124	0	5183980	NA	B1	RHB37-C10
efer	SAMN15147982	SRR12298654	SRR11949207	PacBio	RH01|T1-C23	GCA_013713585.1	Animal	Pooled pig faecal samples collected from floor of farm	1	Pig	Faeces	RH01	Escherichia	Escherichia fergusonii	NA	5	12	1	4864188	49.9	fergusonii	RHB03-C23
eclo	SAMN15148770	SRR12298989	SRR11949443	Nanopore	WTP2|T3-01045	GCA_014103105.1	WTP	Freshwater sample from downstream of wastewater treatment work	3	WTP2	Downstream	WTP2	Enterobacter	Enterobacter cloacae	422	4	98	0	4979963	NA	NA	RHBSTW-01045
koxy	SAMN15148734	SRR12299126	SRR11948720	Nanopore	WTP1|T3-00900	GCA_014103175.1	WTP	Wastewater influent sample	3	WTP1	Influent	WTP1	Klebsiella	Klebsiella oxytoca	135	4	15	0	6649755	NA	NA	RHBSTW-00900
ecol	SAMN15148499	SRR12298411	SRR11948810	Nanopore	WTP1|T1-00124	GCA_013791985.1	WTP	Wastewater influent sample	1	WTP1	Influent	WTP1	Escherichia	Escherichia coli	4977	3	4	1	4803587	50.8	A	RHBSTW-00124
ecol	SAMN15148577	SRR12298873	SRR11948685	PacBio	WTP2|T1-00322	GCA_013741635.1	WTP	Wastewater effluent sample	1	WTP2	Effluent	WTP2	Escherichia	Escherichia coli	69	5	6	1	5305134	50.7	D	RHBSTW-00322
cfre	SAMN15148611	SRR12298788	SRR11949258	Nanopore	WTP4|T2-00435	GCA_013749535.1	WTP	Freshwater sample from downstream of wastewater treatment work	2	WTP4	Downstream	WTP4	Citrobacter	Citrobacter freundii	481	2	3	1	5334674	51.8	NA	RHBSTW-00435
kpne	SAMN15148760	SRR12299048	SRR11949006	Nanopore	WTP3|T3-00982	GCA_013783245.1	WTP	Wastewater influent sample	3	WTP3	Influent	WTP3	Klebsiella	Klebsiella pneumoniae	37	2	3	1	5377148	57.5	NA	RHBSTW-00982
cfre	SAMN15148586	SRR12298864	SRR11949142	PacBio	WTP2|T1-00344	GCA_014101295.1	WTP	Freshwater sample from upstream of wastewater treatment work	1	WTP2	Upstream	WTP2	Citrobacter	Citrobacter freundii	NA	0	13	0	4860045	NA	NA	RHBSTW-00344
efer	SAMN15148375	SRR12299044	SRR11949360	Nanopore	RH15|T3-C07	GCA_014104595.1	Animal	Pooled sheep faecal samples collected from floor of farm	3	Sheep	Faeces	RH15	Escherichia	Escherichia fergusonii	NA	4	71	0	4652688	NA	fergusonii	RHB37-C07
eclo	SAMN15148567	SRR12298884	SRR11948696	PacBio	WTP2|T1-00309	GCA_013742615.1	WTP	Wastewater influent sample	1	WTP2	Influent	WTP2	Enterobacter	Enterobacter cloacae	NA	4	5	1	5365511	55.7	NA	RHBSTW-00309
cxxx	SAMN15148713	SRR12299173	SRR11949273	Nanopore	WTP5|T3-00848	GCA_013925725.1	WTP	Wastewater influent sample	3	WTP5	Influent	WTP5	Citrobacter	Citrobacter sp.	NA	7	8	0	5532361	NA	NA	RHBSTW-00848
ecol	SAMN15148116	SRR12298597	SRR11948654	Nanopore	RH04|T1-C23	GCA_013898775.1	Animal	Pooled pig faecal samples collected from floor of farm	1	Pig	Faeces	RH04	Escherichia	Escherichia coli	117	5	6	1	5203607	50.8	G	RHB14-C23
ecol	SAMN15148319	SRR12298629	SRR11948748	Nanopore	RH13|T3-C15	GCA_013820695.1	Animal	Pooled sheep faecal samples collected from floor of farm	3	Sheep	Faeces	RH13	Escherichia	Escherichia coli	NA	3	4	1	5184654	50.6	E	RHB32-C15
ecol	SAMN15148335	SRR12299161	SRR11949181	Nanopore	RH14|T3-C23	GCA_013823705.1	Animal	Pooled sheep faecal samples collected from floor of farm	3	Sheep	Faeces	RH14	Escherichia	Escherichia coli	2521	1	2	1	4816571	50.9	B1	RHB33-C23
cfre	SAMN15148537	SRR12298369	SRR11948896	PacBio	WTP3|T1-00201	GCA_014103835.1	WTP	Wastewater influent sample	1	WTP3	Influent	WTP3	Citrobacter	Citrobacter freundii	162	3	7	0	5460290	NA	NA	RHBSTW-00201
eclo	SAMN15148708	SRR12299178	SRR11948866	Nanopore	WTP5|T3-00831	GCA_014101235.1	WTP	Freshwater sample from downstream of wastewater treatment work	3	WTP5	Downstream	WTP5	Enterobacter	Enterobacter cloacae	484	4	6	0	5050660	NA	NA	RHBSTW-00831
ecol	SAMN15148059	SRR12299082	SRR11948834	PacBio	RH15|T1-C09	GCA_013899765.1	Animal	Pooled sheep faecal samples collected from floor of farm	1	Sheep	Faeces	RH15	Escherichia	Escherichia coli	1665	3	4	1	5275792	50.7	B1	RHB10-C09
ecol	SAMN15148571	SRR12298880	SRR11948692	Nanopore	WTP2|T1-00314	GCA_014103575.1	WTP	Wastewater influent sample	1	WTP2	Influent	WTP2	Escherichia	Escherichia coli	1193	5	19	0	5116609	NA	B2	RHBSTW-00314
ecol	SAMN15148392	SRR12299025	SRR11948817	Nanopore	RH04|T3-C21	GCA_013812425.1	Animal	Pooled pig faecal samples collected from floor of farm	3	Pig	Faeces	RH04	Escherichia	Escherichia coli	3090	1	2	1	4968964	50.7	B1	RHB38-C21
efer	SAMN15148152	SRR12298556	SRR11949287	Nanopore	RH13|T2-C04	GCA_013893835.1	Animal	Pooled sheep faecal samples collected from floor of farm	2	Sheep	Faeces	RH13	Escherichia	Escherichia fergusonii	NA	2	3	1	4690913	49.8	fergusonii	RHB18-C04
ecol	SAMN15148336	SRR12299160	SRR11949116	Nanopore	RH03|T3-C02	GCA_013823545.1	Animal	Pooled pig faecal samples collected from floor of farm	3	Pig	Faeces	RH03	Escherichia	Escherichia coli	683	0	1	1	4805850	50.9	B1	RHB34-C02
cfre	SAMN15148513	SRR12298396	SRR11948945	PacBio	WTP1|T1-00142	GCA_014104015.1	WTP	Wastewater effluent sample	1	WTP1	Effluent	WTP1	Citrobacter	Citrobacter freundii	NA	4	24	0	5466778	NA	NA	RHBSTW-00142
ecol	SAMN15148045	SRR12298944	SRR11949422	PacBio	RH08|T1-C13	GCA_013899985.1	Animal	Pooled cattle faecal samples collected from floor of farm	1	Cattle	Faeces	RH08	Escherichia	Escherichia coli	154	4	5	1	5031949	50.7	B1	RHB09-C13
cxxx	SAMN15148356	SRR12299113	SRR11949381	Nanopore	RH06|T3-C21	GCA_013816515.1	Animal	Pooled cattle faecal samples collected from floor of farm	3	Cattle	Faeces	RH06	Citrobacter	Citrobacter sp.	NA	1	2	1	5404783	52	NA	RHB35-C21
ecol	SAMN15148629	SRR12298768	SRR11948708	Nanopore	WTP5|T2-00482	GCA_013748455.1	WTP	Freshwater sample from downstream of wastewater treatment work	2	WTP5	Downstream	WTP5	Escherichia	Escherichia coli	131	2	3	1	5424221	50.6	B2	RHBSTW-00482
eclo	SAMN15148594	SRR12298831	SRR11949133	Nanopore	WTP4|T2-00367	GCA_014101255.1	WTP	Wastewater influent sample	2	WTP4	Influent	WTP4	Enterobacter	Enterobacter cloacae	165	2	5	0	5054178	NA	NA	RHBSTW-00367
eclo	SAMN15148471	SRR12298442	SRR11948787	PacBio	WTP5|T1-00070	GCA_013625795.1	WTP	Wastewater influent sample	1	WTP5	Influent	WTP5	Enterobacter	Enterobacter cloacae	78	2	3	1	4927760	55.1	NA	RHBSTW-00070
ecol	SAMN15148424	SRR12298543	SRR11949162	Nanopore	RH01|T3-C11	GCA_013802345.1	Animal	Pooled pig faecal samples collected from floor of farm	3	Pig	Faeces	RH01	Escherichia	Escherichia coli	10	5	6	1	5337869	50.8	A	RHB41-C11
ecol	SAMN15148259	SRR12298794	SRR11949050	Nanopore	RH04|T2-C09	GCA_013832285.1	Animal	Pooled pig faecal samples collected from floor of farm	2	Pig	Faeces	RH04	Escherichia	Escherichia coli	10	5	6	1	5077967	50.7	A	RHB27-C09
kpne	SAMN15148470	SRR12298443	SRR11948788	Nanopore	WTP5|T1-00069	GCA_014104245.1	WTP	Wastewater influent sample	1	WTP5	Influent	WTP5	Klebsiella	Klebsiella pneumoniae	111	3	17	0	5491888	NA	NA	RHBSTW-00069
ecol	SAMN15148029	SRR12298993	SRR11948999	PacBio	RH07|T1-C17	GCA_013900165.1	Animal	Pooled cattle faecal samples collected from floor of farm	1	Cattle	Faeces	RH07	Escherichia	Escherichia coli	1001	2	3	1	4994518	50.8	B1	RHB07-C17
ecol	SAMN15148661	SRR12298705	SRR11949234	Nanopore	WTP3|T2-00601	GCA_013784085.1	WTP	Freshwater sample from downstream of wastewater treatment work	2	WTP3	Downstream	WTP3	Escherichia	Escherichia coli	NA	0	1	1	4722101	50.8	B1	RHBSTW-00601
efer	SAMN15148245	SRR12298811	SRR11949409	Nanopore	RH09|T2-C04	GCA_014105005.1	Animal	Pooled cattle faecal samples collected from floor of farm	2	Cattle	Faeces	RH09	Escherichia	Escherichia fergusonii	NA	0	8	0	4550984	NA	fergusonii	RHB26-C04
efer	SAMN15148151	SRR12298557	SRR11949288	Nanopore	RH13|T2-C03	GCA_013710195.1	Animal	Pooled sheep faecal samples collected from floor of farm	2	Sheep	Faeces	RH13	Escherichia	Escherichia fergusonii	NA	1	6	1	4690828	49.8	fergusonii	RHB18-C03
ecol	SAMN15148445	SRR12298496	SRR11949021	Nanopore	WTP4|T1-00004	GCA_013798625.1	WTP	Wastewater influent sample	1	WTP4	Influent	WTP4	Escherichia	Escherichia coli	131	1	2	1	5169115	50.6	B2	RHBSTW-00004
eclo	SAMN15148653	SRR12298714	SRR11949243	Nanopore	WTP1|T2-00564	GCA_013747035.1	WTP	Freshwater sample from downstream of wastewater treatment work	2	WTP1	Downstream	WTP1	Enterobacter	Enterobacter cloacae	108	3	4	1	4847420	55.6	NA	RHBSTW-00564
ecol	SAMN15147960	SRR12299015	SRR11948863	PacBio	RH02|T1-C02	GCA_014109125.1	Animal	Pooled pig faecal samples collected from floor of farm	1	Pig	Faeces	RH02	Escherichia	Escherichia coli	10	1	2	1	4953790	50.7	A	RHB02-C02
ecol	SAMN15148001	SRR12298425	SRR11949300	PacBio	RH12|T1-C15	GCA_014106115.1	Animal	Pooled sheep faecal samples collected from floor of farm	1	Sheep	Faeces	RH12	Escherichia	Escherichia coli	155	5	14	0	4937961	NA	B1	RHB05-C15
ecol	SAMN15148283	SRR12298741	SRR11949040	Nanopore	RH11|T3-C18	GCA_013827685.1	Animal	Pooled sheep faecal samples collected from floor of farm	3	Sheep	Faeces	RH11	Escherichia	Escherichia coli	1086	1	2	1	5244461	50.6	B1	RHB29-C18
ecol	SAMN15148404	SRR12298931	SRR11948734	Nanopore	RH09|T3-C21	GCA_013806085.1	Animal	Pooled cattle faecal samples collected from floor of farm	3	Cattle	Faeces	RH09	Escherichia	Escherichia coli	1508	4	5	1	5239732	50.4	E	RHB39-C21
kpne	SAMN15148730	SRR12299130	SRR11948724	Nanopore	WTP1|T3-00884	GCA_014101135.1	WTP	Freshwater sample from downstream of wastewater treatment work	3	WTP1	Downstream	WTP1	Klebsiella	Klebsiella pneumoniae	42	4	10	0	5327106	NA	NA	RHBSTW-00884
ecol	SAMN15148485	SRR12298427	SRR11949302	PacBio	WTP5|T1-00102	GCA_013795065.1	WTP	Freshwater sample from downstream of wastewater treatment work	1	WTP5	Downstream	WTP5	Escherichia	Escherichia coli	NA	1	2	1	5103551	50.8	A	RHBSTW-00102
cfre	SAMN15148084	SRR12299007	SRR11948855	PacBio	RH09|T1-C18	GCA_013899385.1	Animal	Pooled cattle faecal samples collected from floor of farm	1	Cattle	Faeces	RH09	Citrobacter	Citrobacter freundii	NA	0	1	1	4889497	52	NA	RHB12-C18
ecol	SAMN15148408	SRR12298926	SRR11948965	Nanopore	RH08|T3-C01	GCA_013805505.1	Animal	Pooled cattle faecal samples collected from floor of farm	3	Cattle	Faeces	RH08	Escherichia	Escherichia coli	10	2	3	1	5171529	50.7	A	RHB40-C01
ecol	SAMN15148679	SRR12298685	SRR11948898	Nanopore	WTP2|T2-00673	GCA_013783685.1	WTP	Wastewater influent sample	2	WTP2	Influent	WTP2	Escherichia	Escherichia coli	1303	1	2	1	4934854	50.8	A	RHBSTW-00673
cfre	SAMN15148561	SRR12298915	SRR11949085	PacBio	WTP4|T1-00284	GCA_014101385.1	WTP	Freshwater sample from upstream of wastewater treatment work	1	WTP4	Upstream	WTP4	Citrobacter	Citrobacter freundii	NA	0	18	0	4320634	NA	NA	RHBSTW-00284
koxy	SAMN15148647	SRR12298720	SRR11948917	Nanopore	WTP1|T2-00529	GCA_013747515.1	WTP	Wastewater effluent sample	2	WTP1	Effluent	WTP1	Klebsiella	Klebsiella oxytoca	52	2	3	1	6172560	56	NA	RHBSTW-00529
ecol	SAMN15148393	SRR12299024	SRR11948746	Nanopore	RH04|T3-C23	GCA_013708935.1	Animal	Pooled pig faecal samples collected from floor of farm	3	Pig	Faeces	RH04	Escherichia	Escherichia coli	3631	6	17	1	5295998	50.9	A	RHB38-C23
ecol	SAMN15148199	SRR12298909	SRR11949123	Nanopore	RH07|T2-C03	GCA_014105095.1	Animal	Pooled cattle faecal samples collected from floor of farm	2	Cattle	Faeces	RH07	Escherichia	Escherichia coli	1300	1	11	0	5279028	NA	E	RHB22-C03
ecol	SAMN15148358	SRR12299110	SRR11949378	Nanopore	RH06|T3-C23	GCA_013816205.1	Animal	Pooled cattle faecal samples collected from floor of farm	3	Cattle	Faeces	RH06	Escherichia	Escherichia coli	10	1	2	1	4768413	50.8	A	RHB35-C23
ecol	SAMN15148056	SRR12299086	SRR11948838	Nanopore	RH15|T1-C05	GCA_013899825.1	Animal	Pooled sheep faecal samples collected from floor of farm	1	Sheep	Faeces	RH15	Escherichia	Escherichia coli	5966	1	2	1	5238011	50.9	B2	RHB10-C05
kpne	SAMN15148523	SRR12298385	SRR11949180	PacBio	WTP1|T1-00170	GCA_014103925.1	WTP	Freshwater sample from upstream of wastewater treatment work	1	WTP1	Upstream	WTP1	Klebsiella	Klebsiella pneumoniae	1243	1	17	0	5452013	NA	NA	RHBSTW-00170
ecol	SAMN15148271	SRR12298754	SRR11949395	Nanopore	RH01|T2-C15	GCA_013829665.1	Animal	Pooled pig faecal samples collected from floor of farm	2	Pig	Faeces	RH01	Escherichia	Escherichia coli	4175	6	7	1	5107094	50.5	E	RHB28-C15
efer	SAMN15148317	SRR12298631	SRR11948750	Nanopore	RH13|T3-C09	GCA_013820465.1	Animal	Pooled sheep faecal samples collected from floor of farm	3	Sheep	Faeces	RH13	Escherichia	Escherichia fergusonii	NA	4	5	1	4802520	49.9	fergusonii	RHB32-C09
ecol	SAMN15148213	SRR12298894	SRR11949220	Nanopore	RH12|T2-C06	GCA_013885155.1	Animal	Pooled sheep faecal samples collected from floor of farm	2	Sheep	Faeces	RH12	Escherichia	Escherichia coli	1723	5	6	1	4968866	50.8	B1	RHB23-C06
ecol	SAMN15148562	SRR12298914	SRR11949084	PacBio	WTP4|T1-00285	GCA_014103625.1	WTP	Freshwater sample from upstream of wastewater treatment work	1	WTP4	Upstream	WTP4	Escherichia	Escherichia coli	635	4	12	0	5265175	NA	A	RHBSTW-00285
ecol	SAMN15148261	SRR12298792	SRR11949048	Nanopore	RH04|T2-C17	GCA_013831995.1	Animal	Pooled pig faecal samples collected from floor of farm	2	Pig	Faeces	RH04	Escherichia	Escherichia coli	10	2	3	1	4873104	50.7	A	RHB27-C17
koxy	SAMN15148592	SRR12298833	SRR11949135	Nanopore	WTP4|T2-00365	GCA_013751295.1	WTP	Wastewater influent sample	2	WTP4	Influent	WTP4	Klebsiella	Klebsiella oxytoca	182	2	3	1	6425524	55.8	NA	RHBSTW-00365
kpne	SAMN15148715	SRR12299171	SRR11949271	Nanopore	WTP5|T3-00852	GCA_013730675.1	WTP	Wastewater influent sample	3	WTP5	Influent	WTP5	Klebsiella	Klebsiella pneumoniae	292	1	2	1	5300167	57.5	NA	RHBSTW-00852
ecol	SAMN15148133	SRR12298578	SRR11949065	Nanopore	RH02|T2-C07	GCA_013897665.1	Animal	Pooled pig faecal samples collected from floor of farm	2	Pig	Faeces	RH02	Escherichia	Escherichia coli	42	7	8	1	6123098	50.6	D	RHB16-C07
ecol	SAMN15147953	SRR12298359	SRR11948886	PacBio	RH11|T1-C09	GCA_014109645.1	Animal	Pooled sheep faecal samples collected from floor of farm	1	Sheep	Faeces	RH11	Escherichia	Escherichia coli	2144	7	8	1	5009846	50.8	B1	RHB01-C09
ecol	SAMN15148038	SRR12298951	SRR11949429	PacBio	RH06|T1-C19	GCA_014105875.1	Animal	Pooled cattle faecal samples collected from floor of farm	1	Cattle	Faeces	RH06	Escherichia	Escherichia coli	3381	1	13	0	5212366	NA	E	RHB08-C19
eclo	SAMN15148635	SRR12298735	SRR11948702	Nanopore	WTP5|T2-00492	GCA_013740655.1	WTP	Freshwater sample from downstream of wastewater treatment work	2	WTP5	Downstream	WTP5	Enterobacter	Enterobacter cloacae	168	4	5	1	4981985	55.1	NA	RHBSTW-00492
ecol	SAMN15148403	SRR12298932	SRR11948735	Nanopore	RH09|T3-C20	GCA_013806525.1	Animal	Pooled cattle faecal samples collected from floor of farm	3	Cattle	Faeces	RH09	Escherichia	Escherichia coli	1508	4	5	1	5239732	50.4	E	RHB39-C20
ecol	SAMN15148311	SRR12298638	SRR11948757	Nanopore	RH10|T3-C22	GCA_013821045.1	Animal	Pooled cattle faecal samples collected from floor of farm	3	Cattle	Faeces	RH10	Escherichia	Escherichia coli	685	2	3	1	4811886	50.9	A	RHB31-C22
kpne	SAMN15148670	SRR12298695	SRR11948908	Nanopore	WTP3|T2-00636	GCA_013734035.1	WTP	Wastewater influent sample	2	WTP3	Influent	WTP3	Klebsiella	Klebsiella pneumoniae	1380	8	9	1	5801526	57.5	NA	RHBSTW-00636
ecol	SAMN15148011	SRR12298863	SRR11949141	PacBio	RH14|T1-C06	GCA_014108885.1	Animal	Pooled sheep faecal samples collected from floor of farm	1	Sheep	Faeces	RH14	Escherichia	Escherichia coli	6106	0	1	1	5303471	50.5	D	RHB06-C06
exxx	SAMN15148574	SRR12298877	SRR11948689	PacBio	WTP2|T1-00318	GCA_014101375.1	WTP	Wastewater influent sample	1	WTP2	Influent	WTP2	Enterobacter	Enterobacter sp.	20	4	7	0	5285892	NA	NA	RHBSTW-00318
ecol	SAMN15148078	SRR12299013	SRR11948861	Nanopore	RH09|T1-C02	GCA_013899465.1	Animal	Pooled cattle faecal samples collected from floor of farm	1	Cattle	Faeces	RH09	Escherichia	Escherichia coli	10	2	3	1	4950424	50.8	A	RHB12-C02
kpne	SAMN15148290	SRR12298661	SRR11949032	Nanopore	RH02|T3-C05	GCA_013826045.1	Animal	Pooled pig faecal samples collected from floor of farm	3	Pig	Faeces	RH02	Klebsiella	Klebsiella pneumoniae	966	5	6	1	5696582	57.5	NA	RHB30-C05