species_id	sample_id	sra_sr	sra_lr	Assembly Accession	Assembly Name	Organism Name	Organism Infraspecific Names Breed	Organism Infraspecific Names Strain	Organism Infraspecific Names Cultivar	Organism Infraspecific Names Ecotype	Organism Infraspecific Names Isolate	Organism Infraspecific Names Sex	Annotation Name	Assembly Stats Total Sequence Length	Assembly Stats Total Number of Chromosomes	Assembly Level	Assembly Release Date	WGS project accession	Assembly Stats Contig N50	Assembly Stats Number of Scaffolds	Annotation BUSCO Complete 	Annotation BUSCO Single Copy 	Annotation BUSCO Duplicated 	Annotation BUSCO Fragmented 	Annotation BUSCO Missing 	Annotation BUSCO Lineage 	Assembly Sequencing Tech	Assembly Submitter	Assembly BioProject Accession	Assembly BioSample Accession	Annotation Count Gene Total	Organism	SRA Accession	GenBank Chromosome Accession	GenBank Plasmid Accession	Molecule Length	Assembly Method
abau	SAMN12769618	SRR11176973	SRR11176972	GCA_008632635.1	ASM863263v1	Acinetobacter baumannii		K09-14					NCBI Prokaryotic Genome Annotation Pipeline (PGAP)	3980230	2	Complete Genome	2019-09-23		3972439	2							Illumina HiSeq; Oxford Nanopore MiniION	Nanyang Technological University	PRJNA565663	SAMN12769618	3760	Acinetobacter baumannii	SRS6212945; ILLUMINA:SRR11176973; OXFORD_NANOPORE:SRR11176972	CP043953.1	CP043954.1	CP043954.1:7791; CP043953.1:3972439	UniCycler v. Galaxy version 0.4.6.0
ecol	SAMN24907326	SRR18777562	SRR18777561	GCA_024300685.1	ASM2430068v1	Escherichia coli		2003-3014					NCBI Prokaryotic Genome Annotation Pipeline (PGAP)	5955072	6	Complete Genome	2022-07-18		5840137	6							Oxford Nanopore MiniION; Illumina MiSeq	The University of Texas at San Antonio	PRJNA794938	SAMN24907326	6107	Escherichia coli	SRS12630882; ILLUMINA:SRR18777562; OXFORD_NANOPORE:SRR18777561	CP101292.1	CP101297.1; CP101296.1; CP101295.1; CP101294.1; CP101293.1	CP101297.1:6222; CP101296.1:6741; CP101295.1:90123; CP101294.1:6673; CP101293.1:5176; CP101292.1:5840137	Unicycler v. Galaxy Version 0.4.8.0
ecol	SAMN15423745	SRR12207194	SRR12207193	GCA_014058445.2	ASM1405844v2	Escherichia coli		MBT-5					NCBI Prokaryotic Genome Annotation Pipeline (PGAP)	5936184	7	Complete Genome	2020-09-17		5705580	7							Illumina MiSeq; Oxford Nanopore MinION	Max Rubner-Institut	PRJNA643697	SAMN15423745	6045	Escherichia coli	SRS6993623; ILLUMINA:SRR12207194; OXFORD_NANOPORE:SRR12207193	CP058682.2	CP058688.1; CP058687.1; CP058686.1; CP058685.1; CP058684.1; CP058683.1	CP058682.2:5705580; CP058688.1:2784; CP058687.1:4742; CP058686.1:6715; CP058685.1:34196; CP058684.1:89589; CP058683.1:92578	"Other" Unicycler v. 0.4.8
ecol	SAMN29499317	SRR19977205	SRR19977217	GCA_024223415.1	ASM2422341v1	Escherichia coli		LH50-c					NCBI Prokaryotic Genome Annotation Pipeline (PGAP)	6001057	11	Complete Genome	2022-07-13		5559392	11							Illumina MiniSeq, Oxford Nanopore	University of Zurich	PRJNA855630	SAMN29499317	5917	Escherichia coli	SRS13699822; OXFORD_NANOPORE:SRR19977217; ILLUMINA:SRR19977205	CP100500.1	CP100510.1; CP100509.1; CP100508.1; CP100507.1; CP100506.1; CP100505.1; CP100504.1; CP100503.1; CP100502.1; CP100501.1	CP100510.1:1565; CP100509.1:1593; CP100508.1:2313; CP100507.1:4051; CP100506.1:5319; CP100505.1:46338; CP100504.1:63428; CP100503.1:64795; CP100502.1:112293; CP100501.1:139970; CP100500.1:5559392	Unicycler v. 0.5.0
ecol	SAMN24907327	SRR18777560	SRR18777559	GCA_024300705.1	ASM2430070v1	Escherichia coli		2000-3039					NCBI Prokaryotic Genome Annotation Pipeline (PGAP)	5577330	3	Complete Genome	2022-07-18		5497490	3							Oxford Nanopore MiniION; Illumina MiSeq	The University of Texas at San Antonio	PRJNA794938	SAMN24907327	5610	Escherichia coli	SRS12630884; ILLUMINA:SRR18777560; OXFORD_NANOPORE:SRR18777559	CP101302.1	CP101304.1; CP101303.1	CP101304.1:5686; CP101303.1:74154; CP101302.1:5497490	Unicycler v. Galaxy Version 0.4.8.0
ecol	SAMN36841951	SRR25523645	SRR25570560	GCA_030733925.1	ASM3073392v1	Escherichia coli		PNUSAE145745					NCBI Prokaryotic Genome Annotation Pipeline (PGAP)	5551583	2	Complete Genome	2023-08-15		5458846	2							Illumina MiSeq; Oxford Nanopore GridION	Utah Public Health Laboratory Infectious Disease submission group	PRJNA812595	SAMN36841951	5538	Escherichia coli	SRS18507674; ILLUMINA:SRR25523645; OXFORD_NANOPORE:SRR25570560	CP132298.1	CP132299.1	CP132299.1:92737; CP132298.1:5458846	Unicycler v. 0.5.0
ecol	SAMN24907331	SRR18777554	SRR18777553	GCA_024300785.1	ASM2430078v1	Escherichia coli		99-3311					NCBI Prokaryotic Genome Annotation Pipeline (PGAP)	5540804	2	Complete Genome	2022-07-18		5448459	2							Oxford Nanopore MiniION; Illumina MiSeq	The University of Texas at San Antonio	PRJNA794938	SAMN24907331	5474	Escherichia coli	SRS12630887; ILLUMINA:SRR18777554; OXFORD_NANOPORE:SRR18777553	CP101310.1	CP101311.1	CP101311.1:92345; CP101310.1:5448459	Unicycler v. Galaxy Version 0.4.8.0
ecol	SAMN24907330	SRR18777556	SRR18777555	GCA_024300765.1	ASM2430076v1	Escherichia coli		2002-3211					NCBI Prokaryotic Genome Annotation Pipeline (PGAP)	5473483	2	Complete Genome	2022-07-18		5391548	2							Oxford Nanopore MiniION; Illumina MiSeq	The University of Texas at San Antonio	PRJNA794938	SAMN24907330	5480	Escherichia coli	SRS12630886; ILLUMINA:SRR18777556; OXFORD_NANOPORE:SRR18777555	CP101305.1	CP101306.1	CP101306.1:81935; CP101305.1:5391548	Unicycler v. Galaxy Version 0.4.8.0
ecol	SAMN14640123	SRR11585298	SRR24335781	GCA_030007975.1	ASM3000797v1	Escherichia coli		C325					NCBI Prokaryotic Genome Annotation Pipeline (PGAP)	5622430	5	Complete Genome	2023-05-13		5323817	5							Illumina HiSeq; Oxford Nanopore	Hospital Ramon y Cajal	PRJNA626430	SAMN14640123	5635	Escherichia coli	SRS6515233; ILLUMINA:SRR11585298; OXFORD_NANOPORE:SRR24335781	CP124819.1	CP124823.1; CP124822.1; CP124821.1; CP124820.1	CP124823.1:59433; CP124822.1:65499; CP124821.1:86154; CP124820.1:87527; CP124819.1:5323817	Unicycler v. v0.4.9
ecol	SAMN34375049	SRR24308062	SRR24308000	GCA_029989965.1	ASM2998996v1	Escherichia coli		AVS0171					NCBI Prokaryotic Genome Annotation Pipeline (PGAP)	5435290	2	Complete Genome	2023-05-12		5285630	2							Illumina MiniSeq, Oxford Nanopore	University of Zurich	PRJNA961666	SAMN34375049	5415	Escherichia coli	SRS17434210; ILLUMINA:SRR24308062; OXFORD_NANOPORE:SRR24308000	CP124355.1	CP124356.1	CP124356.1:149660; CP124355.1:5285630	Unicycler v. 0.5.0
ecol	SAMN34375052	SRR24308059	SRR24308108	GCA_029989405.1	ASM2998940v1	Escherichia coli		AVS0453					NCBI Prokaryotic Genome Annotation Pipeline (PGAP)	5391335	2	Complete Genome	2023-05-12		5285512	2							Illumina MiniSeq, Oxford Nanopore	University of Zurich	PRJNA961666	SAMN34375052	5365	Escherichia coli	SRS17434163; OXFORD_NANOPORE:SRR24308108; ILLUMINA:SRR24308059	CP124349.1	CP124350.1	CP124350.1:105823; CP124349.1:5285512	Unicycler v. 0.5.0
ecol	SAMN34375061	SRR24308049	SRR24308099	GCA_029987955.1	ASM2998795v1	Escherichia coli		AVS0787					NCBI Prokaryotic Genome Annotation Pipeline (PGAP)	5498078	4	Complete Genome	2023-05-12		5285418	4							Illumina MiniSeq, Oxford Nanopore	University of Zurich	PRJNA961666	SAMN34375061	5492	Escherichia coli	SRS17434173; OXFORD_NANOPORE:SRR24308099; ILLUMINA:SRR24308049	CP124328.1	CP124331.1; CP124330.1; CP124329.1	CP124331.1:1914; CP124330.1:61165; CP124329.1:149581; CP124328.1:5285418	Unicycler v. 0.5.0
ecol	SAMN34375051	SRR24308060	SRR24307998	GCA_029989625.1	ASM2998962v1	Escherichia coli		AVS0362					NCBI Prokaryotic Genome Annotation Pipeline (PGAP)	5391006	2	Complete Genome	2023-05-12		5285097	2							Illumina MiniSeq, Oxford Nanopore	University of Zurich	PRJNA961666	SAMN34375051	5362	Escherichia coli	SRS17434212; ILLUMINA:SRR24308060; OXFORD_NANOPORE:SRR24307998	CP124351.1	CP124352.1	CP124352.1:105909; CP124351.1:5285097	Unicycler v. 0.5.0
ecol	SAMN34375050	SRR24308061	SRR24307999	GCA_029989825.1	ASM2998982v1	Escherichia coli		AVS0226					NCBI Prokaryotic Genome Annotation Pipeline (PGAP)	5392976	2	Complete Genome	2023-05-12		5284087	2							Illumina MiniSeq, Oxford Nanopore	University of Zurich	PRJNA961666	SAMN34375050	5366	Escherichia coli	SRS17434211; ILLUMINA:SRR24308061; OXFORD_NANOPORE:SRR24307999	CP124353.1	CP124354.1	CP124354.1:108889; CP124353.1:5284087	Unicycler v. 0.5.0
ecol	SAMN34360982	SRR24308070	SRR24308007	GCA_029990455.1	ASM2999045v1	Escherichia coli		AVS0153					NCBI Prokaryotic Genome Annotation Pipeline (PGAP)	5392914	2	Complete Genome	2023-05-12		5284052	2							Illumina MiniSeq, Oxford Nanopore	University of Zurich	PRJNA961666	SAMN34360982	5370	Escherichia coli	SRS17434201; ILLUMINA:SRR24308070; OXFORD_NANOPORE:SRR24308007	CP124385.1	CP124386.1	CP124386.1:108862; CP124385.1:5284052	Unicycler v. 0.5.0
ecol	SAMN39998263	SRR28015252	SRR28375022	GCA_036713675.2	ASM3671367v2	Escherichia coli		2024CK-00184					NCBI Prokaryotic Genome Annotation Pipeline (PGAP)	5475189	2	Complete Genome	2024-03-31		5280470	2							Oxford Nanopore GridION; Illumina MiSeq	Utah Public Health Laboratory, Utah Public Health Laboratory Infectious Disease submission group	PRJNA812595	SAMN39998263	5458	Escherichia coli	SRS20498826; ILLUMINA:SRR28015252; OXFORD_NANOPORE:SRR28375022	CP149836.1	CP149837.1	CP149837.1:194719; CP149836.1:5280470	Unicycler v. 0.5.0
ecol	SAMN34360984	SRR24308068	SRR24308005	GCA_029990375.1	ASM2999037v1	Escherichia coli		AVS0151					NCBI Prokaryotic Genome Annotation Pipeline (PGAP)	5423507	2	Complete Genome	2023-05-12		5273087	2							Illumina MiniSeq, Oxford Nanopore	University of Zurich	PRJNA961666	SAMN34360984	5425	Escherichia coli	SRS17434203; ILLUMINA:SRR24308068; OXFORD_NANOPORE:SRR24308005	CP124372.1	CP124373.1	CP124373.1:150420; CP124372.1:5273087	Unicycler v. 0.5.0
ecol	SAMN17214837	SRR13358231	SRR13358236	GCA_017639185.1	ASM1763918v1	Escherichia coli		ABW_A19					NCBI Prokaryotic Genome Annotation Pipeline (PGAP)	5598951	4	Complete Genome	2021-03-30		5250599	4							Illumina MiniSeq, Oxford Nanopore MinIon	University of Zurich	PRJNA689691	SAMN17214837	5346	Escherichia coli	SRS7969843; OXFORD_NANOPORE:SRR13358236; ILLUMINA:SRR13358231	CP067307.1	CP067310.1; CP067309.1; CP067308.1	CP067310.1:53474; CP067309.1:68410; CP067308.1:226468; CP067307.1:5250599	Unicycler v. 0.4.8
ecol	SAMN25236411	SRR17731597	SRR17772292	GCA_022494685.1	ASM2249468v1	Escherichia coli		KOr019					NCBI Prokaryotic Genome Annotation Pipeline (PGAP)	5450486	7	Complete Genome	2022-03-07		5218913	7							Illumina NovaSeq; Oxford Nanopore MinION	Kyoto University	PRJNA800231	SAMN25236411	5250	Escherichia coli	SRS11758161; ILLUMINA:SRR17731597; OXFORD_NANOPORE:SRR17772292	CP091665.1	CP091671.1; CP091670.1; CP091669.1; CP091668.1; CP091667.1; CP091666.1	CP091671.1:1546; CP091670.1:3133; CP091669.1:4315; CP091668.1:4677; CP091667.1:59054; CP091666.1:158848; CP091665.1:5218913	Unicycler v. 0.4.8
ecol	SAMN35706290	SRR25500368	SRR25500367	GCA_030344975.1	ASM3034497v1	Escherichia coli		T309.Ta3					NCBI Prokaryotic Genome Annotation Pipeline (PGAP)	5447838	5	Complete Genome	2023-06-26		5191980	5							Illumina NovaSeq; Illumina MiSeq; Oxford Nanopore MinION	The Independent Schools Foundation Academy	PRJNA982422	SAMN35706290	5377	Escherichia coli	SRS18486608; ILLUMINA:SRR25500368; OXFORD_NANOPORE:SRR25500367	CP128255.1	CP128259.1; CP128258.1; CP128257.1; CP128256.1	CP128259.1:4082; CP128258.1:52047; CP128257.1:85979; CP128256.1:113750; CP128255.1:5191980	Unicycler v. v0.4.8-beta
ecol	SAMN22251350	SRR18439255	SRR18439256	GCA_020540985.1	ASM2054098v1	Escherichia coli		P31_YH1_02.21					NCBI Prokaryotic Genome Annotation Pipeline (PGAP)	5484552	6	Complete Genome	2021-10-21		5190359	6							Oxford Nanopore MinION; Illumina	United Kingdom Health Security Agency	PRJNA770738	SAMN22251350	5336	Escherichia coli	SRS12349358; OXFORD_NANOPORE:SRR18439256; ILLUMINA:SRR18439255	CP085063.1	CP085068.1; CP085067.1; CP085066.1; CP085065.1; CP085064.1	CP085068.1:1553; CP085067.1:2101; CP085066.1:62390; CP085065.1:94191; CP085064.1:133958; CP085063.1:5190359	Unicycler v. 0.4.9
ecol	SAMN34360985	SRR24308067	SRR24308004	GCA_029990355.1	ASM2999035v1	Escherichia coli		AVS0465					NCBI Prokaryotic Genome Annotation Pipeline (PGAP)	5291752	5	Complete Genome	2023-05-12		5174834	5							Illumina MiniSeq, Oxford Nanopore	University of Zurich	PRJNA961666	SAMN34360985	5222	Escherichia coli	SRS17434205; ILLUMINA:SRR24308067; OXFORD_NANOPORE:SRR24308004	CP124367.1	CP124371.1; CP124370.1; CP124369.1; CP124368.1	CP124371.1:4082; CP124370.1:4593; CP124369.1:5167; CP124368.1:103076; CP124367.1:5174834	Unicycler v. 0.5.0
ecol	SAMN16279676	SRR21620895	SRR21620894	GCA_014854575.1	ASM1485457v1	Escherichia coli		C311					NCBI Prokaryotic Genome Annotation Pipeline (PGAP)	5358674	3	Complete Genome	2020-10-06		5165639	3							Illumina MiSeq; Oxford Nanopore MinION	The Independent Schools Foundation Academy	PRJNA666127	SAMN16279676	5239	Escherichia coli	SRS15157300; ILLUMINA:SRR21620895; OXFORD_NANOPORE:SRR21620894	CP062204.1	CP062206.1; CP062205.1	CP062206.1:48103; CP062205.1:144932; CP062204.1:5165639	Unicycler v. Jan-2020
ecol	SAMN34360967	SRR24308087	SRR24308024	GCA_030037975.1	ASM3003797v1	Escherichia coli		AVS0193					NCBI Prokaryotic Genome Annotation Pipeline (PGAP)	5320554	5	Complete Genome	2023-05-12		5163545	5							Illumina MiniSeq, Oxford Nanopore	University of Zurich	PRJNA961666	SAMN34360967	5270	Escherichia coli	SRS17434188; ILLUMINA:SRR24308087; OXFORD_NANOPORE:SRR24308024	CP124455.1	CP124459.1; CP124458.1; CP124457.1; CP124456.1	CP124459.1:1306; CP124458.1:4087; CP124457.1:5167; CP124456.1:146449; CP124455.1:5163545	Unicycler v. 0.5.0
ecol	SAMN34360983	SRR24308069	SRR24308006	GCA_029990415.1	ASM2999041v1	Escherichia coli		AVS0578					NCBI Prokaryotic Genome Annotation Pipeline (PGAP)	5447122	11	Complete Genome	2023-05-12		5151251	11							Illumina MiniSeq, Oxford Nanopore	University of Zurich	PRJNA961666	SAMN34360983	5430	Escherichia coli	SRS17434204; ILLUMINA:SRR24308069; OXFORD_NANOPORE:SRR24308006	CP124374.1	CP124384.1; CP124383.1; CP124382.1; CP124381.1; CP124380.1; CP124379.1; CP124378.1; CP124377.1; CP124376.1; CP124375.1	CP124384.1:1822; CP124383.1:2101; CP124382.1:4064; CP124381.1:4072; CP124380.1:5164; CP124379.1:5630; CP124378.1:5716; CP124377.1:72619; CP124376.1:94894; CP124375.1:99789; CP124374.1:5151251	Unicycler v. 0.5.0
ecol	SAMN34360970	SRR24308083	SRR24308021	GCA_030038665.1	ASM3003866v1	Escherichia coli		AVS0790					NCBI Prokaryotic Genome Annotation Pipeline (PGAP)	5239732	6	Complete Genome	2023-05-12		5141728	6							Illumina MiniSeq, Oxford Nanopore	University of Zurich	PRJNA961666	SAMN34360970	5202	Escherichia coli	SRS17434190; ILLUMINA:SRR24308083; OXFORD_NANOPORE:SRR24308021	CP124436.1	CP124441.1; CP124440.1; CP124439.1; CP124438.1; CP124437.1	CP124441.1:1549; CP124440.1:4064; CP124439.1:4245; CP124438.1:5167; CP124437.1:82979; CP124436.1:5141728	Unicycler v. 0.5.0
ecol	SAMN34360963	SRR24308091	SRR24308028	GCA_030037255.1	ASM3003725v1	Escherichia coli		AVS0969					NCBI Prokaryotic Genome Annotation Pipeline (PGAP)	5428737	6	Complete Genome	2023-05-12		5132631	6							Illumina MiniSeq, Oxford Nanopore	University of Zurich	PRJNA961666	SAMN34360963	5429	Escherichia coli	SRS17434181; ILLUMINA:SRR24308091; OXFORD_NANOPORE:SRR24308028	CP124475.1	CP124480.1; CP124479.1; CP124478.1; CP124477.1; CP124476.1	CP124480.1:1687; CP124479.1:4072; CP124478.1:73258; CP124477.1:86720; CP124476.1:130369; CP124475.1:5132631	Unicycler v. 0.5.0
ecol	SAMN34360969	SRR24308084	SRR24308022	GCA_030038515.1	ASM3003851v1	Escherichia coli		AVS0196					NCBI Prokaryotic Genome Annotation Pipeline (PGAP)	5227310	6	Complete Genome	2023-05-12		5129351	6							Illumina MiniSeq, Oxford Nanopore	University of Zurich	PRJNA961666	SAMN34360969	5195	Escherichia coli	SRS17434185; ILLUMINA:SRR24308084; OXFORD_NANOPORE:SRR24308022	CP124442.1	CP124447.1; CP124446.1; CP124445.1; CP124444.1; CP124443.1	CP124447.1:1549; CP124446.1:4064; CP124445.1:4245; CP124444.1:5167; CP124443.1:82934; CP124442.1:5129351	Unicycler v. 0.5.0
ecol	SAMN34360951	SRR24308085	SRR24308042	GCA_030036695.1	ASM3003669v1	Escherichia coli		AVS0501					NCBI Prokaryotic Genome Annotation Pipeline (PGAP)	5248053	2	Complete Genome	2023-05-12		5128108	2							Illumina MiniSeq, Oxford Nanopore	University of Zurich	PRJNA961666	SAMN34360951	5140	Escherichia coli	SRS17434186; ILLUMINA:SRR24308085; OXFORD_NANOPORE:SRR24308042	CP124511.1	CP124512.1	CP124512.1:119945; CP124511.1:5128108	Unicycler v. 0.5.0
ecol	SAMN25236402	SRR17731590	SRR17772285	GCA_022494825.1	ASM2249482v1	Escherichia coli		KGu016					NCBI Prokaryotic Genome Annotation Pipeline (PGAP)	5369757	8	Complete Genome	2022-03-07		5126687	8							Illumina NovaSeq; Oxford Nanopore MinION	Kyoto University	PRJNA800231	SAMN25236402	5227	Escherichia coli	SRS11758167; ILLUMINA:SRR17731590; OXFORD_NANOPORE:SRR17772285	CP091704.1	CP091711.1; CP091710.1; CP091709.1; CP091708.1; CP091707.1; CP091706.1; CP091705.1	CP091711.1:2089; CP091710.1:3009; CP091709.1:4072; CP091708.1:5167; CP091707.1:58398; CP091706.1:69395; CP091705.1:100940; CP091704.1:5126687	Unicycler v. 0.4.8
ecol	SAMN17815181	SRR13643257	SRR21547803	GCA_025398375.1	ASM2539837v1	Escherichia coli		2021CK-00607					NCBI Prokaryotic Genome Annotation Pipeline (PGAP)	5435037	12	Complete Genome	2022-09-25		5123200	12							Illumina MiSeq; Oxford Nanopore GridION	Utah Public Health Laboratory Infectious Disease submission group	PRJNA812595	SAMN17815181	5306	Escherichia coli	SRS8206010; ILLUMINA:SRR13643257; OXFORD_NANOPORE:SRR21547803	CP104665.1	CP104676.1; CP104675.1; CP104674.1; CP104673.1; CP104672.1; CP104671.1; CP104670.1; CP104669.1; CP104668.1; CP104667.1; CP104666.1	CP104676.1:234; CP104675.1:1029; CP104674.1:1123; CP104673.1:3257; CP104672.1:4074; CP104671.1:4362; CP104670.1:5168; CP104669.1:10122; CP104668.1:58872; CP104667.1:91750; CP104666.1:131846; CP104665.1:5123200	Unicycler v. 0.5.0
ecol	SAMN34375059	SRR24308051	SRR24308101	GCA_029991165.1	ASM2999116v1	Escherichia coli		AVS0786					NCBI Prokaryotic Genome Annotation Pipeline (PGAP)	5243649	3	Complete Genome	2023-05-12		5119625	3							Illumina MiniSeq, Oxford Nanopore	University of Zurich	PRJNA961666	SAMN34375059	5117	Escherichia coli	SRS17434170; OXFORD_NANOPORE:SRR24308101; ILLUMINA:SRR24308051	CP124334.1	CP124336.1; CP124335.1	CP124336.1:4073; CP124335.1:119951; CP124334.1:5119625	Unicycler v. 0.5.0
ecol	SAMN33748626	SRR24322337	SRR24322336	GCA_029536675.1	ASM2953667v1	Escherichia coli		B771					NCBI Prokaryotic Genome Annotation Pipeline (PGAP)	5341634	6	Complete Genome	2023-04-02		5103692	6							Illumina; Oxford Nanopore MinION	Masaryk University	PRJNA944444	SAMN33748626	5247	Escherichia coli	SRS17446542; ILLUMINA:SRR24322337; OXFORD_NANOPORE:SRR24322336; CAPILLARY:SRR24769899	CP120557.1	CP120562.1; CP120561.1; CP120560.1; CP120559.1; CP120558.1	CP120562.1:2310; CP120561.1:2328; CP120560.1:9494; CP120559.1:95480; CP120558.1:128330; CP120557.1:5103692	Unicycler v. v0.4.8
ecol	SAMN33712750	SRR23800502	SRR23800501	GCA_029537195.1	ASM2953719v1	Escherichia coli		USVAST219					NCBI Prokaryotic Genome Annotation Pipeline (PGAP)	5212300	2	Complete Genome	2023-04-02		5098635	2							Oxford Nanopore MinION; Illumina HiSeq	University of Birmingham	PRJNA943186	SAMN33712750	5117	Escherichia coli	SRS17002126; ILLUMINA:SRR23800502; OXFORD_NANOPORE:SRR23800501	CP120633.1	CP120634.1	CP120634.1:113665; CP120633.1:5098635	Unicycler v. 0.4.8
ecol	SAMN34360979	SRR24308073	SRR24308011	GCA_029990605.1	ASM2999060v1	Escherichia coli		AVS0967					NCBI Prokaryotic Genome Annotation Pipeline (PGAP)	5181707	2	Complete Genome	2023-05-12		5097505	2							Illumina MiniSeq, Oxford Nanopore	University of Zurich	PRJNA961666	SAMN34360979	5057	Escherichia coli	SRS17434199; ILLUMINA:SRR24308073; OXFORD_NANOPORE:SRR24308011	CP124398.1	CP124399.1	CP124399.1:84202; CP124398.1:5097505	Unicycler v. 0.5.0
ecol	SAMN29499321	SRR19977229	SRR19977213	GCA_024224055.1	ASM2422405v1	Escherichia coli		LH85-a					NCBI Prokaryotic Genome Annotation Pipeline (PGAP)	5335673	8	Complete Genome	2022-07-13		5095622	8							Illumina MiniSeq, Oxford Nanopore	University of Zurich	PRJNA855630	SAMN29499321	5153	Escherichia coli	SRS13699812; ILLUMINA:SRR19977229; OXFORD_NANOPORE:SRR19977213	CP100486.1	CP100493.1; CP100492.1; CP100491.1; CP100490.1; CP100489.1; CP100488.1; CP100487.1	CP100493.1:1506; CP100492.1:1549; CP100491.1:2096; CP100490.1:5328; CP100489.1:46338; CP100488.1:87908; CP100487.1:95326; CP100486.1:5095622	Unicycler v. 0.5.0
ecol	SAMN34375055	SRR24308056	SRR24308105	GCA_029991025.1	ASM2999102v1	Escherichia coli		AVS0533					NCBI Prokaryotic Genome Annotation Pipeline (PGAP)	5237271	2	Complete Genome	2023-05-12		5090642	2							Illumina MiniSeq, Oxford Nanopore	University of Zurich	PRJNA961666	SAMN34375055	5112	Escherichia coli	SRS17434168; OXFORD_NANOPORE:SRR24308105; ILLUMINA:SRR24308056	CP124343.1	CP124344.1	CP124344.1:146629; CP124343.1:5090642	Unicycler v. 0.5.0
ecol	SAMN34375054	SRR24308057	SRR24308106	GCA_029989065.1	ASM2998906v1	Escherichia coli		AVS0530					NCBI Prokaryotic Genome Annotation Pipeline (PGAP)	5237008	2	Complete Genome	2023-05-12		5090382	2							Illumina MiniSeq, Oxford Nanopore	University of Zurich	PRJNA961666	SAMN34375054	5109	Escherichia coli	SRS17434166; OXFORD_NANOPORE:SRR24308106; ILLUMINA:SRR24308057	CP124345.1	CP124346.1	CP124346.1:146626; CP124345.1:5090382	Unicycler v. 0.5.0
ecol	SAMN34375057	SRR24308054	SRR24308103	GCA_029991095.1	ASM2999109v1	Escherichia coli		AVS0713					NCBI Prokaryotic Genome Annotation Pipeline (PGAP)	5236773	2	Complete Genome	2023-05-12		5090137	2							Illumina MiniSeq, Oxford Nanopore	University of Zurich	PRJNA961666	SAMN34375057	5109	Escherichia coli	SRS17434169; OXFORD_NANOPORE:SRR24308103; ILLUMINA:SRR24308054	CP124339.1	CP124340.1	CP124340.1:146636; CP124339.1:5090137	Unicycler v. 0.5.0
ecol	SAMN34375063	SRR24308047	SRR24308096	GCA_029987755.1	ASM2998775v1	Escherichia coli		AVS0536					NCBI Prokaryotic Genome Annotation Pipeline (PGAP)	5236639	2	Complete Genome	2023-05-12		5089992	2							Illumina MiniSeq, Oxford Nanopore	University of Zurich	PRJNA961666	SAMN34375063	5108	Escherichia coli	SRS17434177; OXFORD_NANOPORE:SRR24308096; ILLUMINA:SRR24308047	CP124324.1	CP124325.1	CP124325.1:146647; CP124324.1:5089992	Unicycler v. 0.5.0
ecol	SAMN34375047	SRR24308065	SRR24308002	GCA_029990275.1	ASM2999027v1	Escherichia coli		AVS0093					NCBI Prokaryotic Genome Annotation Pipeline (PGAP)	5238343	3	Complete Genome	2023-05-12		5088976	3							Illumina MiniSeq, Oxford Nanopore	University of Zurich	PRJNA961666	SAMN34375047	5113	Escherichia coli	SRS17434206; ILLUMINA:SRR24308065; OXFORD_NANOPORE:SRR24308002	CP124359.1	CP124361.1; CP124360.1	CP124361.1:3004; CP124360.1:146363; CP124359.1:5088976	Unicycler v. 0.5.0
ecol	SAMN34375053	SRR24308058	SRR24308107	GCA_029989245.1	ASM2998924v1	Escherichia coli		AVS0283					NCBI Prokaryotic Genome Annotation Pipeline (PGAP)	5235587	2	Complete Genome	2023-05-12		5088970	2							Illumina MiniSeq, Oxford Nanopore	University of Zurich	PRJNA961666	SAMN34375053	5113	Escherichia coli	SRS17434165; OXFORD_NANOPORE:SRR24308107; ILLUMINA:SRR24308058	CP124347.1	CP124348.1	CP124348.1:146617; CP124347.1:5088970	Unicycler v. 0.5.0
ecol	SAMN34375064	SRR24308046	SRR24308095	GCA_029987615.1	ASM2998761v1	Escherichia coli		AVS0717					NCBI Prokaryotic Genome Annotation Pipeline (PGAP)	5235596	2	Complete Genome	2023-05-12		5088968	2							Illumina MiniSeq, Oxford Nanopore	University of Zurich	PRJNA961666	SAMN34375064	5111	Escherichia coli	SRS17434176; OXFORD_NANOPORE:SRR24308095; ILLUMINA:SRR24308046	CP124322.1	CP124323.1	CP124323.1:146628; CP124322.1:5088968	Unicycler v. 0.5.0
ecol	SAMN34375062	SRR24308048	SRR24308097	GCA_029987875.1	ASM2998787v1	Escherichia coli		AVS0285					NCBI Prokaryotic Genome Annotation Pipeline (PGAP)	5235587	2	Complete Genome	2023-05-12		5088968	2							Illumina MiniSeq, Oxford Nanopore	University of Zurich	PRJNA961666	SAMN34375062	5111	Escherichia coli	SRS17434174; OXFORD_NANOPORE:SRR24308097; ILLUMINA:SRR24308048	CP124326.1	CP124327.1	CP124327.1:146619; CP124326.1:5088968	Unicycler v. 0.5.0
ecol	SAMN34360949	SRR24308111	SRR24308044	GCA_030036655.1	ASM3003665v1	Escherichia coli		AVS0282					NCBI Prokaryotic Genome Annotation Pipeline (PGAP)	5235333	2	Complete Genome	2023-05-12		5088698	2							Illumina MiniSeq, Oxford Nanopore	University of Zurich	PRJNA961666	SAMN34360949	5109	Escherichia coli	SRS17434161; ILLUMINA:SRR24308111; OXFORD_NANOPORE:SRR24308044	CP124515.1	CP124516.1	CP124516.1:146635; CP124515.1:5088698	Unicycler v. 0.5.0
ecol	SAMN34375048	SRR24308064	SRR24308001	GCA_029990145.1	ASM2999014v1	Escherichia coli		AVS0467					NCBI Prokaryotic Genome Annotation Pipeline (PGAP)	5223100	2	Complete Genome	2023-05-12		5084908	2							Illumina MiniSeq, Oxford Nanopore	University of Zurich	PRJNA961666	SAMN34375048	5088	Escherichia coli	SRS17434207; ILLUMINA:SRR24308064; OXFORD_NANOPORE:SRR24308001	CP124357.1	CP124358.1	CP124358.1:138192; CP124357.1:5084908	Unicycler v. 0.5.0
ecol	SAMN34360950	SRR24308110	SRR24308043	GCA_030036675.1	ASM3003667v1	Escherichia coli		AVS0366					NCBI Prokaryotic Genome Annotation Pipeline (PGAP)	5220971	2	Complete Genome	2023-05-12		5082752	2							Illumina MiniSeq, Oxford Nanopore	University of Zurich	PRJNA961666	SAMN34360950	5087	Escherichia coli	SRS17434162; ILLUMINA:SRR24308110; OXFORD_NANOPORE:SRR24308043	CP124513.1	CP124514.1	CP124514.1:138219; CP124513.1:5082752	Unicycler v. 0.5.0
ecol	SAMN34360954	SRR24308052	SRR24308038	GCA_030036795.1	ASM3003679v1	Escherichia coli		AVS0970					NCBI Prokaryotic Genome Annotation Pipeline (PGAP)	5235969	4	Complete Genome	2023-05-12		5077511	4							Illumina MiniSeq, Oxford Nanopore	University of Zurich	PRJNA961666	SAMN34360954	5107	Escherichia coli	SRS17434213; ILLUMINA:SRR24308052; OXFORD_NANOPORE:SRR24308038	CP124502.1	CP124505.1; CP124504.1; CP124503.1	CP124505.1:4071; CP124504.1:7620; CP124503.1:146767; CP124502.1:5077511	Unicycler v. 0.5.0
ecol	SAMN13951921	SRR11038975	SRR11038963	GCA_010365385.1	ASM1036538v1	Escherichia coli		142					NCBI Prokaryotic Genome Annotation Pipeline (PGAP)	5350019	7	Complete Genome	2020-02-09		5073188	7							Oxford Nanopore/illumina minniseq	University of Zurich	PRJNA604100	SAMN13951921	5203	Escherichia coli	SRS6117402; ILLUMINA:SRR11038975; OXFORD_NANOPORE:SRR11038963	CP048337.1	CP048343.1; CP048342.1; CP048341.1; CP048340.1; CP048339.1; CP048338.1	CP048343.1:1458; CP048342.1:5164; CP048341.1:7939; CP048340.1:47545; CP048339.1:59239; CP048338.1:155486; CP048337.1:5073188	unicycler v. 0.4.8
ecol	SAMN34375058	SRR24308053	SRR24308102	GCA_029988575.1	ASM2998857v1	Escherichia coli		AVS0971					NCBI Prokaryotic Genome Annotation Pipeline (PGAP)	5210610	2	Complete Genome	2023-05-12		5072410	2							Illumina MiniSeq, Oxford Nanopore	University of Zurich	PRJNA961666	SAMN34375058	5077	Escherichia coli	SRS17434171; OXFORD_NANOPORE:SRR24308102; ILLUMINA:SRR24308053	CP124337.1	CP124338.1	CP124338.1:138200; CP124337.1:5072410	Unicycler v. 0.5.0
ecol	SAMN34375056	SRR24308055	SRR24308104	GCA_029988835.1	ASM2998883v1	Escherichia coli		AVS0710					NCBI Prokaryotic Genome Annotation Pipeline (PGAP)	5206824	2	Complete Genome	2023-05-12		5060072	2							Illumina MiniSeq, Oxford Nanopore	University of Zurich	PRJNA961666	SAMN34375056	5078	Escherichia coli	SRS17434167; OXFORD_NANOPORE:SRR24308104; ILLUMINA:SRR24308055	CP124341.1	CP124342.1	CP124342.1:146752; CP124341.1:5060072	Unicycler v. 0.5.0
ecol	SAMN37560772	SRR26195173	SRR26195174	GCA_033098385.1	ASM3309838v1	Escherichia coli		MS1657					NCBI Prokaryotic Genome Annotation Pipeline (PGAP)	5251341	2	Complete Genome	2023-10-27		5059841	2							Illumina HiSeq; Oxford Nanopore GridION	Mississippi State University	PRJNA839731	SAMN37560772	5179	Escherichia coli	SRS18992471; OXFORD_NANOPORE:SRR26195174; ILLUMINA:SRR26195173	CP135957.1	CP135958.1	CP135958.1:191500; CP135957.1:5059841	Flye v. 2.9; Unicycler v. 0.5.0
ecol	SAMN17214846	SRR13358221	SRR13358235	GCA_017639005.1	ASM1763900v1	Escherichia coli		P19_598					NCBI Prokaryotic Genome Annotation Pipeline (PGAP)	5208004	4	Complete Genome	2021-03-30		5058375	4							Illumina MiniSeq, Oxford Nanopore MinIon	University of Zurich	PRJNA689691	SAMN17214846	4957	Escherichia coli	SRS7969845; OXFORD_NANOPORE:SRR13358235; ILLUMINA:SRR13358221	CP067241.1	CP067244.1; CP067243.1; CP067242.1	CP067244.1:1552; CP067243.1:3902; CP067242.1:144175; CP067241.1:5058375	Unicycler v. 0.4.8
ecol	SAMN26512579	SRR18269322	SRR18269321	GCA_022569415.1	ASM2256941v1	Escherichia coli		BR1220					NCBI Prokaryotic Genome Annotation Pipeline (PGAP)	5262058	4	Complete Genome	2022-03-15		5054078	4							Illumina MiniSeq; Oxford Nanopore	University of California, Irvine	PRJNA813614	SAMN26512579	5172	Escherichia coli	SRS12217456; ILLUMINA:SRR18269322; OXFORD_NANOPORE:SRR18269321	CP093068.1	CP093071.1; CP093070.1; CP093069.1	CP093071.1:2617; CP093070.1:104757; CP093069.1:100606; CP093068.1:5054078	Unicycler v. v0.4.8-beta
ecol	SAMN34360953	SRR24308063	SRR24308039	GCA_030063885.1	ASM3006388v1	Escherichia coli		AVS0750					NCBI Prokaryotic Genome Annotation Pipeline (PGAP)	5184596	2	Complete Genome	2023-05-12		5039061	2							Illumina MiniSeq, Oxford Nanopore	University of Zurich	PRJNA961666	SAMN34360953	5076	Escherichia coli	SRS17434209; ILLUMINA:SRR24308063; OXFORD_NANOPORE:SRR24308039	CP124506.1	CP124507.1	CP124507.1:145535; CP124506.1:5039061	Unicycler v. 0.5.0
ecol	SAMN34360981	SRR24308071	SRR24308009	GCA_029990495.1	ASM2999049v1	Escherichia coli		AVS0972					NCBI Prokaryotic Genome Annotation Pipeline (PGAP)	5182884	5	Complete Genome	2023-05-12		5038283	5							Illumina MiniSeq, Oxford Nanopore	University of Zurich	PRJNA961666	SAMN34360981	5082	Escherichia coli	SRS17434202; ILLUMINA:SRR24308071; OXFORD_NANOPORE:SRR24308009	CP124387.1	CP124391.1; CP124390.1; CP124389.1; CP124388.1	CP124391.1:1549; CP124390.1:5167; CP124389.1:34433; CP124388.1:103452; CP124387.1:5038283	Unicycler v. 0.5.0
ecol	SAMN34360975	SRR24308078	SRR24308015	GCA_030039345.1	ASM3003934v1	Escherichia coli		AVS0343					NCBI Prokaryotic Genome Annotation Pipeline (PGAP)	5163804	3	Complete Genome	2023-05-12		5036755	3							Illumina MiniSeq, Oxford Nanopore	University of Zurich	PRJNA961666	SAMN34360975	5053	Escherichia coli	SRS17434194; ILLUMINA:SRR24308078; OXFORD_NANOPORE:SRR24308015	CP124517.1	CP124519.1; CP124518.1	CP124519.1:1549; CP124518.1:125500; CP124517.1:5036755	Unicycler v. 0.5.0
ecol	SAMN34360973	SRR24308080	SRR24308017	GCA_030039225.1	ASM3003922v1	Escherichia coli		AVS0155					NCBI Prokaryotic Genome Annotation Pipeline (PGAP)	5151384	4	Complete Genome	2023-05-12		5017462	4							Illumina MiniSeq, Oxford Nanopore	University of Zurich	PRJNA961666	SAMN34360973	5046	Escherichia coli	SRS17434192; ILLUMINA:SRR24308080; OXFORD_NANOPORE:SRR24308017	CP124420.1	CP124423.1; CP124422.1; CP124421.1	CP124423.1:1549; CP124422.1:5167; CP124421.1:127206; CP124420.1:5017462	Unicycler v. 0.5.0
ecol	SAMN14277527	SRR11252626	SRR11252625	GCA_023376095.1	UTI-2_GENOME	Escherichia coli		UPEC-245U/190328					NCBI Prokaryotic Genome Annotation Pipeline (PGAP)	5301911	7	Complete Genome	2021-08-03		5016451	7							Illumina HiSeq; Oxford Nanopore MiniION	Universidad Nacional Autonoma de Mexico	PRJNA610084	SAMN14277527	5205	Escherichia coli	SRS6271507; ILLUMINA:SRR11252626; OXFORD_NANOPORE:SRR11252625	CP049845.1	CP049851.1; CP049850.1; CP049849.1; CP049847.1; CP049846.1; CP049848.1	CP049851.1:5119; CP049850.1:5631; CP049849.1:6336; CP049847.1:90408; CP049846.1:109478; CP049848.1:68488; CP049845.1:5016451	Unicycler v. v0.4.1
ecol	SAMN34360956	SRR24308030	SRR24308036	GCA_030036775.1	ASM3003677v1	Escherichia coli		AVS0655					NCBI Prokaryotic Genome Annotation Pipeline (PGAP)	5146272	2	Complete Genome	2023-05-12		5012730	2							Illumina MiniSeq, Oxford Nanopore	University of Zurich	PRJNA961666	SAMN34360956	5051	Escherichia coli	SRS17434215; OXFORD_NANOPORE:SRR24308036; ILLUMINA:SRR24308030	CP124498.1	CP124499.1	CP124499.1:133542; CP124498.1:5012730	Unicycler v. 0.5.0
ecol	SAMN30608554	SRR21681205	SRR21681204	GCA_024971055.1	ASM2497105v1	Escherichia coli		DLI.6n					NCBI Prokaryotic Genome Annotation Pipeline (PGAP)	5112914	2	Complete Genome	2022-09-06		5008670	2							Illumina MiSeq; Oxford Nanopore MinION	The Independent Schools Foundation Academy	PRJNA875216	SAMN30608554	4982	Escherichia coli	SRS15211115; ILLUMINA:SRR21681205; OXFORD_NANOPORE:SRR21681204	CP103974.1	CP103975.1	CP103975.1:104244; CP103974.1:5008670	Unicycler v. 0.4.8-beta
ecol	SAMN34360952	SRR24308074	SRR24308040	GCA_030036715.1	ASM3003671v1	Escherichia coli		AVS0068					NCBI Prokaryotic Genome Annotation Pipeline (PGAP)	5246739	3	Complete Genome	2023-05-12		5005199	3							Illumina MiniSeq, Oxford Nanopore	University of Zurich	PRJNA961666	SAMN34360952	5128	Escherichia coli	SRS17434198; ILLUMINA:SRR24308074; OXFORD_NANOPORE:SRR24308040	CP124508.1	CP124510.1; CP124509.1	CP124510.1:94785; CP124509.1:146755; CP124508.1:5005199	Unicycler v. 0.5.0
ecol	SAMN14277528	SRR11252624	SRR11252623	GCA_019443605.1	ASM1944360v1	Escherichia coli		UPEC-455U/190220					NCBI Prokaryotic Genome Annotation Pipeline (PGAP)	5192928	6	Complete Genome	2021-08-03		5003672	6							Illumina HiSeq; Oxford Nanopore MiniION	Universidad Nacional Autonoma de Mexico	PRJNA610084	SAMN14277528	5049	Escherichia coli	SRS6271506; ILLUMINA:SRR11252624; OXFORD_NANOPORE:SRR11252623	CP049839.1	CP049844.1; CP049843.1; CP049842.1; CP049841.1; CP049840.1	CP049844.1:88163; CP049843.1:1822; CP049842.1:2113; CP049841.1:5630; CP049840.1:91528; CP049839.1:5003672	Unicycler v. v0.4.1
ecol	SAMN12275742	SRR16940902	SRR16940876	GCA_008370755.1	ASM837075v1	Escherichia coli		ESBL 15					NCBI Prokaryotic Genome Annotation Pipeline (PGAP)	5099245	4	Complete Genome	2019-09-12		5000290	4							Illumina MiSeq; Oxford Nanopore MiniION	ETH Zurich	PRJNA554638	SAMN12275742	5084	Escherichia coli	SRS11066469; ILLUMINA:SRR16940902; OXFORD_NANOPORE:SRR16940876; PACBIO_SMRT:SRR16940849	CP041678.1	CP041681.1; CP041680.1; CP041679.1	CP041681.1:4734; CP041680.1:5330; CP041679.1:88891; CP041678.1:5000290	Unicycler v. 0.4.7
ecol	SAMN14277526	SRR11252628	SRR11252627	GCA_019443685.1	ASM1944368v1	Escherichia coli		UPEC-774U/190308					NCBI Prokaryotic Genome Annotation Pipeline (PGAP)	5107728	5	Complete Genome	2021-08-03		4993321	5							Illumina HiSeq; Oxford Nanopore MiniION	Universidad Nacional Autonoma de Mexico	PRJNA610084	SAMN14277526	4954	Escherichia coli	SRS6271505; ILLUMINA:SRR11252628; OXFORD_NANOPORE:SRR11252627	CP049852.1	CP049856.1; CP049855.1; CP049854.1; CP049853.1	CP049856.1:2113; CP049855.1:4072; CP049854.1:5631; CP049853.1:102591; CP049852.1:4993321	Unicycler v. v0.4.1
ecol	SAMN34360976	SRR24308077	SRR24308014	GCA_030039375.1	ASM3003937v1	Escherichia coli		AVS0543					NCBI Prokaryotic Genome Annotation Pipeline (PGAP)	5139189	5	Complete Genome	2023-05-12		4993064	5							Illumina MiniSeq, Oxford Nanopore	University of Zurich	PRJNA961666	SAMN34360976	5033	Escherichia coli	SRS17434195; ILLUMINA:SRR24308077; OXFORD_NANOPORE:SRR24308014	CP124410.1	CP124414.1; CP124413.1; CP124412.1; CP124411.1	CP124414.1:1549; CP124413.1:4083; CP124412.1:5167; CP124411.1:135326; CP124410.1:4993064	Unicycler v. 0.5.0
ecol	SAMN34360978	SRR24308075	SRR24308012	GCA_030039425.1	ASM3003942v1	Escherichia coli		AVS0528					NCBI Prokaryotic Genome Annotation Pipeline (PGAP)	5094956	5	Complete Genome	2023-05-12		4984915	5							Illumina MiniSeq, Oxford Nanopore	University of Zurich	PRJNA961666	SAMN34360978	4967	Escherichia coli	SRS17434196; ILLUMINA:SRR24308075; OXFORD_NANOPORE:SRR24308012	CP124400.1	CP124404.1; CP124403.1; CP124402.1; CP124401.1	CP124404.1:2113; CP124403.1:5072; CP124402.1:5153; CP124401.1:97703; CP124400.1:4984915	Unicycler v. 0.5.0
ecol	SAMN21924052	SRR16132309	SRR21465916	GCA_025853875.1	ASM2585387v1	Escherichia coli		2021CK-01361					NCBI Prokaryotic Genome Annotation Pipeline (PGAP)	5371666	7	Complete Genome	2022-10-26		4983583	7							Oxford Nanopore GridION; Illumina MiSeq	Utah Public Health Laboratory Infectious Disease submission group	PRJNA812595	SAMN21924052	5318	Escherichia coli	SRS10385110; ILLUMINA:SRR16132309; OXFORD_NANOPORE:SRR21465916	CP107720.1	CP107726.1; CP107725.1; CP107724.1; CP107723.1; CP107722.1; CP107721.1	CP107726.1:3362; CP107725.1:4075; CP107724.1:17056; CP107723.1:75258; CP107722.1:142386; CP107721.1:145946; CP107720.1:4983583	Unicycler v. 0.5.0
ecol	SAMN34360960	SRR24308098	SRR24308032	GCA_030036895.1	ASM3003689v1	Escherichia coli		AVS0542					NCBI Prokaryotic Genome Annotation Pipeline (PGAP)	5052832	3	Complete Genome	2023-05-12		4979425	3							Illumina MiniSeq, Oxford Nanopore	University of Zurich	PRJNA961666	SAMN34360960	4929	Escherichia coli	SRS17434175; ILLUMINA:SRR24308098; OXFORD_NANOPORE:SRR24308032	CP124487.1	CP124489.1; CP124488.1	CP124489.1:4064; CP124488.1:69343; CP124487.1:4979425	Unicycler v. 0.5.0
ecol	SAMN25247371	SRR17758648	SRR17758649	GCA_021869725.1	ASM2186972v1	Escherichia coli		537-20					NCBI Prokaryotic Genome Annotation Pipeline (PGAP)	5116984	6	Complete Genome	2022-02-02		4979149	6							Oxford Nanopore MinION; Illumina NextSeq	Robert Koch Institute	PRJNA800416	SAMN25247371	4939	Escherichia coli	SRS11769910; OXFORD_NANOPORE:SRR17758649; ILLUMINA:SRR17758648	CP091534.1	CP091539.1; CP091538.1; CP091537.1; CP091536.1; CP091535.1	CP091539.1:1433; CP091538.1:1552; CP091537.1:2182; CP091536.1:6647; CP091535.1:126021; CP091534.1:4979149	Unicycler v. 0.4.9b
ecol	SAMN34360966	SRR24308088	SRR24308025	GCA_030037835.1	ASM3003783v1	Escherichia coli		AVS0947					NCBI Prokaryotic Genome Annotation Pipeline (PGAP)	5241102	7	Complete Genome	2023-05-12		4978191	7							Illumina MiniSeq, Oxford Nanopore	University of Zurich	PRJNA961666	SAMN34360966	5186	Escherichia coli	SRS17434184; ILLUMINA:SRR24308088; OXFORD_NANOPORE:SRR24308025	CP124460.1	CP124466.1; CP124465.1; CP124464.1; CP124463.1; CP124462.1; CP124461.1	CP124466.1:4072; CP124465.1:5167; CP124464.1:12575; CP124463.1:35356; CP124462.1:95665; CP124461.1:110076; CP124460.1:4978191	Unicycler v. 0.5.0
ecol	SAMN22251400	SRR18439253	SRR18439254	GCA_020541005.1	ASM2054100v1	Escherichia coli		P27_L1_05.20					NCBI Prokaryotic Genome Annotation Pipeline (PGAP)	5177823	5	Complete Genome	2021-10-21		4977654	5							Oxford Nanopore MinION; Illumina	United Kingdom Health Security Agency	PRJNA770738	SAMN22251400	5029	Escherichia coli	SRS12349359; OXFORD_NANOPORE:SRR18439254; ILLUMINA:SRR18439253	CP085069.1	CP085073.1; CP085072.1; CP085071.1; CP085070.1	CP085073.1:1506; CP085072.1:4073; CP085071.1:48551; CP085070.1:146039; CP085069.1:4977654	Unicycler v. 0.4.9
ecol	SAMN34360972	SRR24308081	SRR24308018	GCA_030039075.1	ASM3003907v1	Escherichia coli		AVS0247					NCBI Prokaryotic Genome Annotation Pipeline (PGAP)	5127882	5	Complete Genome	2023-05-12		4977635	5							Illumina MiniSeq, Oxford Nanopore	University of Zurich	PRJNA961666	SAMN34360972	5052	Escherichia coli	SRS17434191; ILLUMINA:SRR24308081; OXFORD_NANOPORE:SRR24308018	CP124424.1	CP124428.1; CP124427.1; CP124426.1; CP124425.1	CP124428.1:1549; CP124427.1:5167; CP124426.1:38937; CP124425.1:104594; CP124424.1:4977635	Unicycler v. 0.5.0
ecol	SAMN34360971	SRR24308082	SRR24308020	GCA_030038915.1	ASM3003891v1	Escherichia coli		AVS0051					NCBI Prokaryotic Genome Annotation Pipeline (PGAP)	5190573	7	Complete Genome	2023-05-12		4974345	7							Illumina MiniSeq, Oxford Nanopore	University of Zurich	PRJNA961666	SAMN34360971	5103	Escherichia coli	SRS17434189; ILLUMINA:SRR24308082; OXFORD_NANOPORE:SRR24308020	CP124429.1	CP124435.1; CP124434.1; CP124433.1; CP124432.1; CP124431.1; CP124430.1	CP124435.1:1549; CP124434.1:2089; CP124433.1:5167; CP124432.1:6647; CP124431.1:87732; CP124430.1:113044; CP124429.1:4974345	Unicycler v. 0.5.0
ecol	SAMN34375065	SRR24308045	SRR24308094	GCA_029991185.1	ASM2999118v1	Escherichia coli		AVS0754					NCBI Prokaryotic Genome Annotation Pipeline (PGAP)	5094046	2	Complete Genome	2023-05-12		4974100	2							Illumina MiniSeq, Oxford Nanopore	University of Zurich	PRJNA961666	SAMN34375065	4974	Escherichia coli	SRS17434179; OXFORD_NANOPORE:SRR24308094; ILLUMINA:SRR24308045	CP124320.1	CP124321.1	CP124321.1:119946; CP124320.1:4974100	Unicycler v. 0.5.0
ecol	SAMN17214847	SRR13358220	SRR13358234	GCA_017638985.1	ASM1763898v1	Escherichia coli		SBF22					NCBI Prokaryotic Genome Annotation Pipeline (PGAP)	5221827	6	Complete Genome	2021-03-30		4970621	6							Illumina MiniSeq, Oxford Nanopore MinIon	University of Zurich	PRJNA689691	SAMN17214847	5066	Escherichia coli	SRS7969844; OXFORD_NANOPORE:SRR13358234; ILLUMINA:SRR13358220	CP067235.1	CP067240.1; CP067239.1; CP067238.1; CP067237.1; CP067236.1	CP067240.1:2295; CP067239.1:3131; CP067238.1:25897; CP067237.1:96901; CP067236.1:122982; CP067235.1:4970621	Unicycler v. 0.4.8
ecol	SAMN33902174	SRR27733102	SRR27733101	GCA_029623635.1	ASM2962363v1	Escherichia coli		ST3					NCBI Prokaryotic Genome Annotation Pipeline (PGAP)	5141453	3	Complete Genome	2023-04-08		4969640	3							Illumina iSeq; Oxford Nanopore MinION	Policlinico Sant'Orsola-Malpighi	PRJNA948410	SAMN33902174	4976	Escherichia coli	SRS20259328; ILLUMINA:SRR27733102; OXFORD_NANOPORE:SRR27733101	CP121087.1	CP121089.1; CP121088.1	CP121089.1:4073; CP121088.1:167740; CP121087.1:4969640	Unicycler v. 0.5.0
ecol	SAMN34360955	SRR24308041	SRR24308037	GCA_030036755.1	ASM3003675v1	Escherichia coli		AVS0744					NCBI Prokaryotic Genome Annotation Pipeline (PGAP)	5055036	2	Complete Genome	2023-05-12		4968581	2							Illumina MiniSeq, Oxford Nanopore	University of Zurich	PRJNA961666	SAMN34360955	4926	Escherichia coli	SRS17434214; ILLUMINA:SRR24308041; OXFORD_NANOPORE:SRR24308037	CP124500.1	CP124501.1	CP124501.1:86455; CP124500.1:4968581	Unicycler v. 0.5.0
ecol	SAMN34360974	SRR24308079	SRR24308016	GCA_030039325.1	ASM3003932v1	Escherichia coli		AVS0223					NCBI Prokaryotic Genome Annotation Pipeline (PGAP)	5216952	5	Complete Genome	2023-05-12		4967373	5							Illumina MiniSeq, Oxford Nanopore	University of Zurich	PRJNA961666	SAMN34360974	5126	Escherichia coli	SRS17434193; ILLUMINA:SRR24308079; OXFORD_NANOPORE:SRR24308016	CP124415.1	CP124419.1; CP124418.1; CP124417.1; CP124416.1	CP124419.1:1549; CP124418.1:5167; CP124417.1:108564; CP124416.1:134299; CP124415.1:4967373	Unicycler v. 0.5.0
ecol	SAMN22252057	SRR18439251	SRR18439252	GCA_020541025.1	ASM2054102v1	Escherichia coli		P21_SE1_04.20					NCBI Prokaryotic Genome Annotation Pipeline (PGAP)	5264596	6	Complete Genome	2021-10-21		4965339	6							Oxford Nanopore MinION; Illumina	United Kingdom Health Security Agency	PRJNA770738	SAMN22252057	5146	Escherichia coli	SRS12349360; OXFORD_NANOPORE:SRR18439252; ILLUMINA:SRR18439251	CP085074.1	CP085079.1; CP085078.1; CP085077.1; CP085076.1; CP085075.1	CP085079.1:3174; CP085078.1:4071; CP085077.1:56811; CP085076.1:100217; CP085075.1:134984; CP085074.1:4965339	Unicycler v. 0.4.9
ecol	SAMN34360964	SRR24308090	SRR24308027	GCA_030037445.1	ASM3003744v1	Escherichia coli		AVS0973					NCBI Prokaryotic Genome Annotation Pipeline (PGAP)	5285866	4	Complete Genome	2023-05-12		4965329	4							Illumina MiniSeq, Oxford Nanopore	University of Zurich	PRJNA961666	SAMN34360964	5213	Escherichia coli	SRS17434182; ILLUMINA:SRR24308090; OXFORD_NANOPORE:SRR24308027	CP124471.1	CP124474.1; CP124473.1; CP124472.1	CP124474.1:91072; CP124473.1:94790; CP124472.1:134675; CP124471.1:4965329	Unicycler v. 0.5.0
ecol	SAMN13951926	SRR11038980	SRR11038986	GCA_010365325.1	ASM1036532v1	Escherichia coli		9					NCBI Prokaryotic Genome Annotation Pipeline (PGAP)	5375875	6	Complete Genome	2020-02-09		4959978	6							Oxford Nanopore/illumina minniseq	University of Zurich	PRJNA604100	SAMN13951926	5175	Escherichia coli	SRS6117394; OXFORD_NANOPORE:SRR11038986; ILLUMINA:SRR11038980	CP048304.1	CP048309.1; CP048308.1; CP048307.1; CP048306.1; CP048305.1	CP048309.1:24518; CP048308.1:26999; CP048307.1:94239; CP048306.1:110182; CP048305.1:159959; CP048304.1:4959978	unicycler v. 0.4.8
ecol	SAMN25236405	SRR17731587	SRR17772282	GCA_022494745.1	ASM2249474v1	Escherichia coli		KKo003					NCBI Prokaryotic Genome Annotation Pipeline (PGAP)	5168268	9	Complete Genome	2022-03-07		4956558	9							Illumina NovaSeq; Oxford Nanopore MinION	Kyoto University	PRJNA800231	SAMN25236405	5075	Escherichia coli	SRS11758170; ILLUMINA:SRR17731587; OXFORD_NANOPORE:SRR17772282	CP091682.1	CP091690.1; CP091689.1; CP091688.1; CP091687.1; CP091686.1; CP091685.1; CP091684.1; CP091683.1	CP091690.1:2101; CP091689.1:4077; CP091688.1:3172; CP091687.1:5166; CP091686.1:5755; CP091685.1:86532; CP091684.1:100833; CP091683.1:4074; CP091682.1:4956558	Unicycler v. 0.4.8
ecol	SAMN16231001	SRR21634505	SRR21634504	GCA_014805805.1	ASM1480580v1	Escherichia coli		SMBL					NCBI Prokaryotic Genome Annotation Pipeline (PGAP)	5024336	3	Complete Genome	2020-09-30		4949557	3							Illumina MiniSeq; Nanopore MinIon	The Independent Schools Foundation Academy	PRJNA664712	SAMN16231001	4805	Escherichia coli	SRS15169576; ILLUMINA:SRR21634505; OXFORD_NANOPORE:SRR21634504	CP061914.1	CP061916.1; CP061915.1	CP061916.1:6754; CP061915.1:68025; CP061914.1:4949557	Unicycler v. Jan-2020
ecol	SAMN19493560	SRR14710795	SRR14710796	GCA_018798845.1	ASM1879884v1	Escherichia coli		AVS0096					NCBI Prokaryotic Genome Annotation Pipeline (PGAP)	5092092	4	Complete Genome	2021-06-09		4944762	4							Illumina MiniSeq; Oxford Nanopore	University of Zurich	PRJNA734472	SAMN19493560	4939	Escherichia coli	SRS9116829; OXFORD_NANOPORE:SRR14710796; ILLUMINA:SRR14710795	CP076344.1	CP076347.1; CP076346.1; CP076345.1	CP076347.1:2113; CP076346.1:44199; CP076345.1:101018; CP076344.1:4944762	Unicycler v. v0.4.8
ecol	SAMN41094954	SRR28816069	SRR29099108	GCA_038627065.2	ASM3862706v2	Escherichia coli		2024CK-00475					NCBI Prokaryotic Genome Annotation Pipeline (PGAP)	5151408	5	Complete Genome	2024-06-03		4941147	5							Oxford Nanopore GridION; Illumina MiSeq	Utah Public Health Laboratory, Utah Public Health Laboratory Infectious Disease submission group	PRJNA812595	SAMN41094954	5110	Escherichia coli	SRS21135505; ILLUMINA:SRR28816069; OXFORD_NANOPORE:SRR29099108	CP157327.1	CP157331.1; CP157330.1; CP157329.1; CP157328.1	CP157331.1:4063; CP157330.1:5166; CP157329.1:90970; CP157328.1:110062; CP157327.1:4941147	Unicycler v. 0.5.0
ecol	SAMN41094955	SRR28816068	SRR29099107	GCA_038627105.2	ASM3862710v2	Escherichia coli		2024CK-00474					NCBI Prokaryotic Genome Annotation Pipeline (PGAP)	5125514	3	Complete Genome	2024-06-02		4940562	3							Illumina MiSeq; Oxford Nanopore GridION	Utah Public Health Laboratory, Utah Public Health Laboratory Infectious Disease submission group	PRJNA812595	SAMN41094955	5073	Escherichia coli	SRS21135506; ILLUMINA:SRR28816068; OXFORD_NANOPORE:SRR29099107	CP157234.1	CP157236.1; CP157235.1	CP157236.1:90970; CP157235.1:93982; CP157234.1:4940562	Unicycler v. 0.5.0
ecol	SAMN11997563	SRR27967202	SRR27967205	GCA_019585465.2	STEC10	Escherichia coli		10					NCBI Prokaryotic Genome Annotation Pipeline (PGAP)	5147272	4	Complete Genome	2024-04-01		4939338	4							Oxford Nanopore GridION; Illumina MiSeq	ORS/DM/MMSB, Food and Drug Administration-College Park	PRJNA548004	SAMN11997563	5078	Escherichia coli	SRS6430051; ILLUMINA:SRR11485272; OXFORD_NANOPORE:SRR27967205; ILLUMINA:SRR27967202	CP146507.1	CP146510.1; CP146509.1; CP146508.1	CP146510.1:7769; CP146509.1:39314; CP146508.1:160851; CP146507.1:4939338	Unicycler v. v0.4.8
ecol	SAMN24145077	SRR17250641	SRR21504737	GCA_025259645.1	ASM2525964v1	Escherichia coli		2021CK-01784					NCBI Prokaryotic Genome Annotation Pipeline (PGAP)	5049286	2	Complete Genome	2022-09-19		4936877	2							Illumina MiSeq; Oxford Nanopore GridION	Utah Public Health Laboratory Infectious Disease submission group	PRJNA812595	SAMN24145077	4862	Escherichia coli	SRS11330419; ILLUMINA:SRR17250641; OXFORD_NANOPORE:SRR21504737	CP104371.1	CP104372.1	CP104372.1:112409; CP104371.1:4936877	Unicycler v. 0
ecol	SAMN34360957	SRR24308019	SRR24308035	GCA_030036835.1	ASM3003683v1	Escherichia coli		AVS0662					NCBI Prokaryotic Genome Annotation Pipeline (PGAP)	5097370	3	Complete Genome	2023-05-12		4933398	3							Illumina MiniSeq, Oxford Nanopore	University of Zurich	PRJNA961666	SAMN34360957	5003	Escherichia coli	SRS17434216; OXFORD_NANOPORE:SRR24308035; ILLUMINA:SRR24308019	CP124495.1	CP124497.1; CP124496.1	CP124497.1:75820; CP124496.1:88152; CP124495.1:4933398	Unicycler v. 0.5.0
ecol	SAMN34360980	SRR24308072	SRR24308010	GCA_029990555.1	ASM2999055v1	Escherichia coli		AVS0968					NCBI Prokaryotic Genome Annotation Pipeline (PGAP)	5300229	6	Complete Genome	2023-05-12		4919904	6							Illumina MiniSeq, Oxford Nanopore	University of Zurich	PRJNA961666	SAMN34360980	5250	Escherichia coli	SRS17434200; ILLUMINA:SRR24308072; OXFORD_NANOPORE:SRR24308010	CP124392.1	CP124397.1; CP124396.1; CP124395.1; CP124394.1; CP124393.1	CP124397.1:1549; CP124396.1:37893; CP124395.1:90724; CP124394.1:114821; CP124393.1:135338; CP124392.1:4919904	Unicycler v. 0.5.0
ecol	SAMN34360977	SRR24308076	SRR24308013	GCA_030039395.1	ASM3003939v1	Escherichia coli		AVS0935					NCBI Prokaryotic Genome Annotation Pipeline (PGAP)	5092095	5	Complete Genome	2023-05-12		4917286	5							Illumina MiniSeq, Oxford Nanopore	University of Zurich	PRJNA961666	SAMN34360977	4989	Escherichia coli	SRS17434197; ILLUMINA:SRR24308076; OXFORD_NANOPORE:SRR24308013	CP124405.1	CP124409.1; CP124408.1; CP124407.1; CP124406.1	CP124409.1:4087; CP124408.1:5167; CP124407.1:74054; CP124406.1:91501; CP124405.1:4917286	Unicycler v. 0.5.0
ecol	SAMN34360961	SRR24308093	SRR24308031	GCA_030036925.1	ASM3003692v1	Escherichia coli		AVS0575					NCBI Prokaryotic Genome Annotation Pipeline (PGAP)	5163221	4	Complete Genome	2023-05-12		4909649	4							Illumina MiniSeq, Oxford Nanopore	University of Zurich	PRJNA961666	SAMN34360961	5054	Escherichia coli	SRS17434178; ILLUMINA:SRR24308093; OXFORD_NANOPORE:SRR24308031	CP124483.1	CP124486.1; CP124485.1; CP124484.1	CP124486.1:5631; CP124485.1:110848; CP124484.1:137093; CP124483.1:4909649	Unicycler v. 0.5.0
ecol	SAMN29499312	SRR19977220	SRR19977223	GCA_024225755.1	ASM2422575v1	Escherichia coli		LH10-b-1					NCBI Prokaryotic Genome Annotation Pipeline (PGAP)	5290415	12	Complete Genome	2022-07-13		4907133	12							Illumina MiniSeq, Oxford Nanopore	University of Zurich	PRJNA855630	SAMN29499312	5274	Escherichia coli	SRS13699817; OXFORD_NANOPORE:SRR19977223; ILLUMINA:SRR19977220	CP100530.1	CP100541.1; CP100540.1; CP100539.1; CP100538.1; CP100537.1; CP100536.1; CP100535.1; CP100534.1; CP100533.1; CP100532.1; CP100531.1	CP100541.1:2096; CP100540.1:3083; CP100539.1:3375; CP100538.1:4073; CP100537.1:5594; CP100536.1:8038; CP100535.1:8910; CP100534.1:9400; CP100533.1:67280; CP100532.1:102161; CP100531.1:169272; CP100530.1:4907133	Unicycler v. 0.5.0
ecol	SAMN16077358	SRR12844969	SRR12844968	GCA_014656625.1	ASM1465662v1	Escherichia coli		M00057					NCBI Prokaryotic Genome Annotation Pipeline (PGAP)	5040622	2	Complete Genome	2020-09-19		4902711	2							Illumina NextSeq; Oxford Nanopore GridION	Queensland Health Forensic and Scientific Services	PRJNA662169	SAMN16077358	4839	Escherichia coli	SRS7536425; ILLUMINA:SRR12844969; OXFORD_NANOPORE:SRR12844968	CP061339.1	CP061340.1	CP061340.1:137911; CP061339.1:4902711	flye v. AUG-2020; Unicycler v. AUG-2020
ecol	SAMN16077359	SRR12844971	SRR12844970	GCA_014656605.1	ASM1465660v1	Escherichia coli		M11957					NCBI Prokaryotic Genome Annotation Pipeline (PGAP)	5037044	2	Complete Genome	2020-09-19		4901256	2							Illumina NextSeq; Oxford Nanopore GridION	Queensland Health Forensic and Scientific Services	PRJNA662169	SAMN16077359	4846	Escherichia coli	SRS7536424; ILLUMINA:SRR12844971; OXFORD_NANOPORE:SRR12844970	CP061337.1	CP061338.1	CP061338.1:135788; CP061337.1:4901256	flye v. AUG-2020; Unicycler v. AUG-2020
ecol	SAMN34360958	SRR24308008	SRR24308034	GCA_030036855.1	ASM3003685v1	Escherichia coli		AVS0225					NCBI Prokaryotic Genome Annotation Pipeline (PGAP)	5070224	3	Complete Genome	2023-05-12		4895052	3							Illumina MiniSeq, Oxford Nanopore	University of Zurich	PRJNA961666	SAMN34360958	4961	Escherichia coli	SRS17434217; OXFORD_NANOPORE:SRR24308034; ILLUMINA:SRR24308008	CP124492.1	CP124494.1; CP124493.1	CP124494.1:63429; CP124493.1:111743; CP124492.1:4895052	Unicycler v. 0.5.0
ecol	SAMN34360965	SRR24308089	SRR24308026	GCA_030037615.1	ASM3003761v1	Escherichia coli		AVS0747					NCBI Prokaryotic Genome Annotation Pipeline (PGAP)	5112321	4	Complete Genome	2023-05-12		4893409	4							Illumina MiniSeq, Oxford Nanopore	University of Zurich	PRJNA961666	SAMN34360965	5003	Escherichia coli	SRS17434183; ILLUMINA:SRR24308089; OXFORD_NANOPORE:SRR24308026	CP124467.1	CP124470.1; CP124469.1; CP124468.1	CP124470.1:4287; CP124469.1:105196; CP124468.1:109429; CP124467.1:4893409	Unicycler v. 0.5.0
ecol	SAMN17807536	SRR13766683	SRR13766682	GCA_017088425.1	ASM1708842v1	Escherichia coli		88COLEC					NCBI Prokaryotic Genome Annotation Pipeline (PGAP)	5157225	8	Complete Genome	2021-03-01		4892887	8							Illumina NovaSeq Oxford Nanopore MiniION	Temasek Life Sciences Laboratory Limited	PRJNA599529	SAMN17807536	4908	Escherichia coli	SRS8305154; ILLUMINA:SRR13766683; OXFORD_NANOPORE:SRR13766682	CP070906.1	CP070913.1; CP070912.1; CP070911.1; CP070910.1; CP070909.1; CP070908.1; CP070907.1	CP070913.1:1917; CP070912.1:2136; CP070911.1:2137; CP070910.1:2257; CP070909.1:2334; CP070908.1:111012; CP070907.1:142545; CP070906.1:4892887	Unicycler v. 0.4.8
ecol	SAMN13951916	SRR11038969	SRR11038984	GCA_010365525.1	ASM1036552v1	Escherichia coli		164					NCBI Prokaryotic Genome Annotation Pipeline (PGAP)	5030497	4	Complete Genome	2020-02-09		4892242	4							Oxford Nanopore/illumina minniseq	University of Zurich	PRJNA604100	SAMN13951916	4850	Escherichia coli	SRS6117398; OXFORD_NANOPORE:SRR11038984; ILLUMINA:SRR11038969	CP048367.1	CP048370.1; CP048369.1; CP048368.1	CP048370.1:2089; CP048369.1:3684; CP048368.1:132482; CP048367.1:4892242	unicycler v. 0.4.8
ecol	SAMN13951922	SRR11038976	SRR11038964	GCA_010365425.1	ASM1036542v1	Escherichia coli		10					NCBI Prokaryotic Genome Annotation Pipeline (PGAP)	5126529	7	Complete Genome	2020-02-09		4891237	7							Oxford Nanopore/illumina minniseq	University of Zurich	PRJNA604100	SAMN13951922	5034	Escherichia coli	SRS6117401; ILLUMINA:SRR11038976; OXFORD_NANOPORE:SRR11038964	CP048330.1	CP048336.1; CP048335.1; CP048334.1; CP048333.1; CP048332.1; CP048331.1	CP048336.1:4064; CP048335.1:4065; CP048334.1:13907; CP048333.1:32102; CP048332.1:51479; CP048331.1:129675; CP048330.1:4891237	unicycler v. 0.4.8
ecol	SAMN13951918	SRR11038971	SRR11038960	GCA_010365485.1	ASM1036548v1	Escherichia coli		53					NCBI Prokaryotic Genome Annotation Pipeline (PGAP)	5234237	8	Complete Genome	2020-02-09		4884114	8							Oxford Nanopore/illumina minniseq	University of Zurich	PRJNA604100	SAMN13951918	5109	Escherichia coli	SRS6117406; ILLUMINA:SRR11038971; OXFORD_NANOPORE:SRR11038960	CP048359.1	CP048366.1; CP048365.1; CP048364.1; CP048363.1; CP048362.1; CP048361.1; CP048360.1	CP048366.1:2101; CP048365.1:3638; CP048364.1:7872; CP048363.1:33876; CP048362.1:69538; CP048361.1:88513; CP048360.1:144585; CP048359.1:4884114	unicycler v. 0.4.8
ecol	SAMN22251340	SRR18439257	SRR18439258	GCA_020540965.1	ASM2054096v1	Escherichia coli		P30_L1_05.20					NCBI Prokaryotic Genome Annotation Pipeline (PGAP)	5094215	3	Complete Genome	2021-10-21		4865648	3							Oxford Nanopore MinION; Illumina	United Kingdom Health Security Agency	PRJNA770738	SAMN22251340	4965	Escherichia coli	SRS12349357; OXFORD_NANOPORE:SRR18439258; ILLUMINA:SRR18439257	CP085060.1	CP085062.1; CP085061.1	CP085062.1:66866; CP085061.1:161701; CP085060.1:4865648	Unicycler v. 0.4.9
ecol	SAMN30655617	SRR21410264	SRR21547797	GCA_025398755.1	ASM2539875v1	Escherichia coli		2022CK-00450					NCBI Prokaryotic Genome Annotation Pipeline (PGAP)	5203554	8	Complete Genome	2022-09-25		4856360	8							Illumina MiSeq; Oxford Nanopore GridION	Utah Public Health Laboratory Infectious Disease submission group	PRJNA812595	SAMN30655617	5162	Escherichia coli	SRS14972668; ILLUMINA:SRR21410264; OXFORD_NANOPORE:SRR21547797	CP104681.1	CP104688.1; CP104687.1; CP104686.1; CP104685.1; CP104684.1; CP104683.1; CP104682.1	CP104688.1:1240; CP104687.1:2641; CP104686.1:3223; CP104685.1:3604; CP104684.1:4075; CP104683.1:122304; CP104682.1:210107; CP104681.1:4856360	Unicycler v. 0.5.0
ecol	SAMN13951925	SRR11038979	SRR11038985	GCA_010365345.1	ASM1036534v1	Escherichia coli		32-4					NCBI Prokaryotic Genome Annotation Pipeline (PGAP)	5173218	12	Complete Genome	2020-02-09		4853092	12							Oxford Nanopore/illumina minniseq	University of Zurich	PRJNA604100	SAMN13951925	5020	Escherichia coli	SRS6117395; OXFORD_NANOPORE:SRR11038985; ILLUMINA:SRR11038979	CP048310.1	CP048321.1; CP048320.1; CP048319.1; CP048318.1; CP048317.1; CP048316.1; CP048315.1; CP048314.1; CP048313.1; CP048312.1; CP048311.1	CP048321.1:50168; CP048320.1:1822; CP048319.1:2101; CP048318.1:3174; CP048317.1:3372; CP048316.1:4069; CP048315.1:4417; CP048314.1:5163; CP048313.1:6200; CP048312.1:69245; CP048311.1:170395; CP048310.1:4853092	unicycler v. 0.4.8
ecol	SAMN34360962	SRR24308092	SRR24308029	GCA_030037135.1	ASM3003713v1	Escherichia coli		AVS0756					NCBI Prokaryotic Genome Annotation Pipeline (PGAP)	4956892	2	Complete Genome	2023-05-12		4848357	2							Illumina MiniSeq, Oxford Nanopore	University of Zurich	PRJNA961666	SAMN34360962	4832	Escherichia coli	SRS17434180; ILLUMINA:SRR24308092; OXFORD_NANOPORE:SRR24308029	CP124481.1	CP124482.1	CP124482.1:108535; CP124481.1:4848357	Unicycler v. 0.5.0
ecol	SAMN34360959	SRR24308109	SRR24308033	GCA_030036875.1	ASM3003687v1	Escherichia coli		AVS0456					NCBI Prokaryotic Genome Annotation Pipeline (PGAP)	4973976	2	Complete Genome	2023-05-12		4830942	2							Illumina MiniSeq, Oxford Nanopore	University of Zurich	PRJNA961666	SAMN34360959	4835	Escherichia coli	SRS17434164; ILLUMINA:SRR24308109; OXFORD_NANOPORE:SRR24308033	CP124490.1	CP124491.1	CP124491.1:143034; CP124490.1:4830942	Unicycler v. 0.5.0
ecol	SAMN17214845	SRR13358222	SRR13358212	GCA_017639025.1	ASM1763902v1	Escherichia coli		OW1E2					NCBI Prokaryotic Genome Annotation Pipeline (PGAP)	5014164	5	Complete Genome	2021-03-30		4820906	5							Illumina MiniSeq, Oxford Nanopore MinIon	University of Zurich	PRJNA689691	SAMN17214845	4847	Escherichia coli	SRS7969854; ILLUMINA:SRR13358222; OXFORD_NANOPORE:SRR13358212	CP067245.1	CP067249.1; CP067248.1; CP067247.1; CP067246.1	CP067249.1:3673; CP067248.1:6749; CP067247.1:74070; CP067246.1:108766; CP067245.1:4820906	Unicycler v. 0.4.8
ecol	SAMN13951917	SRR11038970	SRR11038959	GCA_010365505.1	ASM1036550v1	Escherichia coli		163					NCBI Prokaryotic Genome Annotation Pipeline (PGAP)	4995341	5	Complete Genome	2020-02-09		4819649	5							Oxford Nanopore/illumina minniseq	University of Zurich	PRJNA604100	SAMN13951917	4794	Escherichia coli	SRS6117407; ILLUMINA:SRR11038970; OXFORD_NANOPORE:SRR11038959	CP048371.1	CP048375.1; CP048374.1; CP048373.1; CP048372.1	CP048375.1:3684; CP048374.1:10494; CP048373.1:71270; CP048372.1:90244; CP048371.1:4819649	unicycler v. 0.4.8
ecol	SAMN38788848	SRR27185907	SRR27285307	GCA_034331185.2	ASM3433118v2	Escherichia coli		2023CK-01509					NCBI Prokaryotic Genome Annotation Pipeline (PGAP)	5099852	6	Complete Genome	2024-01-14		4813684	6							Oxford Nanopore GridION; Illumina MiSeq	Utah Public Health Laboratory Infectious Disease submission group	PRJNA812595	SAMN38788848	5029	Escherichia coli	SRS19840296; ILLUMINA:SRR27185907; OXFORD_NANOPORE:SRR27285307	CP141736.1	CP141741.1; CP141740.1; CP141739.1; CP141738.1; CP141737.1	CP141741.1:3071; CP141740.1:3726; CP141739.1:51479; CP141738.1:90184; CP141737.1:137708; CP141736.1:4813684	Unicycler v. 0.5.0
ecol	SAMN13756518	SRR10896389	SRR10896390	GCA_009905135.1	ASM990513v1	Escherichia coli		94EC					NCBI Prokaryotic Genome Annotation Pipeline (PGAP)	5240704	7	Complete Genome	2020-01-19		4811585	7							Oxford Nanopore MiniION; Illumina NovaSeq	Temasek Life Sciences Laboratory Limited	PRJNA599529	SAMN13756518	5094	Escherichia coli	SRS6001896; OXFORD_NANOPORE:SRR10896390; ILLUMINA:SRR10896389	CP047576.1	CP047582.1; CP047581.1; CP047580.1; CP047579.1; CP047578.1; CP047577.1	CP047582.1:1506; CP047581.1:6647; CP047580.1:47443; CP047579.1:60960; CP047578.1:134426; CP047577.1:178137; CP047576.1:4811585	Unicycler v. v0.4.8
ecol	SAMN17214844	SRR13358223	SRR13358213	GCA_017639045.1	ASM1763904v1	Escherichia coli		ESBL_DR28					NCBI Prokaryotic Genome Annotation Pipeline (PGAP)	4991508	5	Complete Genome	2021-03-30		4803708	5							Illumina MiniSeq, Oxford Nanopore MinIon	University of Zurich	PRJNA689691	SAMN17214844	4789	Escherichia coli	SRS7969853; ILLUMINA:SRR13358223; OXFORD_NANOPORE:SRR13358213	CP067250.1	CP067254.1; CP067253.1; CP067252.1; CP067251.1	CP067254.1:2101; CP067253.1:6200; CP067252.1:46067; CP067251.1:133432; CP067250.1:4803708	Unicycler v. 0.4.8
ecol	SAMN25378667	SRR21680818	SRR21680817	GCA_022014695.1	ASM2201469v1	Escherichia coli		SWYH.B349aT					NCBI Prokaryotic Genome Annotation Pipeline (PGAP)	4918847	4	Complete Genome	2022-02-06		4800990	4							Illumina MiSeq; Oxford Nanopore MinION	The Independent Schools Foundation Academy	PRJNA801757	SAMN25378667	4832	Escherichia coli	SRS15210749; ILLUMINA:SRR21680818; OXFORD_NANOPORE:SRR21680817	CP091773.1	CP091776.1; CP091775.1; CP091774.1	CP091776.1:2028; CP091775.1:5969; CP091774.1:109860; CP091773.1:4800990	Unicycler v. 0.4.8-beta
ecol	SAMN17807534	SRR13766712	SRR13766701	GCA_017088445.1	ASM1708844v1	Escherichia coli		40EC					NCBI Prokaryotic Genome Annotation Pipeline (PGAP)	5254905	10	Complete Genome	2021-03-01		4790484	10							Illumina NovaSeq Oxford Nanopore MiniION	Temasek Life Sciences Laboratory Limited	PRJNA599529	SAMN17807534	5115	Escherichia coli	SRS8305127; ILLUMINA:SRR13766712; OXFORD_NANOPORE:SRR13766701	CP070920.1	CP070929.1; CP070928.1; CP070927.1; CP070926.1; CP070925.1; CP070924.1; CP070923.1; CP070922.1; CP070921.1	CP070929.1:1618; CP070928.1:3375; CP070927.1:4237; CP070926.1:4980; CP070925.1:50323; CP070924.1:60993; CP070923.1:102703; CP070922.1:104226; CP070921.1:131966; CP070920.1:4790484	Unicycler v. 0.4.8
ecol	SAMN39992790	SRR28012666	SRR28036843	GCA_038396335.1	ASM3839633v1	Escherichia coli		KFu021					NCBI Prokaryotic Genome Annotation Pipeline (PGAP)	5012569	4	Complete Genome	2024-04-19		4784920	4							Illumina NovaSeq; Oxford Nanopore MinION	Department of environmental engineering, Kyoto University	PRJNA1078256	SAMN39992790	4922	Escherichia coli	SRS20496061; ILLUMINA:SRR28012666; OXFORD_NANOPORE:SRR28036843	CP147101.1	CP147104.1; CP147103.1; CP147102.1	CP147104.1:1506; CP147103.1:95879; CP147102.1:130264; CP147101.1:4784920	Unicycler v. 0.5.0
ecol	SAMN39992787	SRR28012682	SRR28036850	GCA_038396365.1	ASM3839636v1	Escherichia coli		KMi029					NCBI Prokaryotic Genome Annotation Pipeline (PGAP)	4997572	16	Complete Genome	2024-04-19		4777987	16							Illumina NovaSeq; Oxford Nanopore MinION	Department of environmental engineering, Kyoto University	PRJNA1078256	SAMN39992787	4936	Escherichia coli	SRS20496047; ILLUMINA:SRR28012682; OXFORD_NANOPORE:SRR28036850	CP147109.1	CP147124.1; CP147123.1; CP147122.1; CP147121.1; CP147120.1; CP147119.1; CP147118.1; CP147117.1; CP147116.1; CP147115.1; CP147114.1; CP147113.1; CP147112.1; CP147111.1; CP147110.1	CP147124.1:1408; CP147123.1:2029; CP147122.1:2203; CP147121.1:2693; CP147120.1:2726; CP147119.1:3062; CP147118.1:3360; CP147117.1:4018; CP147116.1:4075; CP147115.1:4270; CP147114.1:4696; CP147113.1:4906; CP147112.1:5719; CP147111.1:68347; CP147110.1:106073; CP147109.1:4777987	Unicycler v. 0.5.0
ecol	SAMN13951924	SRR11038978	SRR11038974	GCA_010365365.1	ASM1036536v1	Escherichia coli		64					NCBI Prokaryotic Genome Annotation Pipeline (PGAP)	4835250	4	Complete Genome	2020-02-09		4771203	4							Oxford Nanopore/illumina minniseq	University of Zurich	PRJNA604100	SAMN13951924	4663	Escherichia coli	SRS6117400; ILLUMINA:SRR11038978; OXFORD_NANOPORE:SRR11038974	CP048322.1	CP048325.1; CP048324.1; CP048323.1	CP048325.1:50136; CP048324.1:3789; CP048323.1:10122; CP048322.1:4771203	unicycler v. 0.4.8
ecol	SAMN13951923	SRR11038977	SRR11038965	GCA_010365405.1	ASM1036540v1	Escherichia coli		61					NCBI Prokaryotic Genome Annotation Pipeline (PGAP)	4835592	4	Complete Genome	2020-02-09		4770210	4							Oxford Nanopore/illumina minniseq	University of Zurich	PRJNA604100	SAMN13951923	4663	Escherichia coli	SRS6117403; ILLUMINA:SRR11038977; OXFORD_NANOPORE:SRR11038965	CP048326.1	CP048329.1; CP048328.1; CP048327.1	CP048329.1:3789; CP048328.1:10122; CP048327.1:51471; CP048326.1:4770210	unicycler v. 0.4.8
ecol	SAMN17807537	SRR13766681	SRR13766680	GCA_017088405.1	ASM1708840v1	Escherichia coli		99COLEC					NCBI Prokaryotic Genome Annotation Pipeline (PGAP)	4947804	4	Complete Genome	2021-03-01		4770142	4							Illumina NovaSeq Oxford Nanopore MiniION	Temasek Life Sciences Laboratory Limited	PRJNA599529	SAMN17807537	4737	Escherichia coli	SRS8305155; ILLUMINA:SRR13766681; OXFORD_NANOPORE:SRR13766680	CP070902.1	CP070905.1; CP070904.1; CP070903.1	CP070905.1:1506; CP070904.1:2460; CP070903.1:173696; CP070902.1:4770142	Unicycler v. 0.4.8
ecol	SAMN41094847	SRR28815870	SRR29099097	GCA_038627295.2	ASM3862729v2	Escherichia coli		2024CK-00535					NCBI Prokaryotic Genome Annotation Pipeline (PGAP)	5002801	6	Complete Genome	2024-06-02		4769313	6							Oxford Nanopore GridION; Illumina MiSeq	Utah Public Health Laboratory, Utah Public Health Laboratory Infectious Disease submission group	PRJNA812595	SAMN41094847	4912	Escherichia coli	SRS21135309; ILLUMINA:SRR28815870; OXFORD_NANOPORE:SRR29099097	CP157243.1	CP157248.1; CP157247.1; CP157246.1; CP157245.1; CP157244.1	CP157248.1:4072; CP157247.1:6200; CP157246.1:24469; CP157245.1:58380; CP157244.1:140367; CP157243.1:4769313	Unicycler v. 0.5.0
ecol	SAMN21037614	SRR21680730	SRR21680729	GCA_019890835.1	ASM1989083v1	Escherichia coli		VCSW5					NCBI Prokaryotic Genome Annotation Pipeline (PGAP)	4852968	2	Complete Genome	2021-09-07		4764500	2							Illumina MiSeq; Oxford Nanopore MinION	The Independent Schools Foundation Academy	PRJNA758822	SAMN21037614	4621	Escherichia coli	SRS15210664; ILLUMINA:SRR21680730; OXFORD_NANOPORE:SRR21680729	CP082355.1	CP082356.1	CP082356.1:88468; CP082355.1:4764500	Unicycler v. v0.4.8-beta
ecol	SAMN13951915	SRR11038968	SRR11038983	GCA_010365545.1	ASM1036554v1	Escherichia coli		38					NCBI Prokaryotic Genome Annotation Pipeline (PGAP)	4827947	3	Complete Genome	2020-02-09		4738863	3							Oxford Nanopore/illumina minniseq	University of Zurich	PRJNA604100	SAMN13951915	4640	Escherichia coli	SRS6117399; OXFORD_NANOPORE:SRR11038983; ILLUMINA:SRR11038968	CP048376.1	CP048378.1; CP048377.1	CP048378.1:2088; CP048377.1:86996; CP048376.1:4738863	unicycler v. 0.4.8
ecol	SAMN37560771	SRR26195175	SRR26195176	GCA_033098885.1	ASM3309888v1	Escherichia coli		MS1266					NCBI Prokaryotic Genome Annotation Pipeline (PGAP)	4993617	4	Complete Genome	2023-10-27		4735863	4							Illumina HiSeq; Oxford Nanopore GridION	Mississippi State University	PRJNA839731	SAMN37560771	4817	Escherichia coli	SRS18992470; OXFORD_NANOPORE:SRR26195176; ILLUMINA:SRR26195175	CP135959.1	CP135962.1; CP135961.1; CP135960.1	CP135962.1:1552; CP135961.1:122100; CP135960.1:134102; CP135959.1:4735863	Flye v. 2.9; Unicycler v. 0.5.0
ecol	SAMN13951920	SRR11038973	SRR11038962	GCA_010365465.1	ASM1036546v1	Escherichia coli		124					NCBI Prokaryotic Genome Annotation Pipeline (PGAP)	4910586	5	Complete Genome	2020-02-09		4731258	5							Oxford Nanopore/illumina minniseq	University of Zurich	PRJNA604100	SAMN13951920	4759	Escherichia coli	SRS6117404; ILLUMINA:SRR11038973; OXFORD_NANOPORE:SRR11038962	CP048344.1	CP048348.1; CP048347.1; CP048346.1; CP048345.1	CP048348.1:2088; CP048347.1:28663; CP048346.1:51466; CP048345.1:97111; CP048344.1:4731258	unicycler v. 0.4.8
ecol	SAMN21038243	SRR21680732	SRR21680731	GCA_019890855.1	ASM1989085v1	Escherichia coli		VCSW7					NCBI Prokaryotic Genome Annotation Pipeline (PGAP)	4820944	2	Complete Genome	2021-09-07		4730997	2							Illumina MiSeq; Oxford Nanopore MinION	The Independent Schools Foundation Academy	PRJNA758822	SAMN21038243	4563	Escherichia coli	SRS15210665; ILLUMINA:SRR21680732; OXFORD_NANOPORE:SRR21680731	CP082357.1	CP082358.1	CP082358.1:89947; CP082357.1:4730997	Unicycler v. v0.4.8-beta
ecol	SAMN21036792	SRR19975623	SRR19975622	GCA_019891035.1	ASM1989103v1	Escherichia coli		AL.H8					NCBI Prokaryotic Genome Annotation Pipeline (PGAP)	4809461	2	Complete Genome	2021-09-07		4729845	2							Illumina MiSeq; Oxford Nanopore MinION	The Independent Schools Foundation Academy	PRJNA758815	SAMN21036792	4660	Escherichia coli	SRS13698366; ILLUMINA:SRR19975623; OXFORD_NANOPORE:SRR19975622	CP082349.1	CP082350.1	CP082350.1:79616; CP082349.1:4729845	Unicycler v. v0.4.8-beta
ecol	SAMN12512712	SRR10015223	SRR10015224	GCA_008823185.1	ASM882318v1	Escherichia coli		PK6					NCBI Prokaryotic Genome Annotation Pipeline (PGAP)	4789129	5	Complete Genome	2019-10-04		4726527	5							Illumina MiSeq; Oxford Nanopore MiniION	University of Bern	PRJNA559061	SAMN12512712	4704	Escherichia coli	SRS5302731; OXFORD_NANOPORE:SRR10015224; ILLUMINA:SRR10015223	CP042588.1	CP042592.1; CP042591.1; CP042590.1; CP042589.1	CP042592.1:2724; CP042591.1:4593; CP042590.1:12602; CP042589.1:42683; CP042588.1:4726527	Unicycler v. 0.4.4
ecol	SAMN17807535	SRR13766690	SRR13766684	GCA_017088465.1	ASM1708846v1	Escherichia coli		65COLEC					NCBI Prokaryotic Genome Annotation Pipeline (PGAP)	5055327	6	Complete Genome	2021-03-01		4722363	6							Illumina NovaSeq Oxford Nanopore MiniION	Temasek Life Sciences Laboratory Limited	PRJNA599529	SAMN17807535	4856	Escherichia coli	SRS8305148; ILLUMINA:SRR13766690; OXFORD_NANOPORE:SRR13766684	CP070914.1	CP070919.1; CP070918.1; CP070917.1; CP070916.1; CP070915.1	CP070919.1:1551; CP070918.1:3373; CP070917.1:4710; CP070916.1:106065; CP070915.1:217265; CP070914.1:4722363	Unicycler v. 0.4.8
ecol	SAMN15086849	SRR11909878	SRR11909877	GCA_014169995.1	ASM1416999v1	Escherichia coli		IDR1900005638-01-02					NCBI Prokaryotic Genome Annotation Pipeline (PGAP)	4779842	3	Complete Genome	2020-08-12		4702170	3							Illumina MiSeq; Oxford Nanopore MiniION	Wadsworth Center, New York State Department of Health	PRJNA636827	SAMN15086849	4549	Escherichia coli	SRS6757886; ILLUMINA:SRR11909878; OXFORD_NANOPORE:SRR11909877	CP054282.1	CP054284.1; CP054283.1	CP054284.1:34051; CP054283.1:43621; CP054282.1:4702170	Unicycler v. 0.4.8
ecol	SAMN33417457	SRR24502285	SRR24502284	GCA_029223605.1	ASM2922360v1	Escherichia coli		MRE162					Annotation submitted by Norwegian Defence Research Establishment	4767221	2	Complete Genome	2023-03-16		4690371	2							Illumina MiniSeq; Oxford Nanopore MinION	Norwegian Defence Research Establishment	PRJNA935550	SAMN33417457	4640	Escherichia coli	SRS17614138; ILLUMINA:SRR24502285; OXFORD_NANOPORE:SRR24502284	CP119400.1	CP119401.1	CP119401.1:76850; CP119400.1:4690371	Unicycler v. v0.5.0
ecol	SAMN33417455	SRR24502289	SRR24502288	GCA_029223645.1	ASM2922364v1	Escherichia coli		MRE162					Annotation submitted by Norwegian Defence Research Establishment	4766891	2	Complete Genome	2023-03-16		4690036	2							Illumina MiSeq; Oxford Nanopore MinION	Norwegian Defence Research Establishment	PRJNA935550	SAMN33417455	4645	Escherichia coli	SRS17614136; ILLUMINA:SRR24502289; OXFORD_NANOPORE:SRR24502288	CP119404.1	CP119405.1	CP119405.1:76855; CP119404.1:4690036	Unicycler v. v0.5.0
ecol	SAMN29011449	SRR21133211	SRR21133210	GCA_024023055.1	ASM2402305v1	Escherichia coli		EMG2					NCBI Prokaryotic Genome Annotation Pipeline (PGAP)	4774480	2	Complete Genome	2022-06-29		4675322	2							Illumina HiSeq, Oxford Nanopore	Aston University	PRJNA848777	SAMN29011449	4648	Escherichia coli	SRS14717974; ILLUMINA:SRR21133211; OXFORD_NANOPORE:SRR21133210	CP099588.1	CP099589.1	CP099589.1:99158; CP099588.1:4675322	Unicycler v. 0.4.0
ecol	SAMN25236399	SRR17731593	SRR17772288	GCA_022494725.1	ASM2249472v1	Escherichia coli		KFu022					NCBI Prokaryotic Genome Annotation Pipeline (PGAP)	4893247	5	Complete Genome	2022-03-07		4675244	5							Illumina NovaSeq; Oxford Nanopore MinION	Kyoto University	PRJNA800231	SAMN25236399	4814	Escherichia coli	SRS11758165; ILLUMINA:SRR17731593; OXFORD_NANOPORE:SRR17772288	CP091677.1	CP091681.1; CP091680.1; CP091679.1; CP091678.1	CP091681.1:5448; CP091680.1:5658; CP091679.1:98126; CP091678.1:108771; CP091677.1:4675244	Unicycler v. 0.4.8
ecol	SAMN21039660	SRR21680750	SRR21680749	GCA_020683245.1	ASM2068324v1	Escherichia coli		VCSW8					NCBI Prokaryotic Genome Annotation Pipeline (PGAP)	4674977	2	Complete Genome	2021-10-31		4672036	2							Illumina MiSeq; Oxford Nanopore MinION	The Independent Schools Foundation Academy	PRJNA758822	SAMN21039660	4464	Escherichia coli	SRS15210682; ILLUMINA:SRR21680750; OXFORD_NANOPORE:SRR21680749	CP085488.1	CP085489.1	CP085489.1:2941; CP085488.1:4672036	Unicycler v. v0.4.8-beta
ecol	SAMN25236400	SRR17731592	SRR17772287	GCA_022494645.1	ASM2249464v1	Escherichia coli		KFu023					NCBI Prokaryotic Genome Annotation Pipeline (PGAP)	4674103	2	Complete Genome	2022-03-07		4672002	2							Illumina NovaSeq; Oxford Nanopore MinION	Kyoto University	PRJNA800231	SAMN25236400	4484	Escherichia coli	SRS11758166; ILLUMINA:SRR17731592; OXFORD_NANOPORE:SRR17772287	CP091662.1	CP091663.1	CP091663.1:2101; CP091662.1:4672002	Unicycler v. 0.4.8
ecol	SAMN29011448	SRR21124987	SRR21124986	GCA_024023075.1	ASM2402307v1	Escherichia coli		WG1					NCBI Prokaryotic Genome Annotation Pipeline (PGAP)	4735495	2	Complete Genome	2022-06-29		4668087	2							Illumina HiSeq, Oxford Nanopore	Aston University	PRJNA848777	SAMN29011448	4624	Escherichia coli	SRS14710928; ILLUMINA:SRR21124987; OXFORD_NANOPORE:SRR21124986	CP099590.1	CP099591.1	CP099591.1:67408; CP099590.1:4668087	Unicycler v. 0.4.0
ecol	SAMN17807533	SRR13766724	SRR13766723	GCA_017088485.1	ASM1708848v1	Escherichia coli		30COLEC					NCBI Prokaryotic Genome Annotation Pipeline (PGAP)	4761190	5	Complete Genome	2021-03-01		4668053	5							Illumina NovaSeq Oxford Nanopore MiniION	Temasek Life Sciences Laboratory Limited	PRJNA599529	SAMN17807533	4566	Escherichia coli	SRS8305117; ILLUMINA:SRR13766724; OXFORD_NANOPORE:SRR13766723	CP070930.1	CP070934.1; CP070933.1; CP070932.1; CP070931.1	CP070934.1:2516; CP070933.1:3723; CP070932.1:34313; CP070931.1:52585; CP070930.1:4668053	Unicycler v. 0.4.8
ecol	SAMN17214841	SRR13358227	SRR13358216	GCA_017639105.1	ASM1763910v1	Escherichia coli		ABW_S38					NCBI Prokaryotic Genome Annotation Pipeline (PGAP)	5159527	9	Complete Genome	2021-03-30		4648008	9							Illumina MiniSeq, Oxford Nanopore MinIon	University of Zurich	PRJNA689691	SAMN17214841	5064	Escherichia coli	SRS7969849; ILLUMINA:SRR13358227; OXFORD_NANOPORE:SRR13358216	CP067265.1	CP067273.1; CP067272.1; CP067271.1; CP067270.1; CP067269.1; CP067268.1; CP067267.1; CP067266.1	CP067273.1:2348; CP067272.1:4183; CP067271.1:4664; CP067270.1:35341; CP067269.1:44683; CP067268.1:53010; CP067267.1:63454; CP067266.1:303836; CP067265.1:4648008	Unicycler v. 0.4.8
ecol	SAMD00515063	DRR396381	DRR396380	GCA_025999515.1	ASM2599951v1	Escherichia coli		EC20-4B-2					Annotation submitted by Hiroshima University	4943131	3	Complete Genome	2022-10-22		4645627	3							Illumina Hiseq; Nanopore MinION	Hiroshima University	PRJDB11927	SAMD00515063	4730	Escherichia coli	DRS247486; OXFORD_NANOPORE:DRR396380; ILLUMINA:DRR396381	AP026937.1	AP026939.1; AP026938.1	AP026939.1:137080; AP026938.1:160424; AP026937.1:4645627	Unicycler v. 0.5.0
ecol	SAMN29499313	SRR19977209	SRR19977222	GCA_024225435.1	ASM2422543v1	Escherichia coli		LH13-b					NCBI Prokaryotic Genome Annotation Pipeline (PGAP)	4897184	5	Complete Genome	2022-07-13		4644672	5							Illumina MiniSeq, Oxford Nanopore	University of Zurich	PRJNA855630	SAMN29499313	4805	Escherichia coli	SRS13699818; OXFORD_NANOPORE:SRR19977222; ILLUMINA:SRR19977209	CP100525.1	CP100529.1; CP100528.1; CP100527.1; CP100526.1	CP100529.1:4150; CP100528.1:46338; CP100527.1:80637; CP100526.1:121387; CP100525.1:4644672	Unicycler v. 0.5.0
ecol	SAMN37709343	SRR26305330	SRR26305331	GCA_033401435.1	ASM3340143v1	Escherichia coli					FELIX_MS771		NCBI Prokaryotic Genome Annotation Pipeline (PGAP)	4647666	2	Complete Genome	2023-11-07		4638730	2							Illumina MiSeq, Oxford Nanopore MiniION	Lawrence Berkeley National Laboratory	PRJNA607328	SAMN37709343	4537	Escherichia coli	SRS19087281; OXFORD_NANOPORE:SRR26305331; ILLUMINA:SRR26305330	CP137709.1	CP137710.1	CP137710.1:8936; CP137709.1:4638730	Unicycler v. v0.4.9b
ecol	SAMN17214836	SRR13358232	SRR13358237	GCA_017639165.1	ASM1763916v1	Escherichia coli		027_SK3					NCBI Prokaryotic Genome Annotation Pipeline (PGAP)	5145496	7	Complete Genome	2021-03-30		4631526	7							Illumina MiniSeq, Oxford Nanopore MinIon	University of Zurich	PRJNA689691	SAMN17214836	5039	Escherichia coli	SRS7969842; OXFORD_NANOPORE:SRR13358237; ILLUMINA:SRR13358232	CP067311.1	CP067317.1; CP067316.1; CP067315.1; CP067314.1; CP067313.1; CP067312.1	CP067317.1:3223; CP067316.1:4664; CP067315.1:44683; CP067314.1:63454; CP067313.1:104584; CP067312.1:293362; CP067311.1:4631526	Unicycler v. 0.4.8
ecol	SAMN17214839	SRR13358229	SRR13358218	GCA_017639125.1	ASM1763912v1	Escherichia coli		ABW_A33					NCBI Prokaryotic Genome Annotation Pipeline (PGAP)	4859353	4	Complete Genome	2021-03-30		4625685	4							Illumina MiniSeq, Oxford Nanopore MinIon	University of Zurich	PRJNA689691	SAMN17214839	4715	Escherichia coli	SRS7969848; ILLUMINA:SRR13358229; OXFORD_NANOPORE:SRR13358218	CP067299.1	CP067302.1; CP067301.1; CP067300.1	CP067302.1:3849; CP067301.1:72418; CP067300.1:157401; CP067299.1:4625685	Unicycler v. 0.4.8
ecol	SAMN17214848	SRR13358219	SRR13358233	GCA_017638965.1	ASM1763896v1	Escherichia coli		SBF45					NCBI Prokaryotic Genome Annotation Pipeline (PGAP)	4824765	3	Complete Genome	2021-03-30		4622610	3							Illumina MiniSeq, Oxford Nanopore MinIon	University of Zurich	PRJNA689691	SAMN17214848	4622	Escherichia coli	SRS7969846; OXFORD_NANOPORE:SRR13358233; ILLUMINA:SRR13358219	CP067232.1	CP067234.1; CP067233.1	CP067234.1:95149; CP067233.1:107006; CP067232.1:4622610	Unicycler v. 0.4.8
ecol	SAMN29939562	SRR26205273	SRR26205272	GCA_024507875.1	ASM2450787v1	Escherichia coli		JCC-EE 7					NCBI Prokaryotic Genome Annotation Pipeline (PGAP)	4728443	3	Complete Genome	2022-08-03		4613188	3							Illumina MiSeq, Oxford Nanopore MiniION	Lawrence Berkeley National Laboratory	PRJNA607328	SAMN29939562	4657	Escherichia coli	SRS19001459; ILLUMINA:SRR26205273; OXFORD_NANOPORE:SRR26205272	CP101922.1	CP101924.1; CP101923.1	CP101924.1:3327; CP101923.1:111928; CP101922.1:4613188	Unicycler v. v0.4.8
ecol	SAMN39992792	SRR28012664	SRR28036841	GCA_038396305.1	ASM3839630v1	Escherichia coli		KTa005					NCBI Prokaryotic Genome Annotation Pipeline (PGAP)	5049597	11	Complete Genome	2024-04-19		4607503	11							Illumina NovaSeq; Oxford Nanopore MinION	Department of environmental engineering, Kyoto University	PRJNA1078256	SAMN39992792	5000	Escherichia coli	SRS20496064; ILLUMINA:SRR28012664; OXFORD_NANOPORE:SRR28036841	CP147084.1	CP147094.1; CP147093.1; CP147092.1; CP147091.1; CP147090.1; CP147089.1; CP147088.1; CP147087.1; CP147086.1; CP147085.1	CP147094.1:2175; CP147093.1:3062; CP147092.1:3363; CP147091.1:4270; CP147090.1:31974; CP147089.1:47871; CP147088.1:48469; CP147087.1:64398; CP147086.1:74443; CP147085.1:162069; CP147084.1:4607503	Unicycler v. 0.5.0
ecol	SAMN17214838	SRR13358230	SRR13358225	GCA_017639145.1	ASM1763914v1	Escherichia coli		ABW_A32					NCBI Prokaryotic Genome Annotation Pipeline (PGAP)	4805372	4	Complete Genome	2021-03-30		4602727	4							Illumina MiniSeq, Oxford Nanopore MinIon	University of Zurich	PRJNA689691	SAMN17214838	4647	Escherichia coli	SRS7969847; ILLUMINA:SRR13358230; OXFORD_NANOPORE:SRR13358225	CP067303.1	CP067306.1; CP067305.1; CP067304.1	CP067306.1:3849; CP067305.1:72418; CP067304.1:126378; CP067303.1:4602727	Unicycler v. 0.4.8
ecol	SAMD00515065	DRR396385	DRR396384	GCA_025999655.1	ASM2599965v1	Escherichia coli		EC20-C72-1					Annotation submitted by Hiroshima University	4942769	4	Complete Genome	2022-10-29		4599111	4							Illumina iseq; Nanopore MinION	Hiroshima University	PRJDB11927	SAMD00515065	4775	Escherichia coli	DRS247482; OXFORD_NANOPORE:DRR396384; ILLUMINA:DRR396385	AP026961.1	AP026964.1; AP026963.1; AP026962.1	AP026964.1:2367; AP026963.1:87025; AP026962.1:254266; AP026961.1:4599111	Unicycler v. 0.5.0
ecol	SAMN13756204	SRR10896391	SRR10896392	GCA_009905115.1	ASM990511v1	Escherichia coli		2EC1					NCBI Prokaryotic Genome Annotation Pipeline (PGAP)	4868589	5	Complete Genome	2020-01-19		4561168	5							Oxford Nanopore MiniION; Illumina NovaSeq	Temasek Life Sciences Laboratory Limited	PRJNA599529	SAMN13756204	4733	Escherichia coli	SRS6001895; OXFORD_NANOPORE:SRR10896392; ILLUMINA:SRR10896391	CP047571.1	CP047575.1; CP047574.1; CP047573.1; CP047572.1	CP047575.1:2312; CP047574.1:64451; CP047573.1:113013; CP047572.1:127645; CP047571.1:4561168	Unicycler v. v0.4.8
ecol	SAMN37709341	SRR26305304	SRR26305305	GCA_033395675.1	ASM3339567v1	Escherichia coli					FELIX_MS533		NCBI Prokaryotic Genome Annotation Pipeline (PGAP)	4731031	4	Complete Genome	2023-11-07		4486962	4							Illumina MiSeq, Oxford Nanopore MiniION	Lawrence Berkeley National Laboratory	PRJNA607328	SAMN37709341	4681	Escherichia coli	SRS19087293; OXFORD_NANOPORE:SRR26305305; ILLUMINA:SRR26305304	CP137696.1	CP137699.1; CP137698.1; CP137697.1	CP137699.1:3327; CP137698.1:111928; CP137697.1:128814; CP137696.1:4486962	Unicycler v. v0.4.8
ecol	SAMN36938187	SRR25603929	SRR25689478	GCA_030908745.1	ASM3090874v1	Escherichia coli O157:H7		PNUSAE146743					NCBI Prokaryotic Genome Annotation Pipeline (PGAP)	5551506	2	Complete Genome	2023-08-27		5458769	2							Illumina MiSeq; Oxford Nanopore GridION	Utah Public Health Laboratory Infectious Disease submission group	PRJNA812595	SAMN36938187	5547	Escherichia coli O157:H7	SRS18577088; ILLUMINA:SRR25603929; OXFORD_NANOPORE:SRR25689478	CP133128.1	CP133129.1	CP133129.1:92737; CP133128.1:5458769	Unicycler v. 0.5.0
ecol	SAMN36984457	SRR25635028	SRR26382618	GCA_031675355.2	ASM3167535v2	Escherichia coli O157:H7		PNUSAE147325					NCBI Prokaryotic Genome Annotation Pipeline (PGAP)	5551446	2	Complete Genome	2023-10-23		5458711	2							Oxford Nanopore GridION; Illumina MiSeq	Utah Public Health Laboratory Infectious Disease submission group	PRJNA812595	SAMN36984457	5546	Escherichia coli O157:H7	SRS18606271; ILLUMINA:SRR25635028; OXFORD_NANOPORE:SRR26382618	CP136755.1	CP136756.1	CP136756.1:92735; CP136755.1:5458711	Unicycler v. 0.5.0
ecol	SAMN08768105	SRR7896257	SRR7896264	GCA_005037735.2	ASM503773v2	Escherichia coli O157:H7		FWSEC0004					NCBI Prokaryotic Genome Annotation Pipeline (PGAP)	5505679	3	Complete Genome	2019-05-03		5406250	3							Illumina MiSeq;Oxford Nanopore MinION	Food and Water Safety Consortium	PRJNA287560	SAMN08768105	5857	Escherichia coli O157:H7	SRS3815836; OXFORD_NANOPORE:SRR7896264; ILLUMINA:SRR7896257	CP031913.1	CP031915.1; CP031914.1	CP031915.1:6675; CP031914.1:92754; CP031913.1:5406250	Unicycler;Canu v. 0.4.4.0;1.7
ecol	SAMN08768102	SRR7896252	SRR7896263	GCA_005037725.2	ASM503772v2	Escherichia coli O26:H11		FWSEC0001					NCBI Prokaryotic Genome Annotation Pipeline (PGAP)	5803315	4	Complete Genome	2019-05-03		5697154	4							Illumina MiSeq;Oxford Nanopore MinION	Food and Water Safety Consortium	PRJNA287560	SAMN08768102	6330	Escherichia coli O26:H11	SRS3815837; OXFORD_NANOPORE:SRR7896263; ILLUMINA:SRR7896252	CP031922.1	CP031925.1; CP031924.1; CP031923.1	CP031925.1:4148; CP031924.1:6715; CP031923.1:95298; CP031922.1:5697154	Unicycler;Canu v. 0.4.4.0;1.7
ecol	SAMN08768110	SRR7896258	SRR7896261	GCA_005014075.1	ASM501407v1	Escherichia coli O104:H4		FWSEC0009					NCBI Prokaryotic Genome Annotation Pipeline (PGAP)	5442997	4	Complete Genome	2019-05-01		5277234	4							Illumina MiSeq;Oxford Nanopore MinION	Food and Water Safety Consortium	PRJNA287560	SAMN08768110	5780	Escherichia coli O104:H4	SRS3815839; OXFORD_NANOPORE:SRR7896261; ILLUMINA:SRR7896258	CP031902.1	CP031905.1; CP031904.1; CP031903.1	CP031905.1:1549; CP031904.1:75669; CP031903.1:88545; CP031902.1:5277234	Unicycler;Canu v. 0.4.4.0;1.7
ecol	SAMN08768103	SRR7896251	SRR7896262	GCA_005037815.2	ASM503781v2	Escherichia coli O145:NM		FWSEC0002					NCBI Prokaryotic Genome Annotation Pipeline (PGAP)	5790057	3	Complete Genome	2019-05-03		5695528	3							Illumina MiSeq;Oxford Nanopore MinION	Food and Water Safety Consortium	PRJNA287560	SAMN08768103	6188	Escherichia coli O145:NM	SRS3815838; OXFORD_NANOPORE:SRR7896262; ILLUMINA:SRR7896251	CP031919.1	CP031921.1; CP031920.1	CP031921.1:2031; CP031920.1:92498; CP031919.1:5695528	Unicycler;Canu v. 0.4.4.0;1.7
ecol	SAMN08768104	SRR7896250	SRR7896265	GCA_005037845.2	ASM503784v2	Escherichia coli O45:H2		FWSEC0003					NCBI Prokaryotic Genome Annotation Pipeline (PGAP)	5680623	3	Complete Genome	2019-05-03		5532455	3							Illumina MiSeq;Oxford Nanopore MinION	Food and Water Safety Consortium	PRJNA287560	SAMN08768104	6151	Escherichia coli O45:H2	SRS3815834; OXFORD_NANOPORE:SRR7896265; ILLUMINA:SRR7896250	CP031916.1	CP031918.1; CP031917.1	CP031918.1:52940; CP031917.1:95228; CP031916.1:5532455	Unicycler;Canu v. 0.4.4.0;1.7
ecol	SAMN01112701	SRR27967417	SRR27967420	GCA_036923325.1	STEC27	Escherichia coli PA2		PA2					NCBI Prokaryotic Genome Annotation Pipeline (PGAP)	5505582	2	Complete Genome	2024-02-29		5412736	2							Oxford Nanopore GridION; Illumina MiSeq	ORS/DM/MMSB, Food and Drug Administration-College Park	PRJNA680392	SAMN01112701	5486		SRS355621; ILLUMINA:SRR537191; OXFORD_NANOPORE:SRR27967420; ILLUMINA:SRR27967417	CP145944.1	CP145945.1	CP145945.1:92846; CP145944.1:5412736	Unicycler v. v0.4.8
ecol	SAMN08768107	SRR7896255	SRR7896266	GCA_005037715.2	ASM503771v2	Escherichia coli O121:H19		FWSEC0006					NCBI Prokaryotic Genome Annotation Pipeline (PGAP)	5479551	2	Complete Genome	2019-05-03		5398870	2							Illumina MiSeq;Oxford Nanopore MinION	Food and Water Safety Consortium	PRJNA287560	SAMN08768107	5829	Escherichia coli O121:H19	SRS3815835; OXFORD_NANOPORE:SRR7896266; ILLUMINA:SRR7896255	CP031910.1	CP031911.1	CP031911.1:80681; CP031910.1:5398870	Unicycler;Canu v. 0.4.4.0;1.7
ecol	SAMN08768108	SRR7896254	SRR7896269	GCA_005037795.2	ASM503779v2	Escherichia coli O103:H2		FWSEC0007					NCBI Prokaryotic Genome Annotation Pipeline (PGAP)	5470829	2	Complete Genome	2019-05-03		5397605	2							Illumina MiSeq;Oxford Nanopore MinION	Food and Water Safety Consortium	PRJNA287560	SAMN08768108	5863	Escherichia coli O103:H2	SRS3815831; OXFORD_NANOPORE:SRR7896269; ILLUMINA:SRR7896254	CP031908.1	CP031909.1	CP031909.1:73224; CP031908.1:5397605	Unicycler;Canu v. 0.4.4.0;1.7
ecol	SAMN01112590	SRR27967416	SRR27967419	GCA_036923505.1	STEC28	Escherichia coli PA11		PA11					NCBI Prokaryotic Genome Annotation Pipeline (PGAP)	5476635	2	Complete Genome	2024-02-29		5382593	2							Oxford Nanopore GridION; Illumina MiSeq	ORS/DM/MMSB, Food and Drug Administration-College Park	PRJNA680392	SAMN01112590	5442		SRS355510; ILLUMINA:SRR537043; OXFORD_NANOPORE:SRR27967419; ILLUMINA:SRR27967416	CP145942.1	CP145943.1	CP145943.1:94042; CP145942.1:5382593	Unicycler v. v0.4.8
ecol	SAMN08768109	SRR7896259	SRR7896268	GCA_005037775.2	ASM503777v2	Escherichia coli O91:H21		FWSEC0008					NCBI Prokaryotic Genome Annotation Pipeline (PGAP)	5093580	2	Complete Genome	2019-05-03		4972544	2							Illumina MiSeq;Oxford Nanopore MinION	Food and Water Safety Consortium	PRJNA287560	SAMN08768109	5327	Escherichia coli O91:H21	SRS3815833; OXFORD_NANOPORE:SRR7896268; ILLUMINA:SRR7896259	CP031906.1	CP031907.1	CP031907.1:121036; CP031906.1:4972544	Unicycler;Canu v. 0.4.4.0;1.7
ecol	SAMN19011647	SRR14750047	SRR14804996	GCA_018986795.1	ASM1898679v1	Escherichia coli O158:H23		OLC-1685					NCBI Prokaryotic Genome Annotation Pipeline (PGAP)	5191720	5	Complete Genome	2021-06-22		4967135	5							Illumina MiSeq/NextSeq and Oxford Nanopore MinION	Health Canada	PRJNA735700	SAMN19011647	5047	Escherichia coli O158:H23	SRS9149410; ILLUMINA:SRR14750047; OXFORD_NANOPORE:SRR14804996	CP076709.1	CP076713.1; CP076712.1; CP076711.1; CP076710.1	CP076713.1:2097; CP076712.1:66958; CP076711.1:69043; CP076710.1:86487; CP076709.1:4967135	Unicycler (normal mode) using PE Illumina reads and filtered (>10k) ONT reads (Filtlong v0.2.0); contigs >2k v. v0.4.8
ecol	SAMN08768111	SRR7896248	SRR7896260	GCA_005014055.1	ASM501405v1	Escherichia coli O113:H21		FWSEC0010					NCBI Prokaryotic Genome Annotation Pipeline (PGAP)	5131000	4	Complete Genome	2019-05-01		4955402	4							Illumina MiSeq;Oxford Nanopore MinION	Food and Water Safety Consortium	PRJNA287560	SAMN08768111	5370	Escherichia coli O113:H21	SRS3815840; OXFORD_NANOPORE:SRR7896260; ILLUMINA:SRR7896248	CP031898.1	CP031901.1; CP031900.1; CP031899.1	CP031901.1:7117; CP031900.1:7769; CP031899.1:160712; CP031898.1:4955402	Unicycler;Canu v. 0.4.4.0;1.7
ecol	SAMN19011646	SRR14750046	SRR14804997	GCA_018986815.1	ASM1898681v1	Escherichia coli O170:H18		OLC-1056					NCBI Prokaryotic Genome Annotation Pipeline (PGAP)	5041163	3	Complete Genome	2021-06-22		4863942	3							Illumina MiSeq/NextSeq and Oxford Nanopore MinION	Health Canada	PRJNA735700	SAMN19011646	4926	Escherichia coli O170:H18	SRS9149411; ILLUMINA:SRR14750046; OXFORD_NANOPORE:SRR14804997	CP076706.1	CP076708.1; CP076707.1	CP076708.1:48944; CP076707.1:128277; CP076706.1:4863942	Unicycler (normal mode) using PE Illumina reads and filtered (>10k) ONT reads (Filtlong v0.2.0); contigs >2k v. v0.4.8
ecol	SAMN19011645	SRR14750050	SRR14804998	GCA_018986835.1	ASM1898683v1	Escherichia coli O8:H28		BMH-17-0027					NCBI Prokaryotic Genome Annotation Pipeline (PGAP)	4917512	2	Complete Genome	2021-06-22		4799802	2							Illumina MiSeq/NextSeq and Oxford Nanopore MinION	Health Canada	PRJNA735700	SAMN19011645	4755	Escherichia coli O8:H28	SRS9149408; ILLUMINA:SRR14750050; OXFORD_NANOPORE:SRR14804998	CP076704.1	CP076705.1	CP076705.1:117710; CP076704.1:4799802	Unicycler (normal mode) using PE Illumina reads and filtered (>10k) ONT reads (Filtlong v0.2.0); contigs >2k v. v0.4.8
ecol	SAMN12603263	SRR10013883	SRR10013759	GCA_008124285.1	ASM812428v1	Escherichia coli O16:H48		PG20180060					NCBI Prokaryotic Genome Annotation Pipeline (PGAP)	4733068	2	Complete Genome	2019-08-29		4668071	2							Illumina MiSeq and Nanopore	National Microbiology Laboratory at Guelph	PRJNA560883	SAMN12603263	4649	Escherichia coli O16:H48	SRS5301910; OXFORD_NANOPORE:SRR10013759; ILLUMINA:SRR10013883	CP043199.1	CP043200.1	CP043200.1:64997; CP043199.1:4668071	Unicycler v. 0.4.3
ecol	SAMN12603271	SRR10013873	SRR10013745	GCA_008124125.1	ASM812412v1	Escherichia coli O16:H48		PG20180172					NCBI Prokaryotic Genome Annotation Pipeline (PGAP)	4699880	2	Complete Genome	2019-08-29		4656755	2							Illumina MiSeq and Nanopore	National Microbiology Laboratory at Guelph	PRJNA560883	SAMN12603271	4596	Escherichia coli O16:H48	SRS5301924; OXFORD_NANOPORE:SRR10013745; ILLUMINA:SRR10013873	CP043183.1	CP043184.1	CP043184.1:43125; CP043183.1:4656755	Unicycler v. 0.4.3
ecol	SAMN12603261	SRR10013890	SRR10013751	GCA_008124325.1	ASM812432v1	Escherichia coli O16:H48		PG20180058					NCBI Prokaryotic Genome Annotation Pipeline (PGAP)	4721168	2	Complete Genome	2019-08-29		4656753	2							Illumina MiSeq and Nanopore	National Microbiology Laboratory at Guelph	PRJNA560883	SAMN12603261	4627	Escherichia coli O16:H48	SRS5301918; OXFORD_NANOPORE:SRR10013751; ILLUMINA:SRR10013890	CP043203.1	CP043204.1	CP043204.1:64415; CP043203.1:4656753	Unicycler v. 0.4.3
ecol	SAMN12603269	SRR10013871	SRR10013753	GCA_008124145.1	ASM812414v1	Escherichia coli O16:H48		PG20180170					NCBI Prokaryotic Genome Annotation Pipeline (PGAP)	4699346	2	Complete Genome	2019-08-29		4656750	2							Illumina MiSeq and Nanopore	National Microbiology Laboratory at Guelph	PRJNA560883	SAMN12603269	4594	Escherichia coli O16:H48	SRS5301916; OXFORD_NANOPORE:SRR10013753; ILLUMINA:SRR10013871	CP043187.1	CP043188.1	CP043188.1:42596; CP043187.1:4656750	Unicycler v. 0.4.3
ecol	SAMN12603262	SRR10013891	SRR10013752	GCA_008124265.1	ASM812426v1	Escherichia coli O16:H48		PG20180059					NCBI Prokaryotic Genome Annotation Pipeline (PGAP)	4721143	2	Complete Genome	2019-08-29		4656146	2							Illumina MiSeq and Nanopore	National Microbiology Laboratory at Guelph	PRJNA560883	SAMN12603262	4627	Escherichia coli O16:H48	SRS5301917; OXFORD_NANOPORE:SRR10013752; ILLUMINA:SRR10013891	CP043201.1	CP043202.1	CP043202.1:64997; CP043201.1:4656146	Unicycler v. 0.4.3
ecol	SAMN12603257	SRR10013880	SRR10013758	GCA_008124385.1	ASM812438v1	Escherichia coli O16:H48		PG20180050					NCBI Prokaryotic Genome Annotation Pipeline (PGAP)	4680310	2	Complete Genome	2019-08-29		4615313	2							Illumina MiSeq and Nanopore	National Microbiology Laboratory at Guelph	PRJNA560883	SAMN12603257	4589	Escherichia coli O16:H48	SRS5301911; OXFORD_NANOPORE:SRR10013758; ILLUMINA:SRR10013880	CP043211.1	CP043212.1	CP043212.1:64997; CP043211.1:4615313	Unicycler v. 0.4.3
ecol	SAMN12603270	SRR10013872	SRR10013754	GCA_008124105.1	ASM812410v1	Escherichia coli O16:H48		PG20180171					NCBI Prokaryotic Genome Annotation Pipeline (PGAP)	4636437	2	Complete Genome	2019-08-29		4593846	2							Illumina MiSeq and Nanopore	National Microbiology Laboratory at Guelph	PRJNA560883	SAMN12603270	4519	Escherichia coli O16:H48	SRS5301915; OXFORD_NANOPORE:SRR10013754; ILLUMINA:SRR10013872	CP043185.1	CP043186.1	CP043186.1:42591; CP043185.1:4593846	Unicycler v. 0.4.3
kpne	SAMN06112188	SRR6307304	SRR6266392	GCA_002813595.1	ASM281359v1	Klebsiella pneumoniae		SGH10					Annotation submitted by University of Melbourne	5716697	2	Complete Genome	2017-12-07		5485114	2							Illumina MiniSeq; Illumina MiSeq; Nanopore Technologies MinION R9.X	University of Melbourne	PRJNA391004	SAMN06112188	5492	Klebsiella pneumoniae	SRS1840501; ILLUMINA:SRR5082357; OXFORD_NANOPORE:SRR6266394; OXFORD_NANOPORE:SRR6266393; OXFORD_NANOPORE:SRR6266392; ILLUMINA:SRR6307304	CP025080.1	CP025081.1	CP025081.1:231583; CP025080.1:5485114	SPAdes v. v3.11.1; Unicycler v. v0.4.4-beta
kpne	SAMN12228410	SRR10176980	SRR10176979	GCA_008728695.1	ASM872869v1	Klebsiella pneumoniae		KP58					NCBI Prokaryotic Genome Annotation Pipeline (PGAP)	5920915	6	Complete Genome	2019-09-30		5483867	6							Oxford Nanopore GridION; Illumina NextSeq	Sir Run Run Shaw Hospital, School of Medicine, Zhejiang University	PRJNA553055	SAMN12228410	6034	Klebsiella pneumoniae	SRS5430621; ILLUMINA:SRR10176980; OXFORD_NANOPORE:SRR10176979	CP041373.1	CP041378.1; CP041377.1; CP041376.1; CP041375.1; CP041374.1	CP041378.1:5596; CP041377.1:11970; CP041376.1:87095; CP041375.1:134972; CP041374.1:197415; CP041373.1:5483867	Unicycler v. 0.4.7
kpne	SAMN10249009	SRR10094542	SRR15271129	GCA_003937135.2	ASM393713v2	Klebsiella pneumoniae		KP_160					NCBI Prokaryotic Genome Annotation Pipeline (PGAP)	5929010	5	Complete Genome	2021-07-20		5429598	5							Illumina NextSeq; Oxford Nanopore MinION	Washington University in St. Louis School of Medicine	PRJNA497126	SAMN10249009	5792	Klebsiella pneumoniae	SRS5369311; ILLUMINA:SRR10094542; OXFORD_NANOPORE:SRR15271129	CP078033.1	CP078037.1; CP078036.1; CP078035.1; CP078034.1	CP078037.1:6141; CP078036.1:69836; CP078035.1:103816; CP078034.1:319619; CP078033.1:5429598	Unicycler v. v0.4.7
kpne	SAMN17815182	SRR13643256	SRR21547802	GCA_025398435.1	ASM2539843v1	Klebsiella pneumoniae		2021CK-00608					NCBI Prokaryotic Genome Annotation Pipeline (PGAP)	5743018	3	Complete Genome	2022-09-25		5420550	3							Oxford Nanopore GridION; Illumina MiSeq	Utah Public Health Laboratory Infectious Disease submission group	PRJNA812595	SAMN17815182	5643	Klebsiella pneumoniae	SRS8206012; ILLUMINA:SRR13643256; OXFORD_NANOPORE:SRR21547802	CP104678.1	CP104680.1; CP104679.1	CP104680.1:112409; CP104679.1:210059; CP104678.1:5420550	Unicycler v. 0.5.0
kpne	SAMN32093417	SRR22564892	SRR23387321	GCA_028622755.1	ASM2862275v1	Klebsiella pneumoniae		2022CK-00752					NCBI Prokaryotic Genome Annotation Pipeline (PGAP)	5917867	4	Complete Genome	2023-02-15		5419391	4							Illumina MiSeq; Oxford Nanopore GridION	Utah Public Health Laboratory Infectious Disease submission group	PRJNA812595	SAMN32093417	5827	Klebsiella pneumoniae	SRS15992831; ILLUMINA:SRR22564892; OXFORD_NANOPORE:SRR23387321	CP117745.1	CP117748.1; CP117747.1; CP117746.1	CP117748.1:4167; CP117747.1:112868; CP117746.1:381441; CP117745.1:5419391	Unicycler v. 0.5.0
kpne	SAMN19589280	SRR18934830	SRR18934831	GCA_024081805.1	ASM2408180v1	Klebsiella pneumoniae		PM27					NCBI Prokaryotic Genome Annotation Pipeline (PGAP)	5670661	3	Complete Genome	2022-06-30		5415765	3							Illumina NextSeq; Nanopore MinION	City University of Hong Kong	PRJNA735573	SAMN19589280	5484	Klebsiella pneumoniae	SRS12761045; OXFORD_NANOPORE:SRR18934831; ILLUMINA:SRR18934830	CP076453.1	CP076455.1; CP076454.1	CP076455.1:92566; CP076454.1:162330; CP076453.1:5415765	Unicycler v. v0.4.8
kpne	SAMN32733973	SRR23080399	SRR23387322	GCA_028622155.1	ASM2862215v1	Klebsiella pneumoniae		2022CK-00768					NCBI Prokaryotic Genome Annotation Pipeline (PGAP)	5909396	5	Complete Genome	2023-02-15		5411190	5							Oxford Nanopore GridION; Illumina MiSeq	Utah Public Health Laboratory Infectious Disease submission group	PRJNA812595	SAMN32733973	5822	Klebsiella pneumoniae	SRS16451690; ILLUMINA:SRR23080399; OXFORD_NANOPORE:SRR23387322	CP117740.1	CP117744.1; CP117743.1; CP117742.1; CP117741.1	CP117744.1:4167; CP117743.1:39711; CP117742.1:112868; CP117741.1:341460; CP117740.1:5411190	Unicycler v. 0.5.0
kpne	SAMN11054834	SRR8668707	SRR8668708	GCA_004924315.1	ASM492431v1	Klebsiella pneumoniae		ST23					NCBI Prokaryotic Genome Annotation Pipeline (PGAP)	5741563	3	Complete Genome	2019-04-30		5393085	3							Illumina MiSeq; Oxford Nanopore MiniION	Centers for Disease Control and Prevention. Division of Healthcare Quality Promotion	PRJNA288601	SAMN11054834	5685	Klebsiella pneumoniae	SRS4438587; OXFORD_NANOPORE:SRR8668708; ILLUMINA:SRR8668707	CP037742.1	CP037744.1; CP037743.1	CP037744.1:121239; CP037743.1:227239; CP037742.1:5393085	Unicycler v. v0.4.4
kpne	SAMN39595402	SRR27710328	SRR28375007	GCA_037890715.1	ASM3789071v1	Klebsiella pneumoniae		2024CK-00065					NCBI Prokaryotic Genome Annotation Pipeline (PGAP)	5705106	6	Complete Genome	2024-03-28		5385533	6							Oxford Nanopore GridION; Illumina MiSeq	Utah Public Health Laboratory, Utah Public Health Laboratory Infectious Disease submission group	PRJNA812595	SAMN39595402	5563	Klebsiella pneumoniae	SRS20238706; ILLUMINA:SRR27710328; OXFORD_NANOPORE:SRR28375007	CP149579.1	CP149584.1; CP149583.1; CP149582.1; CP149581.1; CP149580.1	CP149584.1:9294; CP149583.1:52303; CP149582.1:53834; CP149581.1:91733; CP149580.1:112409; CP149579.1:5385533	Unicycler v. 0.5.0
kpne	SAMN24523856	SRR17383790	SRR21504736	GCA_025259665.1	ASM2525966v1	Klebsiella pneumoniae		2021CK-01815					NCBI Prokaryotic Genome Annotation Pipeline (PGAP)	5556516	4	Complete Genome	2022-09-19		5383173	4							Illumina MiSeq; Oxford Nanopore GridION	Utah Public Health Laboratory Infectious Disease submission group	PRJNA812595	SAMN24523856	5376	Klebsiella pneumoniae	SRS11450823; ILLUMINA:SRR17383790; OXFORD_NANOPORE:SRR21504736	CP104373.1	CP104376.1; CP104375.1; CP104374.1	CP104376.1:9294; CP104375.1:51640; CP104374.1:112409; CP104373.1:5383173	Unicycler v. 0.5.0
kpne	SAMN24145033	SRR17250566	SRR21547800	GCA_025398355.1	ASM2539835v1	Klebsiella pneumoniae		2021CK-01729					NCBI Prokaryotic Genome Annotation Pipeline (PGAP)	5693753	5	Complete Genome	2022-09-25		5381566	5							Oxford Nanopore GridION; Illumina MiSeq	Utah Public Health Laboratory Infectious Disease submission group	PRJNA812595	SAMN24145033	5520	Klebsiella pneumoniae	SRS11330494; ILLUMINA:SRR17250566; OXFORD_NANOPORE:SRR21547800	CP104660.1	CP104664.1; CP104663.1; CP104662.1; CP104661.1	CP104664.1:1302; CP104663.1:9294; CP104662.1:115456; CP104661.1:186135; CP104660.1:5381566	Unicycler v. 0.5.0
kpne	SAMN28404993	SRR19213036	SRR19213035	GCA_023538935.1	ASM2353893v1	Klebsiella pneumoniae		K165-2					NCBI Prokaryotic Genome Annotation Pipeline (PGAP)	5662330	4	Complete Genome	2022-05-24		5369141	4							Oxford Nanopore; Illumina NextSeq	Centro Nacional de Biotecnologia-CSIC	PRJNA838107	SAMN28404993	5541	Klebsiella pneumoniae	SRS13006223; ILLUMINA:SRR19213036; OXFORD_NANOPORE:SRR19213035	CP097411.1	CP097414.1; CP097413.1; CP097412.1	CP097414.1:3991; CP097413.1:65300; CP097412.1:223898; CP097411.1:5369141	Unicycler v. 0.4.9
kpne	SAMN28404992	SRR19213038	SRR19213037	GCA_023538955.1	ASM2353895v1	Klebsiella pneumoniae		K163					NCBI Prokaryotic Genome Annotation Pipeline (PGAP)	5661003	4	Complete Genome	2022-05-24		5367615	4							Oxford Nanopore; Illumina NextSeq	Centro Nacional de Biotecnologia-CSIC	PRJNA838107	SAMN28404992	5537	Klebsiella pneumoniae	SRS13006222; ILLUMINA:SRR19213038; OXFORD_NANOPORE:SRR19213037	CP097415.1	CP097418.1; CP097417.1; CP097416.1	CP097418.1:3991; CP097417.1:65499; CP097416.1:223898; CP097415.1:5367615	Unicycler v. 0.4.9
kpne	SAMN24790942	SRR17543075	SRR17543074	GCA_024498895.1	ASM2449889v1	Klebsiella pneumoniae		K-28					NCBI Prokaryotic Genome Annotation Pipeline (PGAP)	5437674	2	Complete Genome	2022-08-01		5362228	2							Illumina PE150; Nanopore	Peking University People's Hospital	PRJNA795853	SAMN24790942	5369	Klebsiella pneumoniae	SRS11591391; ILLUMINA:SRR17543075; OXFORD_NANOPORE:SRR17543074	CP090834.1	CP090835.1	CP090835.1:75446; CP090834.1:5362228	Unicycler v. 0.4.9
kpne	SAMN29499316	SRR19977206	SRR19977218	GCA_024224875.1	ASM2422487v1	Klebsiella pneumoniae		LH50-a					NCBI Prokaryotic Genome Annotation Pipeline (PGAP)	5465387	4	Complete Genome	2022-07-13		5357976	4							Illumina MiniSeq, Oxford Nanopore	University of Zurich	PRJNA855630	SAMN29499316	5367	Klebsiella pneumoniae	SRS13699821; OXFORD_NANOPORE:SRR19977218; ILLUMINA:SRR19977206	CP100511.1	CP100514.1; CP100513.1; CP100512.1	CP100514.1:6785; CP100513.1:46338; CP100512.1:54288; CP100511.1:5357976	Unicycler v. 0.5.0
kpne	SAMN17214843	SRR13358224	SRR13358214	GCA_017639065.1	ASM1763906v1	Klebsiella pneumoniae		ESBL_DR09					NCBI Prokaryotic Genome Annotation Pipeline (PGAP)	5601981	6	Complete Genome	2021-03-30		5354058	6							Illumina MiniSeq, Oxford Nanopore MinIon	University of Zurich	PRJNA689691	SAMN17214843	5433	Klebsiella pneumoniae	SRS7969852; ILLUMINA:SRR13358224; OXFORD_NANOPORE:SRR13358214	CP067255.1	CP067260.1; CP067259.1; CP067258.1; CP067257.1; CP067256.1	CP067260.1:3005; CP067259.1:3357; CP067258.1:3991; CP067257.1:65548; CP067256.1:172022; CP067255.1:5354058	Unicycler v. 0.4.8
kpne	SAMN18878040	SRR14338897	SRR16883170	GCA_018283575.2	ASM1828357v2	Klebsiella pneumoniae		SCPM-O-B-8919 (12PKP/19c)					NCBI Prokaryotic Genome Annotation Pipeline (PGAP)	5967833	6	Complete Genome	2022-05-10		5350432	6							Oxford Nanopore MinION; Illumina MiSeq	SRCAMB	PRJNA269675	SAMN18878040	5902	Klebsiella pneumoniae	SRS8784859; ILLUMINA:SRR14338897; OXFORD_NANOPORE:SRR16883170	CP094991.1	CP094996.1; CP094995.1; CP094994.1; CP094993.1; CP094992.1	CP094996.1:4352; CP094995.1:9294; CP094994.1:102252; CP094993.1:174840; CP094992.1:326663; CP094991.1:5350432	Unicycler v. 0.4.7
kpne	SAMN14082702	SRR11249000	SRR11249001	GCA_017161505.1	ASM1716150v1	Klebsiella pneumoniae		EGKP4					NCBI Prokaryotic Genome Annotation Pipeline (PGAP)	5761802	6	Complete Genome	2021-03-03		5347743	6							Oxford Nanopore MiniION and Illumina NovaSeq6000	University of Bern	PRJNA593981	SAMN14082702	5836	Klebsiella pneumoniae	SRS6268384; OXFORD_NANOPORE:SRR11249001; ILLUMINA:SRR11249000	CP048800.1	CP048805.1; CP048804.1; CP048803.1; CP048802.1; CP048801.1	CP048805.1:3511; CP048804.1:9294; CP048803.1:66546; CP048802.1:141806; CP048801.1:192902; CP048800.1:5347743	Unicycler v. 0.4.4
kpne	SAMN38122036	SRR26683555	SRR27285305	GCA_035621195.1	ASM3562119v1	Klebsiella pneumoniae		2023CK-01338					NCBI Prokaryotic Genome Annotation Pipeline (PGAP)	5536546	3	Complete Genome	2024-01-14		5347714	3							Oxford Nanopore GridION; Illumina MiSeq	Utah Public Health Laboratory Infectious Disease submission group	PRJNA812595	SAMN38122036	5446	Klebsiella pneumoniae	SRS19429689; ILLUMINA:SRR26683555; OXFORD_NANOPORE:SRR27285305	CP141745.1	CP141747.1; CP141746.1	CP141747.1:45122; CP141746.1:143710; CP141745.1:5347714	Unicycler v. 0.5.0
kpne	SAMN13497075	SRR10686561	SRR10686562	GCA_017161135.1	ASM1716113v1	Klebsiella pneumoniae		EGKP3					NCBI Prokaryotic Genome Annotation Pipeline (PGAP)	5794831	8	Complete Genome	2021-03-03		5344451	8							Oxford Nanopore MiniION and Illumina NovaSeq 6000	University of Bern	PRJNA593981	SAMN13497075	5589	Klebsiella pneumoniae	SRS5822399; OXFORD_NANOPORE:SRR10686562; ILLUMINA:SRR10686561	CP046645.1	CP046652.1; CP046651.1; CP046650.1; CP046649.1; CP046648.1; CP046647.1; CP046646.1	CP046652.1:3511; CP046651.1:5897; CP046650.1:9294; CP046649.1:47885; CP046648.1:66546; CP046647.1:154760; CP046646.1:162487; CP046645.1:5344451	Unicycler v. 0.4.4
kpne	SAMN40254322	SRR28217765	SRR28375018	GCA_037009005.2	ASM3700900v2	Klebsiella pneumoniae		2024CK-00241					NCBI Prokaryotic Genome Annotation Pipeline (PGAP)	5687306	5	Complete Genome	2024-03-31		5333925	5							Oxford Nanopore GridION; Illumina MiSeq	Utah Public Health Laboratory, Utah Public Health Laboratory Infectious Disease submission group	PRJNA812595	SAMN40254322	5585	Klebsiella pneumoniae	SRS20651933; ILLUMINA:SRR28217765; OXFORD_NANOPORE:SRR28375018	CP149826.1	CP149830.1; CP149829.1; CP149828.1; CP149827.1	CP149830.1:4261; CP149829.1:36439; CP149828.1:90333; CP149827.1:222348; CP149826.1:5333925	Unicycler v. 0.5.0
kpne	SAMN14082726	SRR11248994	SRR11248995	GCA_017161485.1	ASM1716148v1	Klebsiella pneumoniae		EGKP7					NCBI Prokaryotic Genome Annotation Pipeline (PGAP)	5748078	6	Complete Genome	2021-03-03		5330888	6							Oxford Nanopore MiniION and Illumina NovaSeq 6000	University of Bern	PRJNA593981	SAMN14082726	5813	Klebsiella pneumoniae	SRS6268379; OXFORD_NANOPORE:SRR11248995; ILLUMINA:SRR11248994	CP048778.1	CP048783.1; CP048782.1; CP048781.1; CP048780.1; CP048779.1	CP048783.1:3511; CP048782.1:9294; CP048781.1:66546; CP048780.1:153286; CP048779.1:184553; CP048778.1:5330888	Unicycler v. 0.4.4
kpne	SAMN29499315	SRR19977207	SRR19977219	GCA_024227055.1	ASM2422705v1	Klebsiella pneumoniae		LH35-d					NCBI Prokaryotic Genome Annotation Pipeline (PGAP)	5435457	5	Complete Genome	2022-07-13		5326821	5							Illumina MiniSeq, Oxford Nanopore	University of Zurich	PRJNA855630	SAMN29499315	5331	Klebsiella pneumoniae	SRS13699820; OXFORD_NANOPORE:SRR19977219; ILLUMINA:SRR19977207	CP100515.1	CP100519.1; CP100518.1; CP100517.1; CP100516.1	CP100519.1:3143; CP100518.1:3642; CP100517.1:47563; CP100516.1:54288; CP100515.1:5326821	Unicycler v. 0.5.0
kpne	SAMN22551386	SRR16572839	SRR16572848	GCA_021952765.1	ASM2195276v1	Klebsiella pneumoniae		MV-u1-SK2-O					NCBI Prokaryotic Genome Annotation Pipeline (PGAP)	5596002	5	Complete Genome	2022-02-04		5320804	5							Illumina MiniSeq, Oxford Nanopore	University of Zurich	PRJNA774102	SAMN22551386	5519	Klebsiella pneumoniae	SRS10720436; OXFORD_NANOPORE:SRR16572848; ILLUMINA:SRR16572839	CP085866.1	CP085870.1; CP085869.1; CP085868.1; CP085867.1	CP085870.1:4060; CP085869.1:4667; CP085868.1:63589; CP085867.1:202882; CP085866.1:5320804	Unicycler v. 0.4.8
kpne	SAMD00574222	DRR438597	DRR438598	GCA_030295665.1	ASM3029566v1	Klebsiella pneumoniae		TA8711					Annotation submitted by Department of microbiology, Tokyo Metropolitan Institute of Public Health	5464897	3	Complete Genome	2023-02-01		5319234	3							Illumina MiSeq; Oxford Nanopore MinION	Department of microbiology, Tokyo Metropolitan Institute of Public Health	PRJDB15144	SAMD00574222	5331	Klebsiella pneumoniae	DRS277421; ILLUMINA:DRR438597; OXFORD_NANOPORE:DRR438598	AP027263.1	AP027265.1; AP027264.1	AP027265.1:39088; AP027264.1:106575; AP027263.1:5319234	Unicycler v. 0.5.0
kpne	SAMN14640188	SRR11585225	SRR24335778	GCA_030007455.1	ASM3000745v1	Klebsiella pneumoniae		H53					NCBI Prokaryotic Genome Annotation Pipeline (PGAP)	5542220	3	Complete Genome	2023-05-13		5317861	3							Illumina HiSeq; Oxford Nanopore	Hospital Ramon y Cajal	PRJNA626430	SAMN14640188	5461	Klebsiella pneumoniae	SRS6515306; ILLUMINA:SRR11585225; OXFORD_NANOPORE:SRR24335778	CP124824.1	CP124826.1; CP124825.1	CP124826.1:63589; CP124825.1:160770; CP124824.1:5317861	Unicycler v. v0.4.9
kpne	SAMN32542161	SRR22955926	SRR22955925	GCA_028583665.1	ASM2858366v1	Klebsiella pneumoniae		CPE16					NCBI Prokaryotic Genome Annotation Pipeline (PGAP)	5667790	5	Complete Genome	2023-02-10		5293517	5							Illumina; Oxford Nanopore GridION	University of Birmingham	PRJNA917544	SAMN32542161	5551	Klebsiella pneumoniae	SRS16340682; ILLUMINA:SRR22955926; OXFORD_NANOPORE:SRR22955925	CP115707.1	CP115711.1; CP115710.1; CP115709.1; CP115708.1	CP115711.1:2095; CP115710.1:4173; CP115709.1:119165; CP115708.1:248840; CP115707.1:5293517	Unicycler v. 0.4.0
kpne	SAMEA3357016	ERR1008684	SRR5635115	GCA_003432285.1	ASM343228v1	Klebsiella pneumoniae		INF125-sc-2279943					NCBI Prokaryotic Genome Annotation Pipeline (PGAP)	5456823	3	Complete Genome	2018-08-30		5282782	3							Nanopore minION; Illumina HiSeq 2000	University of Melbourne	PRJNA486877	SAMEA3357016	5465	Klebsiella pneumoniae	ERS710845; ILLUMINA:ERR1008684; OXFORD_NANOPORE:SRR5635115	CP031795.1	CP031797.1; CP031796.1	CP031797.1:4269; CP031796.1:169772; CP031795.1:5282782	Unicycler v. v0.2.0
kpne	SAMEA3357337	ERR1023640	ERR10367379	GCA_003432205.1	ASM343220v1	Klebsiella pneumoniae		KSB1_7F-sc-2280268					NCBI Prokaryotic Genome Annotation Pipeline (PGAP)	5419864	3	Complete Genome	2018-08-30		5276478	3							Nanopore minION; Illumina HiSeq 2000	University of Melbourne	PRJNA486877	SAMEA3357337	5455	Klebsiella pneumoniae	ERS711166; ILLUMINA:ERR1023640; OXFORD_NANOPORE:ERR10367379	CP031814.1	CP031816.1; CP031815.1	CP031816.1:4110; CP031815.1:139276; CP031814.1:5276478	Unicycler v. v0.2.0
kpne	SAMN22551388	SRR16572850	SRR16572847	GCA_021952745.1	ASM2195274v1	Klebsiella pneumoniae		MV-v4-SK2-O					NCBI Prokaryotic Genome Annotation Pipeline (PGAP)	5332678	3	Complete Genome	2022-02-04		5263198	3							Illumina MiniSeq, Oxford Nanopore	University of Zurich	PRJNA774102	SAMN22551388	5246	Klebsiella pneumoniae	SRS10720434; ILLUMINA:SRR16572850; OXFORD_NANOPORE:SRR16572847	CP085863.1	CP085865.1; CP085864.1	CP085865.1:5891; CP085864.1:63589; CP085863.1:5263198	Unicycler v. 0.4.8
kpne	SAMN08391417	SRR6653995	SRR6653996	GCA_003076555.1	ASM307655v1	Klebsiella pneumoniae		616					NCBI Prokaryotic Genome Annotation Pipeline (PGAP)	5359558	3	Complete Genome	2018-05-01		5246307	3							Oxford Nanopore minION; Illumina MiniSeq	University of Melbourne	PRJNA431464	SAMN08391417	5354	Klebsiella pneumoniae	SRS2898111; OXFORD_NANOPORE:SRR6653996; ILLUMINA:SRR6653995	CP026495.1	CP026497.1; CP026496.1	CP026497.1:55141; CP026496.1:58110; CP026495.1:5246307	Unicycler v. v0.4.4
kpne	SAMEA3357330	ERR1023633	ERR10367378	GCA_020149895.1	ASM2014989v1	Klebsiella pneumoniae		KSB1_9E					NCBI Prokaryotic Genome Annotation Pipeline (PGAP)	5548489	7	Complete Genome	2021-09-27		5245214	7							Illumina; Oxford Nanopore MinION	Monash University	PRJNA646837	SAMEA3357330	5496	Klebsiella pneumoniae	ERS711159; ILLUMINA:ERR1023633; OXFORD_NANOPORE:ERR10367378	CP083768.1	CP083774.1; CP083773.1; CP083772.1; CP083771.1; CP083770.1; CP083769.1	CP083774.1:2833; CP083773.1:4176; CP083772.1:5214; CP083771.1:6352; CP083770.1:33807; CP083769.1:250893; CP083768.1:5245214	Unicycler v. v4.7
kpne	SAMN15488602	SRR12183835	SRR12247731	GCA_029718135.1	ASM2971813v1	Klebsiella pneumoniae		RHB28-SO-C05					NCBI Prokaryotic Genome Annotation Pipeline (PGAP)	5222894	2	Complete Genome	2023-04-13		5219314	2							Illumina/Nanopore	The REHAB Consortium	PRJNA605147	SAMN15488602	5083	Klebsiella pneumoniae	SRS6976302; ILLUMINA:SRR12183835; OXFORD_NANOPORE:SRR12247731	CP099140.1	CP099141.1	CP099141.1:3580; CP099140.1:5219314	Unicycler v. v0.4.4
kpne	SAMN41094956	SRR28816067	SRR29099100	GCA_038627175.2	ASM3862717v2	Klebsiella pneumoniae		2024CK-00473					NCBI Prokaryotic Genome Annotation Pipeline (PGAP)	5746659	3	Complete Genome	2024-06-02		5215812	3							Oxford Nanopore GridION; Illumina MiSeq	Utah Public Health Laboratory, Utah Public Health Laboratory Infectious Disease submission group	PRJNA812595	SAMN41094956	5608	Klebsiella pneumoniae	SRS21135507; ILLUMINA:SRR28816067; OXFORD_NANOPORE:SRR29099100	CP157237.1	CP157239.1; CP157238.1	CP157239.1:190331; CP157238.1:340516; CP157237.1:5215812	Unicycler v. 0.5.0
kpne	SAMN41020284	SRR28747402	SRR29090059	GCA_038418325.2	ASM3841832v2	Klebsiella pneumoniae		2024CK-00458			mssing		NCBI Prokaryotic Genome Annotation Pipeline (PGAP)	5512370	2	Complete Genome	2024-06-02		5214333	2							Illumina MiSeq; Oxford Nanopore GridION	Utah Public Health Laboratory, Utah Public Health Laboratory Infectious Disease submission group	PRJNA812595	SAMN41020284	5353	Klebsiella pneumoniae	SRS21074866; ILLUMINA:SRR28747402; OXFORD_NANOPORE:SRR29090059	CP157229.1	CP157230.1	CP157230.1:298037; CP157229.1:5214333	unicycler v. 0.5.0
kpne	SAMN29499324	SRR19977226	SRR19977210	GCA_024223795.1	ASM2422379v1	Klebsiella pneumoniae		LH99-d					NCBI Prokaryotic Genome Annotation Pipeline (PGAP)	5581287	4	Complete Genome	2022-07-13		5200449	4							Illumina MiniSeq, Oxford Nanopore	University of Zurich	PRJNA855630	SAMN29499324	5441	Klebsiella pneumoniae	SRS13699816; ILLUMINA:SRR19977226; OXFORD_NANOPORE:SRR19977210	CP100478.1	CP100481.1; CP100480.1; CP100479.1	CP100481.1:46338; CP100480.1:109936; CP100479.1:224564; CP100478.1:5200449	Unicycler v. 0.5.0
kpne	SAMN29499314	SRR19977208	SRR19977221	GCA_024226755.1	ASM2422675v1	Klebsiella pneumoniae		LH13-d					NCBI Prokaryotic Genome Annotation Pipeline (PGAP)	5799720	5	Complete Genome	2022-07-13		5200157	5							Illumina MiniSeq, Oxford Nanopore	University of Zurich	PRJNA855630	SAMN29499314	5670	Klebsiella pneumoniae	SRS13699819; OXFORD_NANOPORE:SRR19977221; ILLUMINA:SRR19977208	CP100520.1	CP100524.1; CP100523.1; CP100522.1; CP100521.1	CP100524.1:46338; CP100523.1:109936; CP100522.1:218782; CP100521.1:224507; CP100520.1:5200157	Unicycler v. 0.5.0
kpne	SAMN29499311	SRR19977231	SRR19977224	GCA_024226435.1	ASM2422643v1	Klebsiella pneumoniae		LH09-d					NCBI Prokaryotic Genome Annotation Pipeline (PGAP)	5238180	2	Complete Genome	2022-07-13		5191842	2							Illumina MiniSeq, Oxford Nanopore	University of Zurich	PRJNA855630	SAMN29499311	5124	Klebsiella pneumoniae	SRS13699813; ILLUMINA:SRR19977231; OXFORD_NANOPORE:SRR19977224	CP100542.1	CP100543.1	CP100543.1:46338; CP100542.1:5191842	Unicycler v. 0.5.0
kpne	SAMN14640201	SRR11585211	SRR24335776	GCA_030007135.1	ASM3000713v1	Klebsiella pneumoniae		K147					NCBI Prokaryotic Genome Annotation Pipeline (PGAP)	5448827	3	Complete Genome	2023-05-13		5171383	3							Illumina HiSeq; Oxford Nanopore	Hospital Ramon y Cajal	PRJNA626430	SAMN14640201	5407	Klebsiella pneumoniae	SRS6515320; ILLUMINA:SRR11585211; OXFORD_NANOPORE:SRR24335776	CP124827.1	CP124829.1; CP124828.1	CP124829.1:65499; CP124828.1:211945; CP124827.1:5171383	Unicycler v. v0.4.9
kpne	SAMN08579613	SRR6764265	SRR10728904	GCA_002970375.3	ASM297037v3	Klebsiella pneumoniae subsp. pneumoniae		CRK0298					NCBI Prokaryotic Genome Annotation Pipeline (PGAP)	5776319	5	Complete Genome	2018-12-06		5489245	5							Illumina NextSeq; Oxford Nanopore	JCVI	PRJNA433394	SAMN08579613	5856	Klebsiella pneumoniae subsp. pneumoniae	SRS2992386; ILLUMINA:SRR6764265; OXFORD_NANOPORE:SRR10728904	CP034039.1	CP034043.1; CP034042.1; CP034041.1; CP034040.1	CP034043.1:3511; CP034042.1:5010; CP034041.1:65202; CP034040.1:213351; CP034039.1:5489245	Unicycler v. 0.4.7
paer	SAMN15907120	SRR12519142	SRR23471057	GCA_029961525.1	ASM2996152v1	Pseudomonas aeruginosa		2020CK-00185					NCBI Prokaryotic Genome Annotation Pipeline (PGAP)	7182488	2	Complete Genome	2023-05-10		7181191	2							Oxford Nanopore GridION; Illumina MiSeq	Utah Public Health Laboratory Infectious Disease submission group	PRJNA878812	SAMN15907120	6705	Pseudomonas aeruginosa	SRS7260919; ILLUMINA:SRR12519142; OXFORD_NANOPORE:SRR23471057	CP124646.1	CP124647.1	CP124647.1:1297; CP124646.1:7181191	Unicycler v. 0.5.0
paer	SAMN26564915	SRR18292460	SRR23471045	GCA_029962185.1	ASM2996218v1	Pseudomonas aeruginosa		2022CK-00160					NCBI Prokaryotic Genome Annotation Pipeline (PGAP)	7161364	2	Complete Genome	2023-05-10		7153669	2							Illumina MiSeq; Oxford Nanopore GridION	Utah Public Health Laboratory Infectious Disease submission group	PRJNA878812	SAMN26564915	6763	Pseudomonas aeruginosa	SRS12238652; ILLUMINA:SRR18292460; OXFORD_NANOPORE:SRR23471045	CP124660.1	CP124661.1	CP124661.1:7695; CP124660.1:7153669	Unicycler v. 0.5.0
paer	SAMN39334915	SRR27482354	SRR28375011	GCA_035557195.2	ASM3555719v2	Pseudomonas aeruginosa		2024CK-00032					NCBI Prokaryotic Genome Annotation Pipeline (PGAP)	7296574	2	Complete Genome	2024-03-31		7137446	2							Oxford Nanopore GridION; Illumina MiSeq	Utah Public Health Laboratory, Utah Public Health Laboratory Infectious Disease submission group	PRJNA812595	SAMN39334915	6948	Pseudomonas aeruginosa	SRS20104211; ILLUMINA:SRR27482354; OXFORD_NANOPORE:SRR28375011	CP149854.1	CP149855.1	CP149855.1:159128; CP149854.1:7137446	Unicycler v. 0.5.0
paer	SAMN15907153	SRR12519106	SRR23471054	GCA_029961565.1	ASM2996156v1	Pseudomonas aeruginosa		2020CK-00218					NCBI Prokaryotic Genome Annotation Pipeline (PGAP)	7130619	2	Complete Genome	2023-05-10		7128627	2							Illumina MiSeq; Oxford Nanopore GridION	Utah Public Health Laboratory Infectious Disease submission group	PRJNA878812	SAMN15907153	6754	Pseudomonas aeruginosa	SRS7260955; ILLUMINA:SRR12519106; OXFORD_NANOPORE:SRR23471054	CP124649.1	CP124650.1	CP124650.1:1992; CP124649.1:7128627	Unicycler v. 0.5.0
paer	SAMN32874250	SRR23190726	SRR23191131	GCA_028404105.1	ASM2840410v1	Pseudomonas aeruginosa		2881					NCBI Prokaryotic Genome Annotation Pipeline (PGAP)	7200635	2	Complete Genome	2023-02-02		7057974	2							Illumina NovaSeq & Oxford Nanopore MiniION	Technical university of Denmark	PRJNA905051	SAMN32874250	6818	Pseudomonas aeruginosa	SRS16553834; ILLUMINA:SRR23190726; OXFORD_NANOPORE:SRR23191131	CP116725.1	CP116726.1	CP116726.1:142661; CP116725.1:7057974	Unicycler v. v0.5.0
paer	SAMN37733290	SRR28788844	SRR28788843	GCA_032843885.3	ASM3284388v3	Pseudomonas aeruginosa		PSA9					NCBI Prokaryotic Genome Annotation Pipeline (PGAP)	7107038	2	Complete Genome	2024-04-16		7052471	2							Illumina NovaSeq; Oxford Nanopore MinION	Department of Clinical and Experimental Medicine, University of Foggia	PRJNA1026085	SAMN37733290	6720	Pseudomonas aeruginosa	SRS21110996; ILLUMINA:SRR28788844; OXFORD_NANOPORE:SRR28788843	CP150132.1	CP150133.1	CP150133.1:54567; CP150132.1:7052471	Unicycler v. 0.5.0
paer	SAMN32874240	SRR23190728	SRR23191133	GCA_028403965.1	ASM2840396v1	Pseudomonas aeruginosa		2856					NCBI Prokaryotic Genome Annotation Pipeline (PGAP)	7036624	2	Complete Genome	2023-02-02		7012556	2							Illumina NovaSeq & Oxford Nanopore MiniION	Technical university of Denmark	PRJNA905051	SAMN32874240	6683	Pseudomonas aeruginosa	SRS16553832; ILLUMINA:SRR23190728; OXFORD_NANOPORE:SRR23191133	CP116715.1	CP116716.1	CP116716.1:24068; CP116715.1:7012556	Unicycler v. v0.5.0
paer	SAMN32874242	SRR23190725	SRR23191130	GCA_028404005.1	ASM2840400v1	Pseudomonas aeruginosa		2858					NCBI Prokaryotic Genome Annotation Pipeline (PGAP)	6977699	2	Complete Genome	2023-02-02		6953400	2							Illumina NovaSeq & Oxford Nanopore MiniION	Technical university of Denmark	PRJNA905051	SAMN32874242	6561	Pseudomonas aeruginosa	SRS16553835; ILLUMINA:SRR23190725; OXFORD_NANOPORE:SRR23191130	CP116718.1	CP116719.1	CP116719.1:24299; CP116718.1:6953400	Unicycler v. v0.5.0
paer	SAMN25755502	SRR17943997	SRR23471047	GCA_029962165.1	ASM2996216v1	Pseudomonas aeruginosa		2022CK-00068					NCBI Prokaryotic Genome Annotation Pipeline (PGAP)	7469983	2	Complete Genome	2023-05-10		6943341	2							Illumina MiSeq; Oxford Nanopore GridION	Utah Public Health Laboratory Infectious Disease submission group	PRJNA878812	SAMN25755502	7170	Pseudomonas aeruginosa	SRS11927056; ILLUMINA:SRR17943997; OXFORD_NANOPORE:SRR23471047	CP124658.1	CP124659.1	CP124659.1:526642; CP124658.1:6943341	Unicycler v. 0.5.0
paer	SAMN16822477	SRR13075497	SRR23471052	GCA_029962145.1	ASM2996214v1	Pseudomonas aeruginosa		2020CK-00443					NCBI Prokaryotic Genome Annotation Pipeline (PGAP)	6978306	2	Complete Genome	2023-05-10		6936895	2							Oxford Nanopore GridION; Illumina MiSeq	Utah Public Health Laboratory Infectious Disease submission group	PRJNA878812	SAMN16822477	6622	Pseudomonas aeruginosa	SRS7729716; ILLUMINA:SRR13075497; OXFORD_NANOPORE:SRR23471052	CP124652.1	CP124653.1	CP124653.1:41411; CP124652.1:6936895	Unicycler v. 0.5.0
paer	SAMN20344478	SRR15210532	SRR23471040	GCA_029961305.1	ASM2996130v1	Pseudomonas aeruginosa		2021CK-01158					NCBI Prokaryotic Genome Annotation Pipeline (PGAP)	6588299	3	Complete Genome	2023-05-10		6549656	3							Oxford Nanopore GridION; Illumina MiSeq	Utah Public Health Laboratory Infectious Disease submission group	PRJNA878812	SAMN20344478	6170	Pseudomonas aeruginosa	SRS9554737; ILLUMINA:SRR15210532; OXFORD_NANOPORE:SRR23471040	CP124638.1	CP124640.1; CP124639.1	CP124640.1:1819; CP124639.1:36824; CP124638.1:6549656	Unicycler v. 0.5.0
paer	SAMN20344479	SRR15210531	SRR23471094	GCA_029961245.1	ASM2996124v1	Pseudomonas aeruginosa		2021CK-01159					NCBI Prokaryotic Genome Annotation Pipeline (PGAP)	6566841	2	Complete Genome	2023-05-10		6526980	2							Illumina MiSeq; Oxford Nanopore GridION	Utah Public Health Laboratory Infectious Disease submission group	PRJNA878812	SAMN20344479	6121	Pseudomonas aeruginosa	SRS9554738; ILLUMINA:SRR15210531; OXFORD_NANOPORE:SRR23471094	CP124622.1	CP124623.1	CP124623.1:39861; CP124622.1:6526980	Unicycler v. 0.5.0
paer	SAMN20674995	SRR15377044	SRR23471092	GCA_029961345.1	ASM2996134v1	Pseudomonas aeruginosa		2021CK-01198					NCBI Prokaryotic Genome Annotation Pipeline (PGAP)	6549207	2	Complete Genome	2023-05-10		6512383	2							Oxford Nanopore GridION; Illumina MiSeq	Utah Public Health Laboratory Infectious Disease submission group	PRJNA878812	SAMN20674995	6109	Pseudomonas aeruginosa	SRS9711075; ILLUMINA:SRR15377044; OXFORD_NANOPORE:SRR23471092	CP124641.1	CP124642.1	CP124642.1:36824; CP124641.1:6512383	Unicycler v. 0.5.0
paer	SAMN19514382	SRR27608436	SRR27608435	GCA_019084125.3	PAeru_501_Uni_041824	Pseudomonas aeruginosa		NCTR 501					NCBI Prokaryotic Genome Annotation Pipeline (PGAP)	6427509	3	Complete Genome	2024-05-03		6420288	3							Illumina MiSeq; Oxford Nanopore MinION	Micro Surveillance, NCTR/FDA	PRJNA734589	SAMN19514382	5967	Pseudomonas aeruginosa	SRS20178977; ILLUMINA:SRR27608436; OXFORD_NANOPORE:SRR27608435	CP152075.1	CP152077.1; CP152076.1	CP152077.1:3179; CP152076.1:4042; CP152075.1:6420288	Unicycler v. 03-2024
paer	SAMN12368444	SRR9841424	SRR9841425	GCA_008245185.1	ASM824518v1	Pseudomonas aeruginosa		HOU1					NCBI Prokaryotic Genome Annotation Pipeline (PGAP)	6290442	2	Complete Genome	2019-09-03		6123373	2							Oxford Nanopore MiniION; Illumina MiSeq	Baylor College of Medicine	PRJNA556762	SAMN12368444	5948	Pseudomonas aeruginosa	SRS5161476; OXFORD_NANOPORE:SRR9841425; ILLUMINA:SRR9841424	CP042269.1	CP042268.1	CP042269.1:6123373; CP042268.1:167069	Unicycler v. v0.4.8-beta
saur	SAMN15567930	SRR12343938	SRR12344017	GCA_022405355.1	ASM2240535v1	Staphylococcus aureus		NAS_AN_123					NCBI Prokaryotic Genome Annotation Pipeline (PGAP)	2950572	2	Complete Genome	2022-02-28		2923504	2							Illumina MiSeq; Oxford Nanopore	University of central Florida	PRJNA626345	SAMN15567930	2986	Staphylococcus aureus	SRS7106605; OXFORD_NANOPORE:SRR12344017; ILLUMINA:SRR12343938	CP062366.1	CP062367.1	CP062367.1:27068; CP062366.1:2923504	Uniclycler v. 0.4.8
saur	SAMN15567918	SRR12343929	SRR12343928	GCA_022405495.1	ASM2240549v1	Staphylococcus aureus		NAS_AN_068					NCBI Prokaryotic Genome Annotation Pipeline (PGAP)	2938847	2	Complete Genome	2022-02-28		2895508	2							Illumina MiSeq; Oxford Nanopore	University of central Florida	PRJNA626345	SAMN15567918	2938	Staphylococcus aureus	SRS7106678; ILLUMINA:SRR12343929; OXFORD_NANOPORE:SRR12343928	CP062382.1	CP062383.1	CP062383.1:43339; CP062382.1:2895508	Uniclycler v. 0.4.8
saur	SAMN15567955	SRR12343907	SRR12343990	GCA_022405145.1	ASM2240514v1	Staphylococcus aureus		NAS_AN_260					NCBI Prokaryotic Genome Annotation Pipeline (PGAP)	2909026	2	Complete Genome	2022-02-28		2888373	2							Illumina MiSeq; Oxford Nanopore	University of central Florida	PRJNA626345	SAMN15567955	2907	Staphylococcus aureus	SRS7106630; OXFORD_NANOPORE:SRR12343990; ILLUMINA:SRR12343907	CP062348.1	CP062349.1	CP062349.1:20653; CP062348.1:2888373	Uniclycler v. 0.4.8
saur	SAMN29251701	SRR19786625	SRR19786624	GCA_024172245.1	ASM2417224v1	Staphylococcus aureus		MRSA1369					NCBI Prokaryotic Genome Annotation Pipeline (PGAP)	2898303	3	Complete Genome	2022-07-06		2878495	3							Illumina HiSeq; Oxford Nanopore GridION	Washington University	PRJNA851804	SAMN29251701	2914	Staphylococcus aureus	SRS13521913; ILLUMINA:SRR19786625; OXFORD_NANOPORE:SRR19786624	CP099576.1	CP099578.1; CP099577.1	CP099578.1:3125; CP099577.1:16683; CP099576.1:2878495	Unicycler v. v0.4.0
saur	SAMN11175589	SRR8776798	SRR8776881	GCA_009913015.1	ASM991301v1	Staphylococcus aureus		UP_844					NCBI Prokaryotic Genome Annotation Pipeline (PGAP)	2897814	2	Complete Genome	2020-01-22		2870548	2							Illumina MiSeq / Oxford Nanopore MiniION	University Hospital Duesseldorf	PRJNA528186	SAMN11175589	2902	Staphylococcus aureus	SRS4529912; OXFORD_NANOPORE:SRR8776881; ILLUMINA:SRR8776798	CP047865.1	CP047866.1	CP047866.1:27266; CP047865.1:2870548	Unicycler Hybrid Assembly v. 0.4.8
saur	SAMN11175594	SRR8776803	SRR8776876	GCA_009912895.1	ASM991289v1	Staphylococcus aureus		UP_1435					NCBI Prokaryotic Genome Annotation Pipeline (PGAP)	2932277	3	Complete Genome	2020-01-22		2870100	3							Illumina MiSeq / Oxford Nanopore MiniION	University Hospital Duesseldorf	PRJNA528186	SAMN11175594	2942	Staphylococcus aureus	SRS4529917; OXFORD_NANOPORE:SRR8776876; ILLUMINA:SRR8776803	CP047856.1	CP047858.1; CP047857.1	CP047858.1:27268; CP047857.1:34909; CP047856.1:2870100	Unicycler Hybrid Assembly v. 0.4.8
saur	SAMN15567984	SRR12343875	SRR12343958	GCA_022404615.1	ASM2240461v1	Staphylococcus aureus		NAS_OP_063					NCBI Prokaryotic Genome Annotation Pipeline (PGAP)	2896973	2	Complete Genome	2022-02-28		2869905	2							Illumina MiSeq; Oxford Nanopore	University of central Florida	PRJNA626345	SAMN15567984	2913	Staphylococcus aureus	SRS7106659; OXFORD_NANOPORE:SRR12343958; ILLUMINA:SRR12343875	CP062324.1	CP062325.1	CP062325.1:27068; CP062324.1:2869905	Uniclycler v. 0.4.8
saur	SAMN15567993	SRR12343865	SRR12343948	GCA_022369595.1	ASM2236959v1	Staphylococcus aureus		NAS_OP_133					NCBI Prokaryotic Genome Annotation Pipeline (PGAP)	2896504	4	Complete Genome	2022-02-23		2863885	4							Illumina MiSeq; Oxford Nanopore	University of central Florida	PRJNA626345	SAMN15567993	2905	Staphylococcus aureus	SRS7106668; OXFORD_NANOPORE:SRR12343948; ILLUMINA:SRR12343865	CP062314.1	CP062317.1; CP062316.1; CP062315.1	CP062317.1:2473; CP062316.1:3111; CP062315.1:27035; CP062314.1:2863885	Uniclycler v. 0.4.8
saur	SAMN11175596	SRR8776805	SRR8776878	GCA_009913135.1	ASM991313v1	Staphylococcus aureus		UP_1525					NCBI Prokaryotic Genome Annotation Pipeline (PGAP)	2890732	2	Complete Genome	2020-01-22		2863573	2							Illumina MiSeq / Oxford Nanopore MiniION	University Hospital Duesseldorf	PRJNA528186	SAMN11175596	2894	Staphylococcus aureus	SRS4529915; OXFORD_NANOPORE:SRR8776878; ILLUMINA:SRR8776805	CP047854.1	CP047855.1	CP047855.1:27159; CP047854.1:2863573	Unicycler Hybrid Assembly v. 0.4.8
saur	SAMN11175645	SRR8776863	SRR10882859	GCA_009912075.1	ASM991207v1	Staphylococcus aureus		UP_1654					NCBI Prokaryotic Genome Annotation Pipeline (PGAP)	2892590	2	Complete Genome	2020-01-22		2860390	2							Illumina MiSeq / Oxford Nanopore MiniION	University Hospital Duesseldorf	PRJNA528186	SAMN11175645	2873	Staphylococcus aureus	SRS4529925; OXFORD_NANOPORE:SRR8776868; ILLUMINA:SRR8776863; OXFORD_NANOPORE:SRR10882859	CP047805.1	CP047806.1	CP047806.1:32200; CP047805.1:2860390	Unicycler Hybrid Assembly v. 0.4.8
saur	SAMN11175593	SRR8776802	SRR8776877	GCA_009913095.1	ASM991309v1	Staphylococcus aureus		UP_1405					NCBI Prokaryotic Genome Annotation Pipeline (PGAP)	2887396	2	Complete Genome	2020-01-22		2860128	2							Illumina MiSeq / Oxford Nanopore MiniION	University Hospital Duesseldorf	PRJNA528186	SAMN11175593	2892	Staphylococcus aureus	SRS4529916; OXFORD_NANOPORE:SRR8776877; ILLUMINA:SRR8776802	CP047859.1	CP047860.1	CP047860.1:27268; CP047859.1:2860128	Unicycler Hybrid Assembly v. 0.4.8
saur	SAMN11175592	SRR8776801	SRR8776882	GCA_009913155.1	ASM991315v1	Staphylococcus aureus		UP_1322					NCBI Prokaryotic Genome Annotation Pipeline (PGAP)	2881240	2	Complete Genome	2020-01-22		2853973	2							Illumina MiSeq / Oxford Nanopore MiniION	University Hospital Duesseldorf	PRJNA528186	SAMN11175592	2884	Staphylococcus aureus	SRS4529911; OXFORD_NANOPORE:SRR8776882; ILLUMINA:SRR8776801	CP047861.1	CP047862.1	CP047862.1:27267; CP047861.1:2853973	Unicycler Hybrid Assembly v. 0.4.8
saur	SAMN15567919	SRR12344018	SRR12344027	GCA_022405475.1	ASM2240547v1	Staphylococcus aureus		NAS_AN_076					NCBI Prokaryotic Genome Annotation Pipeline (PGAP)	2872575	2	Complete Genome	2022-02-28		2833222	2							Illumina MiSeq; Oxford Nanopore	University of central Florida	PRJNA626345	SAMN15567919	2844	Staphylococcus aureus	SRS7106596; OXFORD_NANOPORE:SRR12344027; ILLUMINA:SRR12344018	CP062380.1	CP062381.1	CP062381.1:39353; CP062380.1:2833222	Uniclycler v. 0.4.8
saur	SAMN15567977	SRR12343883	SRR12343966	GCA_022404675.1	ASM2240467v1	Staphylococcus aureus		NAS_OP_017					NCBI Prokaryotic Genome Annotation Pipeline (PGAP)	2840252	3	Complete Genome	2022-02-28		2823979	3							Illumina MiSeq; Oxford Nanopore	University of central Florida	PRJNA626345	SAMN15567977	2846	Staphylococcus aureus	SRS7106652; OXFORD_NANOPORE:SRR12343966; ILLUMINA:SRR12343883	CP062331.1	CP062333.1; CP062332.1	CP062333.1:3111; CP062332.1:13162; CP062331.1:2823979	Uniclycler v. 0.4.8
saur	SAMN11175587	SRR8776796	SRR8776864	GCA_009912975.1	ASM991297v1	Staphylococcus aureus		UP_419					NCBI Prokaryotic Genome Annotation Pipeline (PGAP)	2825436	2	Complete Genome	2020-01-22		2823088	2							Illumina MiSeq / Oxford Nanopore MiniION	University Hospital Duesseldorf	PRJNA528186	SAMN11175587	2801	Staphylococcus aureus	SRS4529929; OXFORD_NANOPORE:SRR8776864; ILLUMINA:SRR8776796	CP047867.1	CP047868.1	CP047868.1:2348; CP047867.1:2823088	Unicycler Hybrid Assembly v. 0.4.8
saur	SAMN15567956	SRR12343906	SRR12343989	GCA_022405075.1	ASM2240507v1	Staphylococcus aureus		NAS_AN_261					NCBI Prokaryotic Genome Annotation Pipeline (PGAP)	2868283	2	Complete Genome	2022-02-28		2823053	2							Illumina MiSeq; Oxford Nanopore	University of central Florida	PRJNA626345	SAMN15567956	2835	Staphylococcus aureus	SRS7106631; OXFORD_NANOPORE:SRR12343989; ILLUMINA:SRR12343906	CP062346.1	CP062347.1	CP062347.1:45230; CP062346.1:2823053	Uniclycler v. 0.4.8
saur	SAMN15567960	SRR12343901	SRR12343984	GCA_022493095.1	ASM2249309v1	Staphylococcus aureus		NAS_AN_285					NCBI Prokaryotic Genome Annotation Pipeline (PGAP)	2825610	2	Complete Genome	2022-03-07		2822484	2							Illumina MiSeq; Oxford Nanopore	University of central Florida	PRJNA626345	SAMN15567960	2831	Staphylococcus aureus	SRS7106635; OXFORD_NANOPORE:SRR12343984; ILLUMINA:SRR12343901	CP062439.1	CP062440.1	CP062440.1:3126; CP062439.1:2822484	Uniclycler v. 0.4.8
saur	SAMN11175591	SRR8776800	SRR8776883	GCA_009913175.1	ASM991317v1	Staphylococcus aureus		UP_1106					NCBI Prokaryotic Genome Annotation Pipeline (PGAP)	2846956	2	Complete Genome	2020-01-22		2819688	2							Illumina MiSeq / Oxford Nanopore MiniION	University Hospital Duesseldorf	PRJNA528186	SAMN11175591	2834	Staphylococcus aureus	SRS4529910; OXFORD_NANOPORE:SRR8776883; ILLUMINA:SRR8776800	CP047863.1	CP047864.1	CP047864.1:27268; CP047863.1:2819688	Unicycler Hybrid Assembly v. 0.4.8
saur	SAMN25144899	SRR18802815	SRR18802816	GCA_022226995.1	ASM2222699v1	Staphylococcus aureus		USA300					Annotation submitted by National Jewish Health	2833317	3	Complete Genome	2022-02-15		2817030	3							Illumina NextSeq; Oxford Nanopore	National Jewish Health	PRJNA799058	SAMN25144899	2695	Staphylococcus aureus	SRS12654244; OXFORD_NANOPORE:SRR18802816; ILLUMINA:SRR18802815	CP092052.1	CP092054.1; CP092053.1	CP092054.1:3125; CP092053.1:13162; CP092052.1:2817030	Unicycler v. v0.4.9
saur	SAMN11175630	SRR8776851	SRR10882875	GCA_009912195.1	ASM991219v1	Staphylococcus aureus		UP_1278					NCBI Prokaryotic Genome Annotation Pipeline (PGAP)	2825117	4	Complete Genome	2020-01-22		2816598	4							Illumina MiSeq / Oxford Nanopore MiniION	University Hospital Duesseldorf	PRJNA528186	SAMN11175630	2812	Staphylococcus aureus	SRS4529907; OXFORD_NANOPORE:SRR8776886; ILLUMINA:SRR8776851; OXFORD_NANOPORE:SRR10882875	CP047822.1	CP047825.1; CP047824.1; CP047823.1	CP047825.1:2473; CP047824.1:2961; CP047823.1:3085; CP047822.1:2816598	Unicycler Hybrid Assembly v. 0.4.8
saur	SAMN15567988	SRR12343871	SRR12343954	GCA_022404575.1	ASM2240457v1	Staphylococcus aureus		NAS_OP_101					NCBI Prokaryotic Genome Annotation Pipeline (PGAP)	2843605	2	Complete Genome	2022-02-28		2816537	2							Illumina MiSeq; Oxford Nanopore	University of central Florida	PRJNA626345	SAMN15567988	2862	Staphylococcus aureus	SRS7106663; OXFORD_NANOPORE:SRR12343954; ILLUMINA:SRR12343871	CP062320.1	CP062321.1	CP062321.1:27068; CP062320.1:2816537	Uniclycler v. 0.4.8
saur	SAMN15567999	SRR12343859	SRR12343942	GCA_022369535.1	ASM2236953v1	Staphylococcus aureus		NAS_OP_163					NCBI Prokaryotic Genome Annotation Pipeline (PGAP)	2816536	2	Complete Genome	2022-02-23		2799207	2							Illumina MiSeq; Oxford Nanopore	University of central Florida	PRJNA626345	SAMN15567999	2809	Staphylococcus aureus	SRS7106674; OXFORD_NANOPORE:SRR12343942; ILLUMINA:SRR12343859	CP062312.1	CP062313.1	CP062313.1:17329; CP062312.1:2799207	Uniclycler v. 0.4.8
saur	SAMN15567909	SRR12343939	SRR12343855	GCA_022405595.1	ASM2240559v1	Staphylococcus aureus		NAS_AN_009					NCBI Prokaryotic Genome Annotation Pipeline (PGAP)	2821889	2	Complete Genome	2022-02-28		2794450	2							Illumina MiSeq; Oxford Nanopore	University of central Florida	PRJNA626345	SAMN15567909	2824	Staphylococcus aureus	SRS7106675; ILLUMINA:SRR12343939; OXFORD_NANOPORE:SRR12343855	CP062393.1	CP062394.1	CP062394.1:27439; CP062393.1:2794450	Uniclycler v. 0.4.8
saur	SAMN15567957	SRR12343905	SRR12343988	GCA_022405055.1	ASM2240505v1	Staphylococcus aureus		NAS_AN_265					NCBI Prokaryotic Genome Annotation Pipeline (PGAP)	2810143	2	Complete Genome	2022-02-28		2792814	2							Illumina MiSeq; Oxford Nanopore	University of central Florida	PRJNA626345	SAMN15567957	2806	Staphylococcus aureus	SRS7106632; OXFORD_NANOPORE:SRR12343988; ILLUMINA:SRR12343905	CP062344.1	CP062345.1	CP062345.1:17329; CP062344.1:2792814	Uniclycler v. 0.4.8
saur	SAMN15567913	SRR12343891	SRR12343851	GCA_022405575.1	ASM2240557v1	Staphylococcus aureus		NAS_AN_036					NCBI Prokaryotic Genome Annotation Pipeline (PGAP)	2853433	3	Complete Genome	2022-02-28		2791691	3							Illumina MiSeq; Oxford Nanopore	University of central Florida	PRJNA626345	SAMN15567913	2852	Staphylococcus aureus	SRS7106682; ILLUMINA:SRR12343891; OXFORD_NANOPORE:SRR12343851	CP062390.1	CP062392.1; CP062391.1	CP062392.1:24655; CP062391.1:37087; CP062390.1:2791691	Uniclycler v. 0.4.8
saur	SAMN15567958	SRR12343904	SRR12343987	GCA_022404775.1	ASM2240477v1	Staphylococcus aureus		NAS_AN_270					NCBI Prokaryotic Genome Annotation Pipeline (PGAP)	2801757	2	Complete Genome	2022-02-28		2781066	2							Illumina MiSeq; Oxford Nanopore	University of central Florida	PRJNA626345	SAMN15567958	2788	Staphylococcus aureus	SRS7106633; OXFORD_NANOPORE:SRR12343987; ILLUMINA:SRR12343904	CP062342.1	CP062343.1	CP062343.1:20691; CP062342.1:2781066	Uniclycler v. 0.4.8
saur	SAMN15567985	SRR12343874	SRR12343957	GCA_022404595.1	ASM2240459v1	Staphylococcus aureus		NAS_OP_071					NCBI Prokaryotic Genome Annotation Pipeline (PGAP)	2800541	2	Complete Genome	2022-02-28		2779850	2							Illumina MiSeq; Oxford Nanopore	University of central Florida	PRJNA626345	SAMN15567985	2790	Staphylococcus aureus	SRS7106660; OXFORD_NANOPORE:SRR12343957; ILLUMINA:SRR12343874	CP062322.1	CP062323.1	CP062323.1:20691; CP062322.1:2779850	Uniclycler v. 0.4.8
saur	SAMN11175611	SRR8776828	SRR10882896	GCA_009912855.1	ASM991285v1	Staphylococcus aureus		UP_620					NCBI Prokaryotic Genome Annotation Pipeline (PGAP)	2800216	2	Complete Genome	2020-01-22		2779486	2							Illumina MiSeq / Oxford Nanopore MiniION	University Hospital Duesseldorf	PRJNA528186	SAMN11175611	2786	Staphylococcus aureus	SRS4529948; ILLUMINA:SRR8776828; OXFORD_NANOPORE:SRR8776787; OXFORD_NANOPORE:SRR10882896	CP047843.1	CP047844.1	CP047844.1:20730; CP047843.1:2779486	Unicycler Hybrid Assembly v. 0.4.8
saur	SAMN15567966	SRR12343895	SRR12343978	GCA_022404695.1	ASM2240469v1	Staphylococcus aureus		NAS_NP_164					NCBI Prokaryotic Genome Annotation Pipeline (PGAP)	2797313	2	Complete Genome	2022-02-28		2776622	2							Illumina MiSeq; Oxford Nanopore	University of central Florida	PRJNA626345	SAMN15567966	2793	Staphylococcus aureus	SRS7106641; OXFORD_NANOPORE:SRR12343978; ILLUMINA:SRR12343895	CP062334.1	CP062335.1	CP062335.1:20691; CP062334.1:2776622	Uniclycler v. 0.4.8
saur	SAMN11175619	SRR8776839	SRR10882887	GCA_009912555.1	ASM991255v1	Staphylococcus aureus		UP_883					NCBI Prokaryotic Genome Annotation Pipeline (PGAP)	2791750	2	Complete Genome	2020-01-22		2774422	2							Illumina MiSeq / Oxford Nanopore MiniION	University Hospital Duesseldorf	PRJNA528186	SAMN11175619	2770	Staphylococcus aureus	SRS4529937; ILLUMINA:SRR8776839; OXFORD_NANOPORE:SRR8776822; OXFORD_NANOPORE:SRR10882887	CP047835.1	CP047836.1	CP047836.1:17328; CP047835.1:2774422	Unicycler Hybrid Assembly v. 0.4.8
saur	SAMN15567920	SRR12344007	SRR12344026	GCA_022405455.1	ASM2240545v1	Staphylococcus aureus		NAS_AN_079					NCBI Prokaryotic Genome Annotation Pipeline (PGAP)	2801355	2	Complete Genome	2022-02-28		2774090	2							Illumina MiSeq; Oxford Nanopore	University of central Florida	PRJNA626345	SAMN15567920	2789	Staphylococcus aureus	SRS7106597; OXFORD_NANOPORE:SRR12344026; ILLUMINA:SRR12344007	CP062378.1	CP062379.1	CP062379.1:27265; CP062378.1:2774090	Uniclycler v. 0.4.8
saur	SAMN15567959	SRR12343903	SRR12343986	GCA_022404755.1	ASM2240475v1	Staphylococcus aureus		NAS_AN_275					NCBI Prokaryotic Genome Annotation Pipeline (PGAP)	2791775	2	Complete Genome	2022-02-28		2771054	2							Illumina MiSeq; Oxford Nanopore	University of central Florida	PRJNA626345	SAMN15567959	2781	Staphylococcus aureus	SRS7106634; OXFORD_NANOPORE:SRR12343986; ILLUMINA:SRR12343903	CP062340.1	CP062341.1	CP062341.1:20721; CP062340.1:2771054	Uniclycler v. 0.4.8
saur	SAMN11175599	SRR8776811	SRR10882900	GCA_009913035.1	ASM991303v1	Staphylococcus aureus		UP_274					NCBI Prokaryotic Genome Annotation Pipeline (PGAP)	2785722	2	Complete Genome	2020-01-22		2768425	2							Illumina MiSeq / Oxford Nanopore MiniION	University Hospital Duesseldorf	PRJNA528186	SAMN11175599	2776	Staphylococcus aureus	SRS4529891; OXFORD_NANOPORE:SRR8776902; ILLUMINA:SRR8776811; OXFORD_NANOPORE:SRR10882900	CP047852.1	CP047853.1	CP047853.1:17297; CP047852.1:2768425	Unicycler Hybrid Assembly v. 0.4.8
saur	SAMN17983074	SRR13745245	SRR13745251	GCA_018093065.1	ASM1809306v1	Staphylococcus aureus		CBS2016-05					Annotation submitted by Canadian Blood Services	2803377	2	Complete Genome	2021-04-19		2766936	2							Illumina MiSeq; Oxford Nanopore MinION	Health Canada	PRJNA703931	SAMN17983074	2813	Staphylococcus aureus	SRS8286459; OXFORD_NANOPORE:SRR13745251; ILLUMINA:SRR13745245	CP070991.1	CP070992.1	CP070992.1:36441; CP070991.1:2766936	Unicycler v. v0.4.8
saur	SAMN11175614	SRR8776833	SRR10882893	GCA_009912695.1	ASM991269v1	Staphylococcus aureus		UP_719					NCBI Prokaryotic Genome Annotation Pipeline (PGAP)	2786310	2	Complete Genome	2020-01-22		2765656	2							Illumina MiSeq / Oxford Nanopore MiniION	University Hospital Duesseldorf	PRJNA528186	SAMN11175614	2769	Staphylococcus aureus	SRS4529943; ILLUMINA:SRR8776833; OXFORD_NANOPORE:SRR8776792; OXFORD_NANOPORE:SRR10882893	CP047837.1	CP047838.1	CP047838.1:20654; CP047837.1:2765656	Unicycler Hybrid Assembly v. 0.4.8
saur	SAMN35074234	SRR24546985	SRR24546984	GCA_038789165.1	19-00012_RKI_Sau	Staphylococcus aureus		19-00012					NCBI Prokaryotic Genome Annotation Pipeline (PGAP)	2812167	4	Complete Genome	2024-04-30		2760795	4							Oxford Nanopore MinION; Illumina MiSeq	Unit 13: Nosocomial Pathogens and Antibiotic Resistances, Robert Koch Institute	PRJNA972352	SAMN35074234	2772	Staphylococcus aureus	SRS17652966; ILLUMINA:SRR24546985; OXFORD_NANOPORE:SRR24546984	CP125863.1	CP125866.1; CP125865.1; CP125864.1	CP125866.1:1373; CP125865.1:3567; CP125864.1:46432; CP125863.1:2760795	Unicycler v. 0.5.0
saur	SAMN11175604	SRR8776808	SRR10882857	GCA_009912915.1	ASM991291v1	Staphylococcus aureus		UP_403					NCBI Prokaryotic Genome Annotation Pipeline (PGAP)	2778350	2	Complete Genome	2020-01-22		2752646	2							Illumina MiSeq / Oxford Nanopore MiniION	University Hospital Duesseldorf	PRJNA528186	SAMN11175604	2760	Staphylococcus aureus	SRS4529894; OXFORD_NANOPORE:SRR8776899; ILLUMINA:SRR8776808; OXFORD_NANOPORE:SRR10882857	CP047849.1	CP047850.1	CP047850.1:25704; CP047849.1:2752646	Unicycler Hybrid Assembly v. 0.4.8
saur	SAMN15567908	SRR12343930	SRR12343856	GCA_022405615.1	ASM2240561v1	Staphylococcus aureus		NAS_AN_005					NCBI Prokaryotic Genome Annotation Pipeline (PGAP)	2829245	3	Complete Genome	2022-02-28		2746478	3							Illumina MiSeq; Oxford Nanopore	University of central Florida	PRJNA626345	SAMN15567908	2773	Staphylococcus aureus	SRS7106677; ILLUMINA:SRR12343930; OXFORD_NANOPORE:SRR12343856	CP062395.1	CP062397.1; CP062396.1	CP062397.1:39353; CP062396.1:43414; CP062395.1:2746478	Uniclycler v. 0.4.8
saur	SAMN11175629	SRR8776852	SRR10882876	GCA_009912355.1	ASM991235v1	Staphylococcus aureus		UP_1239					NCBI Prokaryotic Genome Annotation Pipeline (PGAP)	2765676	2	Complete Genome	2020-01-22		2744945	2							Illumina MiSeq / Oxford Nanopore MiniION	University Hospital Duesseldorf	PRJNA528186	SAMN11175629	2737	Staphylococcus aureus	SRS4529906; OXFORD_NANOPORE:SRR8776887; ILLUMINA:SRR8776852; OXFORD_NANOPORE:SRR10882876	CP047826.1	CP047827.1	CP047827.1:20731; CP047826.1:2744945	Unicycler Hybrid Assembly v. 0.4.8
saur	SAMN15567992	SRR12343866	SRR12343949	GCA_022369695.1	ASM2236969v1	Staphylococcus aureus		NAS_OP_132					NCBI Prokaryotic Genome Annotation Pipeline (PGAP)	2768180	2	Complete Genome	2022-02-23		2743526	2							Illumina MiSeq; Oxford Nanopore	University of central Florida	PRJNA626345	SAMN15567992	2741	Staphylococcus aureus	SRS7106667; OXFORD_NANOPORE:SRR12343949; ILLUMINA:SRR12343866	CP062318.1	CP062319.1	CP062319.1:24654; CP062318.1:2743526	Uniclycler v. 0.4.8
saur	SAMN15567914	SRR12343880	SRR12343850	GCA_022405555.1	ASM2240555v1	Staphylococcus aureus		NAS_AN_044					NCBI Prokaryotic Genome Annotation Pipeline (PGAP)	2765666	2	Complete Genome	2022-02-28		2738397	2							Illumina MiSeq; Oxford Nanopore	University of central Florida	PRJNA626345	SAMN15567914	2724	Staphylococcus aureus	SRS7106683; ILLUMINA:SRR12343880; OXFORD_NANOPORE:SRR12343850	CP062388.1	CP062389.1	CP062389.1:27269; CP062388.1:2738397	Uniclycler v. 0.4.8
saur	SAMN15567923	SRR12343985	SRR12344024	GCA_022405435.1	ASM2240543v1	Staphylococcus aureus		NAS_AN_099					NCBI Prokaryotic Genome Annotation Pipeline (PGAP)	2755455	2	Complete Genome	2022-02-28		2735674	2							Illumina MiSeq; Oxford Nanopore	University of central Florida	PRJNA626345	SAMN15567923	2706	Staphylococcus aureus	SRS7106599; OXFORD_NANOPORE:SRR12344024; ILLUMINA:SRR12343985	CP062376.1	CP062377.1	CP062377.1:19781; CP062376.1:2735674	Uniclycler v. 0.4.8
saur	SAMN15567947	SRR12343916	SRR12343999	GCA_022405235.1	ASM2240523v1	Staphylococcus aureus		NAS_AN_206					NCBI Prokaryotic Genome Annotation Pipeline (PGAP)	2756049	2	Complete Genome	2022-02-28		2735369	2							Illumina MiSeq; Oxford Nanopore	University of central Florida	PRJNA626345	SAMN15567947	2733	Staphylococcus aureus	SRS7106622; OXFORD_NANOPORE:SRR12343999; ILLUMINA:SRR12343916	CP062354.1	CP062355.1	CP062355.1:20680; CP062354.1:2735369	Uniclycler v. 0.4.8
saur	SAMN15567928	SRR12343941	SRR12344020	GCA_022405395.1	ASM2240539v1	Staphylococcus aureus		NAS_AN_111					NCBI Prokaryotic Genome Annotation Pipeline (PGAP)	2762382	2	Complete Genome	2022-02-28		2735115	2							Illumina MiSeq; Oxford Nanopore	University of central Florida	PRJNA626345	SAMN15567928	2723	Staphylococcus aureus	SRS7106603; OXFORD_NANOPORE:SRR12344020; ILLUMINA:SRR12343941	CP062370.1	CP062371.1	CP062371.1:27267; CP062370.1:2735115	Uniclycler v. 0.4.8
saur	SAMN15567943	SRR12343920	SRR12344003	GCA_022405275.1	ASM2240527v1	Staphylococcus aureus		NAS_AN_184					NCBI Prokaryotic Genome Annotation Pipeline (PGAP)	2762193	2	Complete Genome	2022-02-28		2734925	2							Illumina MiSeq; Oxford Nanopore	University of central Florida	PRJNA626345	SAMN15567943	2720	Staphylococcus aureus	SRS7106618; OXFORD_NANOPORE:SRR12344003; ILLUMINA:SRR12343920	CP062358.1	CP062359.1	CP062359.1:27268; CP062358.1:2734925	Uniclycler v. 0.4.8
saur	SAMN15567929	SRR12343940	SRR12344019	GCA_022405375.1	ASM2240537v1	Staphylococcus aureus		NAS_AN_115					NCBI Prokaryotic Genome Annotation Pipeline (PGAP)	2762193	2	Complete Genome	2022-02-28		2734925	2							Illumina MiSeq; Oxford Nanopore	University of central Florida	PRJNA626345	SAMN15567929	2720	Staphylococcus aureus	SRS7106604; OXFORD_NANOPORE:SRR12344019; ILLUMINA:SRR12343940	CP062368.1	CP062369.1	CP062369.1:27268; CP062368.1:2734925	Uniclycler v. 0.4.8
saur	SAMN15567939	SRR12343925	SRR12344008	GCA_022405295.1	ASM2240529v1	Staphylococcus aureus		NAS_AN_157					NCBI Prokaryotic Genome Annotation Pipeline (PGAP)	2776946	2	Complete Genome	2022-02-28		2734702	2							Illumina MiSeq; Oxford Nanopore	University of central Florida	PRJNA626345	SAMN15567939	2768	Staphylococcus aureus	SRS7106614; OXFORD_NANOPORE:SRR12344008; ILLUMINA:SRR12343925	CP062360.1	CP062361.1	CP062361.1:42244; CP062360.1:2734702	Uniclycler v. 0.4.8
saur	SAMN15567938	SRR12343926	SRR12344009	GCA_022405315.1	ASM2240531v1	Staphylococcus aureus		NAS_AN_152					NCBI Prokaryotic Genome Annotation Pipeline (PGAP)	2769434	2	Complete Genome	2022-02-28		2734462	2							Illumina MiSeq; Oxford Nanopore	University of central Florida	PRJNA626345	SAMN15567938	2733	Staphylococcus aureus	SRS7106613; OXFORD_NANOPORE:SRR12344009; ILLUMINA:SRR12343926	CP062362.1	CP062363.1	CP062363.1:34972; CP062362.1:2734462	Uniclycler v. 0.4.8
saur	SAMN11175637	SRR8776854	SRR10882868	GCA_009912015.1	ASM991201v1	Staphylococcus aureus		UP_1500					NCBI Prokaryotic Genome Annotation Pipeline (PGAP)	2736829	2	Complete Genome	2020-01-22		2733044	2							Illumina MiSeq / Oxford Nanopore MiniION	University Hospital Duesseldorf	PRJNA528186	SAMN11175637	2711	Staphylococcus aureus	SRS4529900; OXFORD_NANOPORE:SRR8776893; ILLUMINA:SRR8776854; OXFORD_NANOPORE:SRR10882868	CP047813.1	CP047814.1	CP047814.1:3785; CP047813.1:2733044	Unicycler Hybrid Assembly v. 0.4.8
saur	SAMN13388595	SRR10539274	SRR10539275	GCA_017161095.1	ASM1716109v1	Staphylococcus aureus		MEI001					NCBI Prokaryotic Genome Annotation Pipeline (PGAP)	2746973	2	Complete Genome	2021-03-03		2730873	2							Oxford Nanopore MiniION and illumina NovaSeq 6000	University of Bern	PRJNA591785	SAMN13388595	2729	Staphylococcus aureus	SRS5724265; OXFORD_NANOPORE:SRR10539275; ILLUMINA:SRR10539274	CP046476.1	CP046477.1	CP046477.1:16100; CP046476.1:2730873	Unicycler v. 0.4.4
saur	SAMN11175622	SRR8776842	SRR10882884	GCA_009912655.1	ASM991265v1	Staphylococcus aureus		UP_996					NCBI Prokaryotic Genome Annotation Pipeline (PGAP)	2758428	3	Complete Genome	2020-01-22		2730743	3							Illumina MiSeq / Oxford Nanopore MiniION	University Hospital Duesseldorf	PRJNA528186	SAMN11175622	2729	Staphylococcus aureus	SRS4529934; ILLUMINA:SRR8776842; OXFORD_NANOPORE:SRR8776825; OXFORD_NANOPORE:SRR10882884	CP047830.1	CP047832.1; CP047831.1	CP047832.1:2476; CP047831.1:25209; CP047830.1:2730743	Unicycler Hybrid Assembly v. 0.4.8
saur	SAMN15567953	SRR12343909	SRR12343992	GCA_022405185.1	ASM2240518v1	Staphylococcus aureus		NAS_AN_250					NCBI Prokaryotic Genome Annotation Pipeline (PGAP)	2746469	2	Complete Genome	2022-02-28		2729778	2							Illumina MiSeq; Oxford Nanopore	University of central Florida	PRJNA626345	SAMN15567953	2728	Staphylococcus aureus	SRS7106628; OXFORD_NANOPORE:SRR12343992; ILLUMINA:SRR12343909	CP062350.1	CP062351.1	CP062351.1:16691; CP062350.1:2729778	Uniclycler v. 0.4.8
saur	SAMN15567965	SRR12343896	SRR12343979	GCA_022404715.1	ASM2240471v1	Staphylococcus aureus		NAS_NP_161					NCBI Prokaryotic Genome Annotation Pipeline (PGAP)	2748834	2	Complete Genome	2022-02-28		2728104	2							Illumina MiSeq; Oxford Nanopore	University of central Florida	PRJNA626345	SAMN15567965	2703	Staphylococcus aureus	SRS7106640; OXFORD_NANOPORE:SRR12343979; ILLUMINA:SRR12343896	CP062336.1	CP062337.1	CP062337.1:20730; CP062336.1:2728104	Uniclycler v. 0.4.8
saur	SAMN15567931	SRR12343937	SRR12344016	GCA_022405335.1	ASM2240533v1	Staphylococcus aureus		NAS_AN_130					NCBI Prokaryotic Genome Annotation Pipeline (PGAP)	2754396	2	Complete Genome	2022-02-28		2726923	2							Illumina MiSeq; Oxford Nanopore	University of central Florida	PRJNA626345	SAMN15567931	2678	Staphylococcus aureus	SRS7106606; OXFORD_NANOPORE:SRR12344016; ILLUMINA:SRR12343937	CP062364.1	CP062365.1	CP062365.1:27473; CP062364.1:2726923	Uniclycler v. 0.4.8
saur	SAMN15567981	SRR12343878	SRR12343961	GCA_022404635.1	ASM2240463v1	Staphylococcus aureus		NAS_OP_043					NCBI Prokaryotic Genome Annotation Pipeline (PGAP)	2775445	3	Complete Genome	2022-02-28		2725874	3							Illumina MiSeq; Oxford Nanopore	University of central Florida	PRJNA626345	SAMN15567981	2736	Staphylococcus aureus	SRS7106656; OXFORD_NANOPORE:SRR12343961; ILLUMINA:SRR12343878	CP062326.1	CP062328.1; CP062327.1	CP062328.1:20730; CP062327.1:28841; CP062326.1:2725874	Uniclycler v. 0.4.8
saur	SAMN15567916	SRR12343858	SRR12343848	GCA_022405515.1	ASM2240551v1	Staphylococcus aureus		NAS_AN_050					NCBI Prokaryotic Genome Annotation Pipeline (PGAP)	2745885	2	Complete Genome	2022-02-28		2725155	2							Illumina MiSeq; Oxford Nanopore	University of central Florida	PRJNA626345	SAMN15567916	2705	Staphylococcus aureus	SRS7106685; ILLUMINA:SRR12343858; OXFORD_NANOPORE:SRR12343848	CP062384.1	CP062385.1	CP062385.1:20730; CP062384.1:2725155	Uniclycler v. 0.4.8
saur	SAMN15567950	SRR12343912	SRR12343995	GCA_022405205.1	ASM2240520v1	Staphylococcus aureus		NAS_AN_233					NCBI Prokaryotic Genome Annotation Pipeline (PGAP)	2751661	2	Complete Genome	2022-02-28		2722643	2							Illumina MiSeq; Oxford Nanopore	University of central Florida	PRJNA626345	SAMN15567950	2714	Staphylococcus aureus	SRS7106625; OXFORD_NANOPORE:SRR12343995; ILLUMINA:SRR12343912	CP062352.1	CP062353.1	CP062353.1:29018; CP062352.1:2722643	Uniclycler v. 0.4.8
saur	SAMN15567944	SRR12343919	SRR12344002	GCA_022405255.1	ASM2240525v1	Staphylococcus aureus		NAS_AN_203					NCBI Prokaryotic Genome Annotation Pipeline (PGAP)	2751661	2	Complete Genome	2022-02-28		2722643	2							Illumina MiSeq; Oxford Nanopore	University of central Florida	PRJNA626345	SAMN15567944	2714	Staphylococcus aureus	SRS7106619; OXFORD_NANOPORE:SRR12344002; ILLUMINA:SRR12343919	CP062356.1	CP062357.1	CP062357.1:29018; CP062356.1:2722643	Uniclycler v. 0.4.8
saur	SAMN15567978	SRR12343882	SRR12343965	GCA_022404655.1	ASM2240465v1	Staphylococcus aureus		NAS_OP_026					NCBI Prokaryotic Genome Annotation Pipeline (PGAP)	2723848	2	Complete Genome	2022-02-28		2720516	2							Illumina MiSeq; Oxford Nanopore	University of central Florida	PRJNA626345	SAMN15567978	2680	Staphylococcus aureus	SRS7106653; OXFORD_NANOPORE:SRR12343965; ILLUMINA:SRR12343882	CP062329.1	CP062330.1	CP062330.1:3332; CP062329.1:2720516	Uniclycler v. 0.4.8
saur	SAMN17983075	SRR13745244	SRR13745250	GCA_018093205.1	ASM1809320v1	Staphylococcus aureus		CI/BAC/25/13/W					Annotation submitted by Health Canada	2720880	2	Complete Genome	2021-04-19		2719347	2							Illumina MiSeq; Oxford Nanopore MinION	Health Canada	PRJNA703973	SAMN17983075	2699	Staphylococcus aureus	SRS8286464; OXFORD_NANOPORE:SRR13745250; ILLUMINA:SRR13745244	CP071102.1	CP071103.1	CP071103.1:1533; CP071102.1:2719347	Unicycler v. v0.4.8
saur	SAMN11175636	SRR8776855	SRR10882869	GCA_009912415.1	ASM991241v1	Staphylococcus aureus		UP_1484					NCBI Prokaryotic Genome Annotation Pipeline (PGAP)	2712116	2	Complete Genome	2020-01-22		2709643	2							Illumina MiSeq / Oxford Nanopore MiniION	University Hospital Duesseldorf	PRJNA528186	SAMN11175636	2654	Staphylococcus aureus	SRS4529905; OXFORD_NANOPORE:SRR8776888; ILLUMINA:SRR8776855; OXFORD_NANOPORE:SRR10882869	CP047815.1	CP047816.1	CP047816.1:2473; CP047815.1:2709643	Unicycler Hybrid Assembly v. 0.4.8
saur	SAMN15567927	SRR12343952	SRR12344021	GCA_022405415.1	ASM2240541v1	Staphylococcus aureus		NAS_AN_109					NCBI Prokaryotic Genome Annotation Pipeline (PGAP)	2731765	4	Complete Genome	2022-02-28		2696877	4							Illumina MiSeq; Oxford Nanopore	University of central Florida	PRJNA626345	SAMN15567927	2667	Staphylococcus aureus	SRS7106602; OXFORD_NANOPORE:SRR12344021; ILLUMINA:SRR12343952	CP062372.1	CP062375.1; CP062374.1; CP062373.1	CP062375.1:2366; CP062374.1:3566; CP062373.1:28956; CP062372.1:2696877	Uniclycler v. 0.4.8
saur	SAMN15239172	SRR13292384	SRR13292383	GCA_015475575.1	ASM1547557v1	Staphylococcus aureus LAC		LAC					NCBI Prokaryotic Genome Annotation Pipeline (PGAP)	2877525	2	Complete Genome	2020-11-13		2874400	2							Illumina; Oxford Nanopore MiniION	University of Arkansas for Medical Sciences	PRJNA639565	SAMN15239172	2885	Staphylococcus aureus LAC	SRS7914898; ILLUMINA:SRR13292384; OXFORD_NANOPORE:SRR13292383	CP055225.1	CP055226.1	CP055226.1:3125; CP055225.1:2874400	Unicycler v. v0.4.4
abau	SAMN19762528	SRR14852502	SRR14852507	GCA_023517195.1	ASM2351719v1	Acinetobacter baumannii		DETAB-E51					NCBI Prokaryotic Genome Annotation Pipeline (PGAP)	4213949	2	Complete Genome	2022-05-23		4202756	2							Illumina; Oxford Nanopore	University of Birmingham	PRJNA738868	SAMN19762528	4142	Acinetobacter baumannii	SRS9229401; OXFORD_NANOPORE:SRR14852507; ILLUMINA:SRR14852502	CP077830.1	CP077831.1	CP077831.1:11193; CP077830.1:4202756	Unicycler v. 0.4.8
abau	SAMN36514289	SRR25319655	SRR27135510	GCA_034494405.1	ASM3449440v1	Acinetobacter baumannii		2023CK-00893					NCBI Prokaryotic Genome Annotation Pipeline (PGAP)	4312633	5	Complete Genome	2023-12-20		4154379	5							Oxford Nanopore GridION; Illumina MiSeq	Utah Public Health Laboratory Infectious Disease submission group	PRJNA812595	SAMN36514289	4145	Acinetobacter baumannii	SRS18332163; ILLUMINA:SRR25319655; OXFORD_NANOPORE:SRR27135510	CP140420.1	CP140424.1; CP140423.1; CP140422.1; CP140421.1	CP140424.1:3853; CP140423.1:25838; CP140422.1:56458; CP140421.1:72105; CP140420.1:4154379	unicycler v. 0.5.0
abau	SAMN41107056	SRR28824822	SRR28824821	GCA_039545565.1	NCSR_106 Hybrid assembly	Acinetobacter baumannii		NCSR_106					NCBI Prokaryotic Genome Annotation Pipeline (PGAP)	4220591	6	Complete Genome	2024-05-06		4111123	6							Illumina HiSeq; Oxford Nanopore MinION	School of Life and Environmental Sciences, The University of Sydney	PRJNA835506	SAMN41107056	4134	Acinetobacter baumannii	SRS21143660; ILLUMINA:SRR28824822; OXFORD_NANOPORE:SRR28824821	CP154372.1	CP154377.1; CP154376.1; CP154375.1; CP154374.1; CP154373.1	CP154377.1:1810; CP154376.1:2278; CP154375.1:2343; CP154374.1:8731; CP154373.1:94306; CP154372.1:4111123	Unicycler v. 0.4.0
abau	SAMN41384382	SRR29012381	SRR29012380	GCA_039780165.1	ASM3978016v1	Acinetobacter baumannii		D13					NCBI Prokaryotic Genome Annotation Pipeline (PGAP)	4112033	4	Complete Genome	2024-05-23		4089266	4							Illumina HiSeq; Oxford Nanopore MinION	School of Life and Environmental Sciences, The University of Sydney	PRJNA812075	SAMN41384382	4016	Acinetobacter baumannii	SRS21284111; ILLUMINA:SRR29012381; OXFORD_NANOPORE:SRR29012380	CP156044.1	CP156047.1; CP156046.1; CP156045.1	CP156047.1:4000; CP156046.1:8923; CP156045.1:9844; CP156044.1:4089266	Unicycler v. 0.4.0
abau	SAMN19774653	SRR14862612	SRR14862582	GCA_023517695.1	ASM2351769v1	Acinetobacter baumannii		DETAB-P90					NCBI Prokaryotic Genome Annotation Pipeline (PGAP)	4160315	3	Complete Genome	2022-05-23		4078332	3							Illumina; Oxford Nanopore	University of Birmingham	PRJNA738868	SAMN19774653	4054	Acinetobacter baumannii	SRS9237724; ILLUMINA:SRR14862612; OXFORD_NANOPORE:SRR14862582	CP077840.1	CP077842.1; CP077841.1	CP077842.1:11194; CP077841.1:70789; CP077840.1:4078332	Unicycler v. 0.4.8
abau	SAMN30898357	SRR21607497	SRR21607575	GCA_025854155.1	ASM2585415v1	Acinetobacter baumannii		1326924-1					NCBI Prokaryotic Genome Annotation Pipeline (PGAP)	4142911	3	Complete Genome	2022-10-26		4064267	3							Illumina; Oxford Nanopore GridION	Utah Public Health Laboratory Infectious Disease submission group	PRJNA812594	SAMN30898357	4034	Acinetobacter baumannii	SRS15144913; ILLUMINA:SRR21607497; OXFORD_NANOPORE:SRR21607575	CP107605.1	CP107607.1; CP107606.1	CP107607.1:11625; CP107606.1:67019; CP107605.1:4064267	Unicycler v. 0.5.0
abau	SAMN30898321	SRR21607536	SRR21607614	GCA_025854015.1	ASM2585401v1	Acinetobacter baumannii		1326569					NCBI Prokaryotic Genome Annotation Pipeline (PGAP)	4141496	3	Complete Genome	2022-10-26		4062852	3							Illumina; Oxford Nanopore GridION	Utah Public Health Laboratory Infectious Disease submission group	PRJNA812594	SAMN30898321	4030	Acinetobacter baumannii	SRS15144874; ILLUMINA:SRR21607536; OXFORD_NANOPORE:SRR21607614	CP107590.1	CP107592.1; CP107591.1	CP107592.1:11625; CP107591.1:67019; CP107590.1:4062852	Unicycler v. 0.5.0
abau	SAMN30898316	SRR21607493	SRR21607571	GCA_025853995.1	ASM2585399v1	Acinetobacter baumannii		1326527-2					NCBI Prokaryotic Genome Annotation Pipeline (PGAP)	4135958	3	Complete Genome	2022-10-26		4057314	3							Illumina; Oxford Nanopore GridION	Utah Public Health Laboratory Infectious Disease submission group	PRJNA812594	SAMN30898316	4022	Acinetobacter baumannii	SRS15144917; ILLUMINA:SRR21607493; OXFORD_NANOPORE:SRR21607571	CP107587.1	CP107589.1; CP107588.1	CP107589.1:11625; CP107588.1:67019; CP107587.1:4057314	Unicycler v. 0.5.0
abau	SAMN40254326	SRR28217779	SRR28926166	GCA_037008745.2	ASM3700874v2	Acinetobacter baumannii		2024CK-00246					NCBI Prokaryotic Genome Annotation Pipeline (PGAP)	4239050	3	Complete Genome	2024-05-21		4056338	3							Illumina MiSeq; Oxford Nanopore GridION	Utah Public Health Laboratory, Utah Public Health Laboratory Infectious Disease submission group	PRJNA812595	SAMN40254326	4129	Acinetobacter baumannii	SRS20651919; ILLUMINA:SRR28217779; OXFORD_NANOPORE:SRR28375015; OXFORD_NANOPORE:SRR28926166	CP155721.1	CP155723.1; CP155722.1	CP155723.1:75286; CP155722.1:107426; CP155721.1:4056338	Unicycler v. 0.5.0
abau	SAMN28871714	SRR20613520	SRR20613519	GCA_024426665.1	ASM2442666v1	Acinetobacter baumannii		Cl107					NCBI Prokaryotic Genome Annotation Pipeline (PGAP)	4254951	2	Complete Genome	2022-07-25		4056235	2							Illumina MiSeq; Oxford Nanopore MinION	Lebanese University	PRJNA846279	SAMN28871714	4090	Acinetobacter baumannii	SRS14271859; ILLUMINA:SRR20613520; OXFORD_NANOPORE:SRR20613519	CP098521.1	CP098522.1	CP098522.1:198716; CP098521.1:4056235	Unicycler v. v0.4.7
abau	SAMN41094848	SRR28815869	SRR29090063	GCA_038627335.2	ASM3862733v2	Acinetobacter baumannii		2024CK-00546					NCBI Prokaryotic Genome Annotation Pipeline (PGAP)	4261453	4	Complete Genome	2024-05-28		4055299	4							Illumina MiSeq; Oxford Nanopore GridION	Utah Public Health Laboratory, Utah Public Health Laboratory Infectious Disease submission group	PRJNA812595	SAMN41094848	4159	Acinetobacter baumannii	SRS21135310; ILLUMINA:SRR28815869; OXFORD_NANOPORE:SRR29090063	CP156933.1	CP156936.1; CP156935.1; CP156934.1	CP156936.1:20549; CP156935.1:78179; CP156934.1:107426; CP156933.1:4055299	Unicycler v. 0.5.0
abau	SAMN28788543	SRR19462105	SRR22756116	GCA_023615345.2	ASM2361534v2	Acinetobacter baumannii		2022CK-00317					NCBI Prokaryotic Genome Annotation Pipeline (PGAP)	4155747	2	Complete Genome	2023-01-17		4048321	2							Oxford Nanopore GridION; Illumina MiSeq	Utah Public Health Laboratory Infectious Disease submission group	PRJNA812595	SAMN28788543	4027	Acinetobacter baumannii	SRS13228546; ILLUMINA:SRR19462105; OXFORD_NANOPORE:SRR22756116	CP115643.1	CP115644.1	CP115644.1:107426; CP115643.1:4048321	Unicycler v. 0.5.0
abau	SAMN38788845	SRR27185910	SRR27710531	GCA_034331205.2	ASM3433120v2	Acinetobacter baumannii		2023CK-01512					NCBI Prokaryotic Genome Annotation Pipeline (PGAP)	4238657	5	Complete Genome	2024-02-01		4040533	5							Oxford Nanopore GridION; Illumina MiSeq	Utah Public Health Laboratory Infectious Disease submission group	PRJNA812595	SAMN38788845	4162	Acinetobacter baumannii	SRS19840293; ILLUMINA:SRR27185910; OXFORD_NANOPORE:SRR27710531	CP143348.1	CP143349.1; CP143352.1; CP143351.1; CP143350.1	CP143349.1:108159; CP143352.1:2025; CP143351.1:14639; CP143350.1:73301; CP143348.1:4040533	Unicycler v. 0.5.0
abau	SAMN28788563	SRR19462083	SRR22756113	GCA_023615705.2	ASM2361570v2	Acinetobacter baumannii		2022CK-00337					NCBI Prokaryotic Genome Annotation Pipeline (PGAP)	4112492	3	Complete Genome	2023-01-17		4032528	3							Oxford Nanopore GridION; Illumina MiSeq	Utah Public Health Laboratory Infectious Disease submission group	PRJNA812595	SAMN28788563	4010	Acinetobacter baumannii	SRS13228568; ILLUMINA:SRR19462083; OXFORD_NANOPORE:SRR22756113	CP115629.1	CP115631.1; CP115630.1	CP115631.1:8731; CP115630.1:71233; CP115629.1:4032528	Unicycler v. 0.5.0
abau	SAMN34191879	SRR24175237	SRR25213974	GCA_029767905.3	ASM2976790v3	Acinetobacter baumannii		2023CK-00423					NCBI Prokaryotic Genome Annotation Pipeline (PGAP)	4104895	3	Complete Genome	2023-08-05		4023158	3							Oxford Nanopore GridION; Illumina MiSeq	Utah Public Health Laboratory Infectious Disease submission group	PRJNA812595	SAMN34191879	3998	Acinetobacter baumannii	SRS17319586; ILLUMINA:SRR24175237; OXFORD_NANOPORE:SRR25213974	CP130921.1	CP130923.1; CP130922.1	CP130923.1:8731; CP130922.1:73006; CP130921.1:4023158	Unicycler v. 0.5.0
abau	SAMN08687991	SRR6826835	SRR12937579	GCA_015910475.1	ASM1591047v1	Acinetobacter baumannii		ATCC 17961					NCBI Prokaryotic Genome Annotation Pipeline (PGAP)	4032448	3	Complete Genome	2020-12-10		4016386	3							Illumina MiSeq; Oxford Nanopore MinION	East Carolina University	PRJNA437968	SAMN08687991	3878	Acinetobacter baumannii	SRS3036266; ILLUMINA:SRR6826835; OXFORD_NANOPORE:SRR12937579	CP065432.1	CP065434.1; CP065433.1	CP065434.1:6667; CP065433.1:9395; CP065432.1:4016386	Unicycler v. v0.4.3
abau	SAMN38646042	SRR27050468	SRR27710535	GCA_034126645.2	ASM3412664v2	Acinetobacter baumannii		2023CK-01487					NCBI Prokaryotic Genome Annotation Pipeline (PGAP)	4120089	2	Complete Genome	2024-02-01		4009122	2							Oxford Nanopore GridION; Illumina MiSeq	Utah Public Health Laboratory Infectious Disease submission group	PRJNA812595	SAMN38646042	3986	Acinetobacter baumannii	SRS19728482; ILLUMINA:SRR27050468; OXFORD_NANOPORE:SRR27710535	CP143344.1	CP143345.1	CP143345.1:110967; CP143344.1:4009122	Unicycler v. 0.5.0
abau	SAMN21240079	SRR15725578	SRR15725577	GCA_020132105.1	ASM2013210v1	Acinetobacter baumannii		Cl300					NCBI Prokaryotic Genome Annotation Pipeline (PGAP)	4016584	2	Complete Genome	2021-09-24		4007379	2							Illumina; Oxford Nanopore	University of Technology Sydney	PRJNA607827	SAMN21240079	3843	Acinetobacter baumannii	SRS10025729; ILLUMINA:SRR15725578; OXFORD_NANOPORE:SRR15725577	CP082952.1	CP082953.1	CP082953.1:9205; CP082952.1:4007379	Unicycler v. 1.0
abau	SAMN39998251	SRR28015256	SRR28375026	GCA_036718155.2	ASM3671815v2	Acinetobacter baumannii		2024CK-00130					NCBI Prokaryotic Genome Annotation Pipeline (PGAP)	4033449	3	Complete Genome	2024-03-31		4004850	3							Oxford Nanopore GridION; Illumina MiSeq	Utah Public Health Laboratory, Utah Public Health Laboratory Infectious Disease submission group	PRJNA812595	SAMN39998251	3920	Acinetobacter baumannii	SRS20498488; ILLUMINA:SRR28015256; OXFORD_NANOPORE:SRR28375026	CP149838.1	CP149840.1; CP149839.1	CP149840.1:8963; CP149839.1:19636; CP149838.1:4004850	unicycler v. 0.5.0
abau	SAMN19774628	SRR14862505	SRR14862585	GCA_023517235.1	ASM2351723v1	Acinetobacter baumannii		DETAB-P65					NCBI Prokaryotic Genome Annotation Pipeline (PGAP)	4072975	2	Complete Genome	2022-05-23		3999531	2							Illumina; Oxford Nanopore	University of Birmingham	PRJNA738868	SAMN19774628	3870	Acinetobacter baumannii	SRS9237750; OXFORD_NANOPORE:SRR14862585; ILLUMINA:SRR14862505	CP077835.1	CP077836.1	CP077836.1:73444; CP077835.1:3999531	Unicycler v. 0.4.8
abau	SAMN07445112	SRR5891495	SRR5891496	GCA_002761575.1	ASM276157v1	Acinetobacter baumannii		AYP-A2					Annotation submitted by The University of Melbourne	4102702	2	Complete Genome	2017-11-07		3991735	2							Illumina HiSeq; Oxford Nanopore	The University of Melbourne	PRJNA396979	SAMN07445112	3987	Acinetobacter baumannii	SRS2403200; OXFORD_NANOPORE:SRR5891496; ILLUMINA:SRR5891495	CP024124.1	CP024125.1	CP024124.1:3991735; CP024125.1:110967	Unicycler v. v0.3.1
abau	SAMN40443483	SRR28335983	SRR28926173	GCA_039654205.1	ASM3965420v1	Acinetobacter baumannii		2024CK-00247					NCBI Prokaryotic Genome Annotation Pipeline (PGAP)	4187143	5	Complete Genome	2024-05-16		3989019	5							Illumina MiSeq; Oxford Nanopore GridION	Utah Public Health Laboratory, Utah Public Health Laboratory Infectious Disease submission group	PRJNA812595	SAMN40443483	4081	Acinetobacter baumannii	SRS20746043; ILLUMINA:SRR28335983; OXFORD_NANOPORE:SRR28926173	CP155476.1	CP155480.1; CP155479.1; CP155478.1; CP155477.1	CP155480.1:2025; CP155479.1:14639; CP155478.1:73301; CP155477.1:108159; CP155476.1:3989019	Unicycler v. 0.5.0
abau	SAMN19762632	SRR14852385	SRR14852539	GCA_023517715.1	ASM2351771v1	Acinetobacter baumannii		DETAB-E155					NCBI Prokaryotic Genome Annotation Pipeline (PGAP)	4037352	3	Complete Genome	2022-05-23		3987206	3							Illumina; Oxford Nanopore	University of Birmingham	PRJNA738868	SAMN19762632	3875	Acinetobacter baumannii	SRS9229089; ILLUMINA:SRR14852385; OXFORD_NANOPORE:SRR14852539	CP077843.1	CP077845.1; CP077844.1	CP077845.1:11194; CP077844.1:38952; CP077843.1:3987206	Unicycler v. 0.4.8
abau	SAMN40254323	SRR28217782	SRR28375016	GCA_037008665.2	ASM3700866v2	Acinetobacter baumannii		2024CK-00250					NCBI Prokaryotic Genome Annotation Pipeline (PGAP)	4181773	5	Complete Genome	2024-03-31		3983649	5							Oxford Nanopore GridION; Illumina MiSeq	Utah Public Health Laboratory, Utah Public Health Laboratory Infectious Disease submission group	PRJNA812595	SAMN40254323	4075	Acinetobacter baumannii	SRS20651916; ILLUMINA:SRR28217782; OXFORD_NANOPORE:SRR28375016	CP149831.1	CP149835.1; CP149834.1; CP149833.1; CP149832.1	CP149835.1:2025; CP149834.1:14639; CP149833.1:73301; CP149832.1:108159; CP149831.1:3983649	unicycler v. 0.5.0
abau	SAMN31494247	SRR22070827	SRR22070826	GCA_026062515.1	ASM2606251v1	Acinetobacter baumannii		RBH2					NCBI Prokaryotic Genome Annotation Pipeline (PGAP)	4422798	7	Complete Genome	2022-11-08		3983259	7							Oxford Nanopore MinION; Illumina HiSeq	The University of Sydney	PRJNA893697	SAMN31494247	4279	Acinetobacter baumannii	SRS15557538; ILLUMINA:SRR22070827; OXFORD_NANOPORE:SRR22070826	CP110462.1	CP110463.1; CP110468.1; CP110466.1; CP110465.1; CP110464.1; CP110467.1	CP110462.1:3983259; CP110463.1:6078; CP110468.1:141033; CP110466.1:80243; CP110465.1:75126; CP110464.1:12952; CP110467.1:124107	Unicycler v. 0.4.0
abau	SAMN41020287	SRR28747399	SRR29099106	GCA_038418365.2	ASM3841836v2	Acinetobacter baumannii		2024CK-00462					NCBI Prokaryotic Genome Annotation Pipeline (PGAP)	4087516	3	Complete Genome	2024-06-02		3980841	3							Illumina MiSeq; Oxford Nanopore GridION	Utah Public Health Laboratory, Utah Public Health Laboratory Infectious Disease submission group	PRJNA812595	SAMN41020287	4011	Acinetobacter baumannii	SRS21074869; ILLUMINA:SRR28747399; OXFORD_NANOPORE:SRR29099106	CP157257.1	CP157259.1; CP157258.1	CP157259.1:2024; CP157258.1:104651; CP157257.1:3980841	Unicycler v. 0.5.0
abau	SAMN19762585	SRR14852437	SRR14852546	GCA_023517155.1	ASM2351715v1	Acinetobacter baumannii		DETAB-E108					NCBI Prokaryotic Genome Annotation Pipeline (PGAP)	4091717	2	Complete Genome	2022-05-23		3980750	2							Illumina; Oxford Nanopore	University of Birmingham	PRJNA738868	SAMN19762585	3935	Acinetobacter baumannii	SRS9229036; ILLUMINA:SRR14852437; OXFORD_NANOPORE:SRR14852546	CP077826.1	CP077827.1	CP077827.1:110967; CP077826.1:3980750	Unicycler v. 0.4.8
abau	SAMN19762636	SRR14852381	SRR14852537	GCA_023517255.1	ASM2351725v1	Acinetobacter baumannii		DETAB-E159					NCBI Prokaryotic Genome Annotation Pipeline (PGAP)	4061599	3	Complete Genome	2022-05-23		3980610	3							Illumina; Oxford Nanopore	University of Birmingham	PRJNA738868	SAMN19762636	3916	Acinetobacter baumannii	SRS9229093; ILLUMINA:SRR14852381; OXFORD_NANOPORE:SRR14852537	CP077837.1	CP077839.1; CP077838.1	CP077839.1:8731; CP077838.1:72258; CP077837.1:3980610	Unicycler v. 0.4.8
abau	SAMN19774606	SRR14862530	SRR14862589	GCA_023517215.1	ASM2351721v1	Acinetobacter baumannii		DETAB-P43					NCBI Prokaryotic Genome Annotation Pipeline (PGAP)	4071554	3	Complete Genome	2022-05-23		3978561	3							Illumina; Oxford Nanopore	University of Birmingham	PRJNA738868	SAMN19774606	3928	Acinetobacter baumannii	SRS9237747; OXFORD_NANOPORE:SRR14862589; ILLUMINA:SRR14862530	CP077832.1	CP077834.1; CP077833.1	CP077834.1:8731; CP077833.1:84262; CP077832.1:3978561	Unicycler v. 0.4.8
abau	SAMN25755497	SRR17944003	SRR22756112	GCA_022107375.2	ASM2210737v2	Acinetobacter baumannii		2022CK-00063					NCBI Prokaryotic Genome Annotation Pipeline (PGAP)	3997151	2	Complete Genome	2023-01-17		3977492	2							Oxford Nanopore GridION; Illumina MiSeq	Utah Public Health Laboratory Infectious Disease submission group	PRJNA812595	SAMN25755497	3859	Acinetobacter baumannii	SRS11927050; ILLUMINA:SRR17944003; OXFORD_NANOPORE:SRR22756112	CP115632.1	CP115633.1	CP115633.1:19659; CP115632.1:3977492	Unicycler v. 0.5.0
abau	SAMN30898327	SRR21607530	SRR21607608	GCA_025854135.1	ASM2585413v1	Acinetobacter baumannii		1326595					NCBI Prokaryotic Genome Annotation Pipeline (PGAP)	3996530	2	Complete Genome	2022-10-26		3976868	2							Illumina; Oxford Nanopore GridION	Utah Public Health Laboratory Infectious Disease submission group	PRJNA812594	SAMN30898327	3848	Acinetobacter baumannii	SRS15144880; ILLUMINA:SRR21607530; OXFORD_NANOPORE:SRR21607608	CP107603.1	CP107604.1	CP107604.1:19662; CP107603.1:3976868	Unicycler v. 0.5.0
abau	SAMN10261544	SRR8081620	SRR8885335	GCA_003949595.2	ASM394959v2	Acinetobacter baumannii		TG22182					NCBI Prokaryotic Genome Annotation Pipeline (PGAP)	4052320	3	Complete Genome	2019-05-09		3975485	3							Illumina MiSeq; Oxford Nanopore MiniION	Northern Arizona University	PRJNA497581	SAMN10261544	3951	Acinetobacter baumannii	SRS3954088; ILLUMINA:SRR8080859; ILLUMINA:SRR8081623; ILLUMINA:SRR8081622; ILLUMINA:SRR8081620; OXFORD_NANOPORE:SRR8885335	CP039993.1	CP039995.1; CP039994.1	CP039995.1:5602; CP039994.1:71233; CP039993.1:3975485	UniCycler v. v0.4.8-beta
abau	SAMN12287002	SRR11096093	SRR11096311	GCA_030585285.1	ASM3058528v1	Acinetobacter baumannii		18WIARLN0023					NCBI Prokaryotic Genome Annotation Pipeline (PGAP)	4094766	3	Complete Genome	2023-08-02		3972920	3							Illumina MiSeq and Oxford Nanopore MinION	Wisconsin State Laboratory of Hygiene	PRJNA557486	SAMN12287002	3999	Acinetobacter baumannii	SRS6155107; ILLUMINA:SRR11096093; OXFORD_NANOPORE:SRR11096311	CP043462.1	CP043464.1; CP043463.1	CP043464.1:10879; CP043463.1:110967; CP043462.1:3972920	Unicycler v. 0.4.7
abau	SAMN15646564	SRR15912612	SRR12328711	GCA_019903155.1	ASM1990315v1	Acinetobacter baumannii		E-011922					NCBI Prokaryotic Genome Annotation Pipeline (PGAP)	4106662	4	Complete Genome	2021-09-08		3970467	4							Illumina MiSeq; Oxford Nanopore MiniION	University of Technology Sydney	PRJNA607827	SAMN15646564	3929	Acinetobacter baumannii	SRS7093213; OXFORD_NANOPORE:SRR12328711; ILLUMINA:SRR12328721; ILLUMINA:SRR15912612	CP059542.1	CP059545.1; CP059544.1; CP059543.1	CP059545.1:7369; CP059544.1:11020; CP059543.1:117806; CP059542.1:3970467	Unicycler v. v1
abau	SAMN41384381	SRR29012377	SRR29012376	GCA_039779435.1	ASM3977943v1	Acinetobacter baumannii		D78					NCBI Prokaryotic Genome Annotation Pipeline (PGAP)	4061385	3	Complete Genome	2024-05-23		3969673	3							Illumina HiSeq; Oxford Nanopore MinION	School of Life and Environmental Sciences, The University of Sydney	PRJNA812075	SAMN41384381	3909	Acinetobacter baumannii	SRS21284108; ILLUMINA:SRR29012377; OXFORD_NANOPORE:SRR29012376	CP156041.1	CP156043.1; CP156042.1	CP156043.1:17641; CP156042.1:74071; CP156041.1:3969673	Unicycler v. 0.4.0
abau	SAMN30898326	SRR21607531	SRR21607609	GCA_025854115.1	ASM2585411v1	Acinetobacter baumannii		1326589					NCBI Prokaryotic Genome Annotation Pipeline (PGAP)	3985960	2	Complete Genome	2022-10-26		3966293	2							Illumina; Oxford Nanopore GridION	Utah Public Health Laboratory Infectious Disease submission group	PRJNA812594	SAMN30898326	3843	Acinetobacter baumannii	SRS15144879; ILLUMINA:SRR21607531; OXFORD_NANOPORE:SRR21607609	CP107601.1	CP107602.1	CP107602.1:19667; CP107601.1:3966293	Unicycler v. 0.5.0
abau	SAMN30898315	SRR21607504	SRR21607582	GCA_025853975.1	ASM2585397v1	Acinetobacter baumannii		1326527-1					NCBI Prokaryotic Genome Annotation Pipeline (PGAP)	3985873	2	Complete Genome	2022-10-26		3966206	2							Illumina MiSeq; Oxford Nanopore GridION	Utah Public Health Laboratory Infectious Disease submission group	PRJNA812594	SAMN30898315	3844	Acinetobacter baumannii	SRS15144906; ILLUMINA:SRR21607504; OXFORD_NANOPORE:SRR21607582	CP107585.1	CP107586.1	CP107586.1:19667; CP107585.1:3966206	Unicycler v. 0.5.0
abau	SAMN30898328	SRR21607529	SRR21607607	GCA_025854175.1	ASM2585417v1	Acinetobacter baumannii		1326924-2					NCBI Prokaryotic Genome Annotation Pipeline (PGAP)	3984819	2	Complete Genome	2022-10-26		3965152	2							Illumina; Oxford Nanopore GridION	Utah Public Health Laboratory Infectious Disease submission group	PRJNA812594	SAMN30898328	3842	Acinetobacter baumannii	SRS15144881; ILLUMINA:SRR21607529; OXFORD_NANOPORE:SRR21607607	CP107608.1	CP107609.1	CP107609.1:19667; CP107608.1:3965152	Unicycler v. 0.5.0
abau	SAMN30898330	SRR21607527	SRR21607605	GCA_025854215.1	ASM2585421v1	Acinetobacter baumannii		1326927-1					NCBI Prokaryotic Genome Annotation Pipeline (PGAP)	3984327	2	Complete Genome	2022-10-26		3964660	2							Illumina; Oxford Nanopore GridION	Utah Public Health Laboratory Infectious Disease submission group	PRJNA812594	SAMN30898330	3840	Acinetobacter baumannii	SRS15144883; ILLUMINA:SRR21607527; OXFORD_NANOPORE:SRR21607605	CP107612.1	CP107613.1	CP107613.1:19667; CP107612.1:3964660	Unicycler v. 0.5.0
abau	SAMN10261537	SRR8081612	SRR8885334	GCA_003949725.2	ASM394972v2	Acinetobacter baumannii		TG29392					NCBI Prokaryotic Genome Annotation Pipeline (PGAP)	4113446	4	Complete Genome	2019-05-09		3963137	4							Illumina MiSeq; Oxford Nanopore MiniION	Northern Arizona University	PRJNA497581	SAMN10261537	3980	Acinetobacter baumannii	SRS3954058; ILLUMINA:SRR8080890; ILLUMINA:SRR8081615; ILLUMINA:SRR8081614; ILLUMINA:SRR8081612; OXFORD_NANOPORE:SRR8885334	CP039930.1	CP039933.1; CP039932.1; CP039931.1	CP039933.1:10255; CP039932.1:55269; CP039931.1:84785; CP039930.1:3963137	Unicycler v. v0.4.8-beta
abau	SAMN30898313	SRR21607526	SRR21607604	GCA_025853935.1	ASM2585393v1	Acinetobacter baumannii		1326525-2					NCBI Prokaryotic Genome Annotation Pipeline (PGAP)	3981538	2	Complete Genome	2022-10-26		3961871	2							Oxford Nanopore GridION; Illumina MiSeq	Utah Public Health Laboratory Infectious Disease submission group	PRJNA812594	SAMN30898313	3839	Acinetobacter baumannii	SRS15144884; ILLUMINA:SRR21607526; OXFORD_NANOPORE:SRR21607604	CP107581.1	CP107582.1	CP107582.1:19667; CP107581.1:3961871	Unicycler v. 0.5.0
abau	SAMN30898312	SRR21607537	SRR21607615	GCA_025853915.1	ASM2585391v1	Acinetobacter baumannii		1326525-1					NCBI Prokaryotic Genome Annotation Pipeline (PGAP)	3981503	2	Complete Genome	2022-10-26		3961836	2							Illumina MiSeq; Oxford Nanopore GridION	Utah Public Health Laboratory Infectious Disease submission group	PRJNA812594	SAMN30898312	3836	Acinetobacter baumannii	SRS15144873; ILLUMINA:SRR21607537; OXFORD_NANOPORE:SRR21607615	CP107579.1	CP107580.1	CP107580.1:19667; CP107579.1:3961836	Unicycler v. 0.5.0
abau	SAMN30898314	SRR21607515	SRR21607593	GCA_025853955.1	ASM2585395v1	Acinetobacter baumannii		1326525-3					NCBI Prokaryotic Genome Annotation Pipeline (PGAP)	3981111	2	Complete Genome	2022-10-26		3961448	2							Illumina MiSeq; Oxford Nanopore GridION	Utah Public Health Laboratory Infectious Disease submission group	PRJNA812594	SAMN30898314	3836	Acinetobacter baumannii	SRS15144895; ILLUMINA:SRR21607515; OXFORD_NANOPORE:SRR21607593	CP107583.1	CP107584.1	CP107584.1:19663; CP107583.1:3961448	Unicycler v. 0.5.0
abau	SAMN30898324	SRR21607533	SRR21607611	GCA_025854075.1	ASM2585407v1	Acinetobacter baumannii		1326581-2					NCBI Prokaryotic Genome Annotation Pipeline (PGAP)	3979211	2	Complete Genome	2022-10-26		3959544	2							Illumina; Oxford Nanopore GridION	Utah Public Health Laboratory Infectious Disease submission group	PRJNA812594	SAMN30898324	3831	Acinetobacter baumannii	SRS15144877; ILLUMINA:SRR21607533; OXFORD_NANOPORE:SRR21607611	CP107597.1	CP107598.1	CP107598.1:19667; CP107597.1:3959544	Unicycler v. 0.5.0
abau	SAMN30655645	SRR21410233	SRR22756124	GCA_024922185.2	ASM2492218v2	Acinetobacter baumannii		2022CK-00480					NCBI Prokaryotic Genome Annotation Pipeline (PGAP)	3976544	2	Complete Genome	2023-01-17		3957770	2							Oxford Nanopore GridION; Illumina MiSeq	Utah Public Health Laboratory Infectious Disease submission group	PRJNA812595	SAMN30655645	3821	Acinetobacter baumannii	SRS14972699; ILLUMINA:SRR21410233; OXFORD_NANOPORE:SRR22756124	CP115621.1	CP115622.1	CP115622.1:18774; CP115621.1:3957770	Unicycler v. 0.5.0
abau	SAMN28788566	SRR19462080	SRR22756123	GCA_023615745.2	ASM2361574v2	Acinetobacter baumannii		2022CK-00340					NCBI Prokaryotic Genome Annotation Pipeline (PGAP)	4048078	3	Complete Genome	2023-01-17		3957706	3							Illumina MiSeq; Oxford Nanopore GridION	Utah Public Health Laboratory Infectious Disease submission group	PRJNA812595	SAMN28788566	3917	Acinetobacter baumannii	SRS13228572; ILLUMINA:SRR19462080; OXFORD_NANOPORE:SRR22756123	CP115623.1	CP115625.1; CP115624.1	CP115625.1:18774; CP115624.1:71598; CP115623.1:3957706	Unicycler v. 0.5.0
abau	SAMN30898323	SRR21607534	SRR21607612	GCA_025854055.1	ASM2585405v1	Acinetobacter baumannii		1326581-1					NCBI Prokaryotic Genome Annotation Pipeline (PGAP)	3975640	2	Complete Genome	2022-10-26		3955973	2							Illumina; Oxford Nanopore GridION	Utah Public Health Laboratory Infectious Disease submission group	PRJNA812594	SAMN30898323	3829	Acinetobacter baumannii	SRS15144876; ILLUMINA:SRR21607534; OXFORD_NANOPORE:SRR21607612	CP107595.1	CP107596.1	CP107596.1:19667; CP107595.1:3955973	Unicycler v. 0.5.0
abau	SAMN30898311	SRR21607538	SRR21607616	GCA_025853895.1	ASM2585389v1	Acinetobacter baumannii		1326359					NCBI Prokaryotic Genome Annotation Pipeline (PGAP)	3975384	2	Complete Genome	2022-10-26		3955717	2							Illumina MiSeq; Oxford Nanopore GridION	Utah Public Health Laboratory Infectious Disease submission group	PRJNA812594	SAMN30898311	3825	Acinetobacter baumannii	SRS15144872; ILLUMINA:SRR21607538; OXFORD_NANOPORE:SRR21607616	CP107577.1	CP107578.1	CP107578.1:19667; CP107577.1:3955717	Unicycler v. 0.5.0
abau	SAMN11997571	SRR22801279	SRR22838494	GCA_028464005.1	ASM2846400v1	Acinetobacter baumannii		37662RM2					NCBI Prokaryotic Genome Annotation Pipeline (PGAP)	4063942	2	Complete Genome	2023-02-05		3952978	2							Illumina; Oxford Nanopore MinION	Sun Yat-sen University	PRJNA548006	SAMN11997571	3921	Acinetobacter baumannii	SRS4901323; ILLUMINA:SRR9164840; ILLUMINA:SRR9225919; ILLUMINA:SRR22801280; ILLUMINA:SRR22801279; OXFORD_NANOPORE:SRR22838494	CP116801.1	CP116802.1	CP116802.1:110964; CP116801.1:3952978	Unicycler v. v0.4.8
abau	SAMN12287008	SRR11096072	SRR11096308	GCA_030585225.1	ASM3058522v1	Acinetobacter baumannii		18WIARLN0035					NCBI Prokaryotic Genome Annotation Pipeline (PGAP)	4073650	3	Complete Genome	2023-08-02		3951609	3							Illumina MiSeq and Oxford Nanopore MinION	Wisconsin State Laboratory of Hygiene	PRJNA557486	SAMN12287008	3977	Acinetobacter baumannii	SRS6155128; ILLUMINA:SRR11096072; OXFORD_NANOPORE:SRR11096308	CP043452.1	CP043454.1; CP043453.1	CP043454.1:10879; CP043453.1:111162; CP043452.1:3951609	Unicycler v. 0.4.7
abau	SAMN32770956	SRR23101366	SRR23101365	GCA_028201495.1	ASM2820149v1	Acinetobacter baumannii		WM98					NCBI Prokaryotic Genome Annotation Pipeline (PGAP)	4129776	3	Complete Genome	2023-01-29		3951602	3							Illumina MiSeq; Oxford Nanopore MinION	The University of Sydney	PRJNA812075	SAMN32770956	4000	Acinetobacter baumannii	SRS16469477; ILLUMINA:SRR23101366; OXFORD_NANOPORE:SRR23101365	CP116387.1	CP116389.1; CP116388.1	CP116389.1:8731; CP116388.1:169443; CP116387.1:3951602	Unicycler v. 0.4.0
abau	SAMN12287006	SRR11096073	SRR11096309	GCA_030585245.1	ASM3058524v1	Acinetobacter baumannii		18WIARLN0025					NCBI Prokaryotic Genome Annotation Pipeline (PGAP)	4065371	3	Complete Genome	2023-08-02		3943529	3							Illumina MiSeq and Oxford Nanopore MinION	Wisconsin State Laboratory of Hygiene	PRJNA557486	SAMN12287006	3979	Acinetobacter baumannii	SRS6155127; ILLUMINA:SRR11096073; OXFORD_NANOPORE:SRR11096309	CP043455.1	CP043457.1; CP043456.1	CP043457.1:10879; CP043456.1:110963; CP043455.1:3943529	Unicycler v. 0.4.7
abau	SAMN27591179	SRR18765351	SRR22756118	GCA_023054035.2	ASM2305403v2	Acinetobacter baumannii		2022CK-00241					NCBI Prokaryotic Genome Annotation Pipeline (PGAP)	4046676	2	Complete Genome	2023-01-17		3939250	2							Illumina MiSeq; Oxford Nanopore GridION	Utah Public Health Laboratory Infectious Disease submission group	PRJNA812595	SAMN27591179	3896	Acinetobacter baumannii	SRS12619255; ILLUMINA:SRR18765351; OXFORD_NANOPORE:SRR22756118	CP115639.1	CP115640.1	CP115640.1:107426; CP115639.1:3939250	Unicycler v. 0.5.0
abau	SAMN11997569	SRR22801283	SRR22838496	GCA_025402915.1	ASM2540291v1	Acinetobacter baumannii		37662					NCBI Prokaryotic Genome Annotation Pipeline (PGAP)	4048081	2	Complete Genome	2022-09-26		3937114	2							Illumina HiSeq; Oxford Nanopore MinION	Sun Yat-sen University	PRJNA548006	SAMN11997569	3906	Acinetobacter baumannii	SRS4901319; ILLUMINA:SRR9164838; ILLUMINA:SRR9225920; ILLUMINA:SRR22801284; ILLUMINA:SRR22801283; OXFORD_NANOPORE:SRR22838496	CP104751.1	CP104752.1	CP104752.1:110967; CP104751.1:3937114	Unicycler v. v0.4.8
abau	SAMN41020280	SRR28747406	SRR29099094	GCA_038418265.2	ASM3841826v2	Acinetobacter baumannii		2024CK-00452					NCBI Prokaryotic Genome Annotation Pipeline (PGAP)	3942483	2	Complete Genome	2024-06-02		3933752	2							Illumina MiSeq; Oxford Nanopore GridION	Utah Public Health Laboratory, Utah Public Health Laboratory Infectious Disease submission group	PRJNA812595	SAMN41020280	3772	Acinetobacter baumannii	SRS21074862; ILLUMINA:SRR28747406; OXFORD_NANOPORE:SRR29099094	CP157255.1	CP157256.1	CP157256.1:8731; CP157255.1:3933752	Unicycler v. 0.5.0
abau	SAMN27182072	SRR18568247	SRR22756114	GCA_022916555.2	ASM2291655v2	Acinetobacter baumannii		2022CK-00185					NCBI Prokaryotic Genome Annotation Pipeline (PGAP)	4012475	3	Complete Genome	2023-01-17		3932146	3							Oxford Nanopore GridION; Illumina MiSeq	Utah Public Health Laboratory Infectious Disease submission group	PRJNA812595	SAMN27182072	3873	Acinetobacter baumannii	SRS12460697; ILLUMINA:SRR18568247; OXFORD_NANOPORE:SRR22756114	CP115626.1	CP115628.1; CP115627.1	CP115628.1:8731; CP115627.1:71598; CP115626.1:3932146	Unicycler v. 0.5.0
abau	SAMN05238571	SRR3666896	SRR10173078	GCA_001674505.2	ASM167450v2	Acinetobacter baumannii		ABUH796					NCBI Prokaryotic Genome Annotation Pipeline (PGAP)	3943749	2	Complete Genome	2019-01-22		3930797	2							Illumina NextSeq and Oxford Nanopore	JCVI	PRJNA271775	SAMN05238571	3823	Acinetobacter baumannii	SRS1504117; ILLUMINA:SRR3666896; OXFORD_NANOPORE:SRR10173078	CP035043.1	CP035044.1	CP035044.1:12952; CP035043.1:3930797	Unicycler v. 0.4.7
abau	SAMN05238628	SRR3666894	SRR10173076	GCA_001674475.2	ASM167447v2	Acinetobacter baumannii		ABUH763					NCBI Prokaryotic Genome Annotation Pipeline (PGAP)	4014469	3	Complete Genome	2019-01-22		3929411	3							Illumina NextSeq and Oxford Nanopore	JCVI	PRJNA271775	SAMN05238628	3925	Acinetobacter baumannii	SRS1504115; ILLUMINA:SRR3666894; OXFORD_NANOPORE:SRR10173076	CP035051.1	CP035053.1; CP035052.1	CP035053.1:10967; CP035052.1:74091; CP035051.1:3929411	Unicycler v. 0.4.7
abau	SAMN38646043	SRR27050466	SRR27710534	GCA_034126905.2	ASM3412690v2	Acinetobacter baumannii		2023CK-01486					NCBI Prokaryotic Genome Annotation Pipeline (PGAP)	4038185	2	Complete Genome	2024-02-01		3927218	2							Oxford Nanopore GridION; Illumina MiSeq	Utah Public Health Laboratory Infectious Disease submission group	PRJNA812595	SAMN38646043	3896	Acinetobacter baumannii	SRS19728484; ILLUMINA:SRR27050466; OXFORD_NANOPORE:SRR27710534	CP143346.1	CP143347.1	CP143347.1:110967; CP143346.1:3927218	Unicycler v. 0.5.0
abau	SAMN36514286	SRR25319658	SRR26643493	GCA_030704325.1	ASM3070432v1	Acinetobacter baumannii		2023CK-00890					NCBI Prokaryotic Genome Annotation Pipeline (PGAP)	3935353	2	Complete Genome	2023-08-09		3926622	2							Illumina MiSeq; Oxford Nanopore GridION	Utah Public Health Laboratory Infectious Disease submission group	PRJNA812595	SAMN36514286	3771	Acinetobacter baumannii	SRS18332160; ILLUMINA:SRR25319658; OXFORD_NANOPORE:SRR25480262; OXFORD_NANOPORE:SRR26643493	CP131944.1	CP131945.1	CP131945.1:8731; CP131944.1:3926622	Unicycler v. 0.5.0
abau	SAMN33288250	SRR23456118	SRR25480264	GCA_028634015.3	ASM2863401v3	Acinetobacter baumannii		2023CK-00127					NCBI Prokaryotic Genome Annotation Pipeline (PGAP)	4048276	4	Complete Genome	2023-08-09		3924187	4							Illumina MiSeq; Oxford Nanopore GridION	Utah Public Health Laboratory Infectious Disease submission group	PRJNA812595	SAMN33288250	3961	Acinetobacter baumannii	SRS16761730; ILLUMINA:SRR23456118; OXFORD_NANOPORE:SRR25480264	CP131950.1	CP131953.1; CP131952.1; CP131951.1	CP131953.1:2024; CP131952.1:14639; CP131951.1:107426; CP131950.1:3924187	Unicycler v. 0.5.0
abau	SAMN27739163	SRR18889376	SRR22756117	GCA_023093135.2	ASM2309313v2	Acinetobacter baumannii		2022CK-00251					NCBI Prokaryotic Genome Annotation Pipeline (PGAP)	4028524	2	Complete Genome	2023-01-17		3921098	2							Oxford Nanopore GridION; Illumina MiSeq	Utah Public Health Laboratory Infectious Disease submission group	PRJNA812595	SAMN27739163	3871	Acinetobacter baumannii	SRS12718380; ILLUMINA:SRR18889376; OXFORD_NANOPORE:SRR22756117	CP115641.1	CP115642.1	CP115642.1:107426; CP115641.1:3921098	Unicycler v. 0.5.0
abau	SAMN27182098	SRR18568259	SRR22756119	GCA_022916135.2	ASM2291613v2	Acinetobacter baumannii		2022CK-00211					NCBI Prokaryotic Genome Annotation Pipeline (PGAP)	4028467	2	Complete Genome	2023-01-17		3921041	2							Illumina MiSeq; Oxford Nanopore GridION	Utah Public Health Laboratory Infectious Disease submission group	PRJNA812595	SAMN27182098	3872	Acinetobacter baumannii	SRS12460685; ILLUMINA:SRR18568259; OXFORD_NANOPORE:SRR22756119	CP115637.1	CP115638.1	CP115638.1:107426; CP115637.1:3921041	Unicycler v. 0.5.0
abau	SAMN29151496	SRR19691745	SRR22756115	GCA_024106315.2	ASM2410631v2	Acinetobacter baumannii		2022CK-00371					NCBI Prokaryotic Genome Annotation Pipeline (PGAP)	4024894	3	Complete Genome	2023-01-17		3917468	3							Oxford Nanopore GridION; Illumina MiSeq	Utah Public Health Laboratory Infectious Disease submission group	PRJNA812595	SAMN29151496	3869	Acinetobacter baumannii	SRS13434156; ILLUMINA:SRR19691745; OXFORD_NANOPORE:SRR22756115	CP115645.1	CP115647.1; CP115646.1	CP115647.1:2775; CP115646.1:104651; CP115645.1:3917468	Unicycler v. 0.5.0
abau	SAMN05238672	SRR3666207	SRR10173103	GCA_001669145.2	ASM166914v2	Acinetobacter baumannii		ABUH793					NCBI Prokaryotic Genome Annotation Pipeline (PGAP)	4107868	4	Complete Genome	2019-01-22		3915869	4							Illumina NextSeq and Oxford Nanopore	JCVI	PRJNA271775	SAMN05238672	4020	Acinetobacter baumannii	SRS1503455; ILLUMINA:SRR3666207; OXFORD_NANOPORE:SRR10173103	CP035045.1	CP035048.1; CP035047.1; CP035046.1	CP035048.1:10945; CP035047.1:74091; CP035046.1:106963; CP035045.1:3915869	Unicycler v. 0.4.7
abau	SAMN10261584	SRR8081621	SRR8885336	GCA_003948535.2	ASM394853v2	Acinetobacter baumannii		TG22627					NCBI Prokaryotic Genome Annotation Pipeline (PGAP)	3921030	2	Complete Genome	2019-04-30		3915428	2							Illumina MiSeq; Oxford Nanopore MiniION	Northern Arizona University	PRJNA497581	SAMN10261584	3776	Acinetobacter baumannii	SRS3954125; ILLUMINA:SRR8080820; ILLUMINA:SRR8081621; OXFORD_NANOPORE:SRR8885336	CP039520.1	CP039521.1	CP039521.1:5602; CP039520.1:3915428	Unicycler v. v0.4.8-beta
abau	SAMN19762827	SRR14852169	SRR14852514	GCA_023517175.1	ASM2351717v1	Acinetobacter baumannii		DETAB-E351					NCBI Prokaryotic Genome Annotation Pipeline (PGAP)	3917947	2	Complete Genome	2022-05-23		3912345	2							Illumina; Oxford Nanopore	University of Birmingham	PRJNA738868	SAMN19762827	3743	Acinetobacter baumannii	SRS9229305; ILLUMINA:SRR14852169; OXFORD_NANOPORE:SRR14852514	CP077828.1	CP077829.1	CP077829.1:5602; CP077828.1:3912345	Unicycler v. 0.4.8
abau	SAMN12286998	SRR11096105	SRR11096313	GCA_030585325.1	ASM3058532v1	Acinetobacter baumannii		18WIARLN0021					NCBI Prokaryotic Genome Annotation Pipeline (PGAP)	4062813	4	Complete Genome	2023-08-02		3908609	4							Illumina MiSeq and Oxford Nanopore MinION	Wisconsin State Laboratory of Hygiene	PRJNA557486	SAMN12286998	3963	Acinetobacter baumannii	SRS6155095; ILLUMINA:SRR11096105; OXFORD_NANOPORE:SRR11096313	CP043469.1	CP043472.1; CP043471.1; CP043470.1	CP043472.1:10879; CP043471.1:32363; CP043470.1:110962; CP043469.1:3908609	Unicycler v. 0.4.7
abau	SAMN30898331	SRR21607525	SRR21607603	GCA_025854235.1	ASM2585423v1	Acinetobacter baumannii		1326927-2					NCBI Prokaryotic Genome Annotation Pipeline (PGAP)	3920883	2	Complete Genome	2022-10-26		3901216	2							Illumina; Oxford Nanopore GridION	Utah Public Health Laboratory Infectious Disease submission group	PRJNA812594	SAMN30898331	3780	Acinetobacter baumannii	SRS15144885; ILLUMINA:SRR21607525; OXFORD_NANOPORE:SRR21607603	CP107614.1	CP107615.1	CP107615.1:19667; CP107614.1:3901216	Unicycler v. 0.5.0
abau	SAMN41094846	SRR28815871	SRR29099101	GCA_038627275.2	ASM3862727v2	Acinetobacter baumannii		2024CK-00536					NCBI Prokaryotic Genome Annotation Pipeline (PGAP)	4002559	2	Complete Genome	2024-06-02		3895133	2							Oxford Nanopore GridION; Illumina MiSeq	Utah Public Health Laboratory, Utah Public Health Laboratory Infectious Disease submission group	PRJNA812595	SAMN41094846	3832	Acinetobacter baumannii	SRS21135307; ILLUMINA:SRR28815871; OXFORD_NANOPORE:SRR29099101	CP157260.1	CP157261.1	CP157261.1:107426; CP157260.1:3895133	Unicycler v. 0.5.0
abau	SAMN13884837	SRR14868892	SRR14868891	GCA_014322245.1	ASM1432224v1	Acinetobacter baumannii		DETAB-P2					NCBI Prokaryotic Genome Annotation Pipeline (PGAP)	4105826	4	Complete Genome	2020-08-27		3892871	4							Oxford Nanopore MiniION; Illumina HiSeq	Zhejiang University	PRJNA602169	SAMN13884837	3942	Acinetobacter baumannii	SRS9243459; ILLUMINA:SRR14868892; OXFORD_NANOPORE:SRR14868891	CP047973.1	CP047976.1; CP047975.1; CP047974.1	CP047976.1:9132; CP047975.1:100072; CP047974.1:103751; CP047973.1:3892871	Unicycler v. 0.4.8
abau	SAMN19774588	SRR14862549	SRR14862591	GCA_023517735.1	ASM2351773v1	Acinetobacter baumannii		DETAB-P24					NCBI Prokaryotic Genome Annotation Pipeline (PGAP)	3970450	3	Complete Genome	2022-05-23		3891293	3							Illumina; Oxford Nanopore	University of Birmingham	PRJNA738868	SAMN19774588	3830	Acinetobacter baumannii	SRS9237744; OXFORD_NANOPORE:SRR14862591; ILLUMINA:SRR14862549	CP077846.1	CP077848.1; CP077847.1	CP077848.1:8731; CP077847.1:70426; CP077846.1:3891293	Unicycler v. 0.4.8
abau	SAMN10261589	SRR8081616	SRR8885333	GCA_003948455.2	ASM394845v2	Acinetobacter baumannii		TG22653					NCBI Prokaryotic Genome Annotation Pipeline (PGAP)	4018858	2	Complete Genome	2019-04-30		3891074	2							Illumina MiSeq; Oxford Nanopore MiniION	Northern Arizona University	PRJNA497581	SAMN10261589	3874	Acinetobacter baumannii	SRS3954121; ILLUMINA:SRR8080825; ILLUMINA:SRR8081619; ILLUMINA:SRR8081618; ILLUMINA:SRR8081616; OXFORD_NANOPORE:SRR8885333	CP039518.1	CP039519.1	CP039519.1:127784; CP039518.1:3891074	UniCycler v. v0.4.8-beta
abau	SAMN32733979	SRR23080392	SRR23387324	GCA_028622695.1	ASM2862269v1	Acinetobacter baumannii		2022CK-00783					NCBI Prokaryotic Genome Annotation Pipeline (PGAP)	3899751	2	Complete Genome	2023-02-15		3891020	2							Oxford Nanopore GridION; Illumina MiSeq	Utah Public Health Laboratory Infectious Disease submission group	PRJNA812595	SAMN32733979	3735	Acinetobacter baumannii	SRS16451697; ILLUMINA:SRR23080392; OXFORD_NANOPORE:SRR23387324	CP117728.1	CP117729.1	CP117729.1:8731; CP117728.1:3891020	Unicycler v. 0.5.0
abau	SAMN41094845	SRR28815872	SRR29099102	GCA_038522965.2	ASM3852296v2	Acinetobacter baumannii		2024CK-00537					NCBI Prokaryotic Genome Annotation Pipeline (PGAP)	3996574	2	Complete Genome	2024-06-03		3889148	2							Illumina MiSeq; Oxford Nanopore GridION	Utah Public Health Laboratory, Utah Public Health Laboratory Infectious Disease submission group	PRJNA812595	SAMN41094845	3827	Acinetobacter baumannii	SRS21135308; ILLUMINA:SRR28815872; OXFORD_NANOPORE:SRR29099102	CP157344.1	CP157345.1	CP157345.1:107426; CP157344.1:3889148	Unicycler v. 0.5.0
abau	SAMN41094844	SRR28815873	SRR29099103	GCA_038627255.2	ASM3862725v2	Acinetobacter baumannii		2024CK-00538					NCBI Prokaryotic Genome Annotation Pipeline (PGAP)	3992193	2	Complete Genome	2024-06-03		3884767	2							Illumina MiSeq; Oxford Nanopore GridION	Utah Public Health Laboratory, Utah Public Health Laboratory Infectious Disease submission group	PRJNA812595	SAMN41094844	3822	Acinetobacter baumannii	SRS21135306; ILLUMINA:SRR28815873; OXFORD_NANOPORE:SRR29099103	CP157342.1	CP157343.1	CP157343.1:107426; CP157342.1:3884767	Unicycler v. 0.5.0
abau	SAMN25159974	SRR17696113	SRR17696112	GCA_026194635.2	ASM2619463v2	Acinetobacter baumannii		C9					NCBI Prokaryotic Genome Annotation Pipeline (PGAP)	4059506	12	Complete Genome	2022-12-15		3881444	12							Illumina HiSeq; Oxford Nanopore MinION	Oregon State University	PRJNA799362	SAMN25159974	3858	Acinetobacter baumannii	SRS11733466; ILLUMINA:SRR17696113; OXFORD_NANOPORE:SRR17696112	CP113442.1	CP113453.1; CP113452.1; CP113451.1; CP113450.1; CP113449.1; CP113448.1; CP113447.1; CP113446.1; CP113445.1; CP113444.1; CP113443.1	CP113453.1:1691; CP113452.1:2024; CP113451.1:2214; CP113450.1:2297; CP113449.1:4311; CP113448.1:5053; CP113447.1:5870; CP113446.1:8916; CP113445.1:11964; CP113444.1:17980; CP113443.1:115742; CP113442.1:3881444	Unicycler v. 0.4.8
abau	SAMN18498587	SRR18038246	SRR18038245	GCA_018135585.1	ASM1813558v1	Acinetobacter baumannii		DETAB-P39					NCBI Prokaryotic Genome Annotation Pipeline (PGAP)	3968176	2	Complete Genome	2021-04-23		3877093	2							Illumina; Oxford Nanopore	Zhejiang University School of Medicine	PRJNA716893	SAMN18498587	3754	Acinetobacter baumannii	SRS12011558; ILLUMINA:SRR18038246; OXFORD_NANOPORE:SRR18038245	CP073060.1	CP073061.1	CP073061.1:91083; CP073060.1:3877093	Unicycler v. v. 0.4.8
abau	SAMN05238697	SRR3666904	SRR10173077	GCA_001668465.2	ASM166846v2	Acinetobacter baumannii		ABUH773					NCBI Prokaryotic Genome Annotation Pipeline (PGAP)	3885710	2	Complete Genome	2019-01-22		3873900	2							Illumina NextSeq and Oxford Nanopore	JCVI	PRJNA271775	SAMN05238697	3749	Acinetobacter baumannii	SRS1504125; ILLUMINA:SRR3666904; OXFORD_NANOPORE:SRR10173072; OXFORD_NANOPORE:SRR10173073; OXFORD_NANOPORE:SRR10173075; OXFORD_NANOPORE:SRR10173077	CP035049.1	CP035050.1	CP035050.1:11810; CP035049.1:3873900	Unicycler v. 0.4.7
abau	SAMN30898325	SRR21607532	SRR21607610	GCA_025854095.1	ASM2585409v1	Acinetobacter baumannii		1326584					NCBI Prokaryotic Genome Annotation Pipeline (PGAP)	3981935	2	Complete Genome	2022-10-26		3871741	2							Illumina; Oxford Nanopore GridION	Utah Public Health Laboratory Infectious Disease submission group	PRJNA812594	SAMN30898325	3787	Acinetobacter baumannii	SRS15144878; ILLUMINA:SRR21607532; OXFORD_NANOPORE:SRR21607610	CP107599.1	CP107600.1	CP107600.1:110194; CP107599.1:3871741	Unicycler v. 0.5.0
abau	SAMN30898332	SRR21607524	SRR21607602	GCA_025854255.1	ASM2585425v1	Acinetobacter baumannii		1326932					NCBI Prokaryotic Genome Annotation Pipeline (PGAP)	3981833	2	Complete Genome	2022-10-26		3871639	2							Illumina; Oxford Nanopore GridION	Utah Public Health Laboratory Infectious Disease submission group	PRJNA812594	SAMN30898332	3787	Acinetobacter baumannii	SRS15144886; ILLUMINA:SRR21607524; OXFORD_NANOPORE:SRR21607602	CP107616.1	CP107617.1	CP107617.1:110194; CP107616.1:3871639	Unicycler v. 0.5.0
abau	SAMN30898322	SRR21607535	SRR21607613	GCA_025854035.1	ASM2585403v1	Acinetobacter baumannii		1326580					NCBI Prokaryotic Genome Annotation Pipeline (PGAP)	3980384	2	Complete Genome	2022-10-26		3870190	2							Illumina; Oxford Nanopore GridION	Utah Public Health Laboratory Infectious Disease submission group	PRJNA812594	SAMN30898322	3794	Acinetobacter baumannii	SRS15144875; ILLUMINA:SRR21607535; OXFORD_NANOPORE:SRR21607613	CP107593.1	CP107594.1	CP107594.1:110194; CP107593.1:3870190	Unicycler v. 0.5.0
abau	SAMN32734002	SRR23080367	SRR23387316	GCA_028622915.1	ASM2862291v1	Acinetobacter baumannii		2022CK-00843					NCBI Prokaryotic Genome Annotation Pipeline (PGAP)	3867763	2	Complete Genome	2023-02-15		3857901	2							Oxford Nanopore GridION; Illumina MiSeq	Utah Public Health Laboratory Infectious Disease submission group	PRJNA812595	SAMN32734002	3690	Acinetobacter baumannii	SRS16451722; ILLUMINA:SRR23080367; OXFORD_NANOPORE:SRR23387316	CP117759.1	CP117760.1	CP117760.1:9862; CP117759.1:3857901	Unicycler v. 0.5.0
abau	SAMN12158047	SRR9650572	SRR9650573	GCA_007107525.1	ASM710752v1	Acinetobacter baumannii		J9					Annotation submitted by University of Sydney	3960760	4	Complete Genome	2019-07-18		3798644	4							Oxford Nanopore MiniION; Illumina HiSeq	University of Sydney	PRJNA472828	SAMN12158047	3750	Acinetobacter baumannii	SRS5069337; OXFORD_NANOPORE:SRR9650573; ILLUMINA:SRR9650572	CP041587.1	CP041589.1; CP041590.1; CP041588.1	CP041589.1:10967; CP041590.1:145071; CP041588.1:6078; CP041587.1:3798644	Unicycler v. Jan-2018
abau	SAMN18498586	SRR14868890	SRR14868889	GCA_017753625.1	ASM1775362v1	Acinetobacter baumannii		DETAB-E227					NCBI Prokaryotic Genome Annotation Pipeline (PGAP)	3966915	4	Complete Genome	2021-04-05		3749053	4							Illumina; Oxford Nanopore	Zhejiang University School of Medicine	PRJNA716893	SAMN18498586	3799	Acinetobacter baumannii	SRS9243460; ILLUMINA:SRR14868890; OXFORD_NANOPORE:SRR14868889	CP072526.1	CP072529.1; CP072528.1; CP072527.1	CP072529.1:7145; CP072528.1:97035; CP072527.1:113682; CP072526.1:3749053	Unicycler v. v. 0.4.8
abau	SAMN12287004	SRR11096082	SRR11096310	GCA_030585265.1	ASM3058526v1	Acinetobacter baumannii		18WIARLN0024					NCBI Prokaryotic Genome Annotation Pipeline (PGAP)	4003112	4	Complete Genome	2023-08-02		3684634	4							Illumina MiSeq and Oxford Nanopore MinION	Wisconsin State Laboratory of Hygiene	PRJNA557486	SAMN12287004	3882	Acinetobacter baumannii	SRS6155118; ILLUMINA:SRR11096082; OXFORD_NANOPORE:SRR11096310	CP043458.1	CP043461.1; CP043460.1; CP043459.1	CP043461.1:10864; CP043460.1:19653; CP043459.1:287961; CP043458.1:3684634	Unicycler v. 0.4.7
abau	SAMN14779651	SRR11671348	SRR11671347	GCA_013372085.1	ASM1337208v1	Acinetobacter baumannii ATCC 17978		ATCC 17978					NCBI Prokaryotic Genome Annotation Pipeline (PGAP)	4030054	3	Complete Genome	2020-06-24		4005343	3							Illumina HiSeq; Oxford Nanopore MiniION	UC San Diego	PRJNA629538	SAMN14779651	3858	Acinetobacter baumannii ATCC 17978	SRS6584930; ILLUMINA:SRR11671348; OXFORD_NANOPORE:SRR11671347	CP053098.1	CP053100.1; CP053099.1	CP053100.1:11302; CP053099.1:13409; CP053098.1:4005343	Unicycler v. 0.4.2
abau	SAMN09302593	SRR9010623	SRR8993900	GCA_005519135.2	ASM551913v2	Acinetobacter baumannii ACICU		ACICU					Annotation submitted by University of Sydney	4013643	3	Complete Genome	2021-04-02		3919274	3							Illumina MiSeq; MinION (Nanopore)	University of Sydney	PRJNA474045	SAMN09302593	3825	Acinetobacter baumannii ACICU	SRS4706305; OXFORD_NANOPORE:SRR8993900; ILLUMINA:SRR9010623	CP031380.1	CP031381.2; CP031382.1	CP031381.2:24268; CP031382.1:70101; CP031380.1:3919274	Unicycler v. 1.00
abau	SAMN32805326	SRR23239695	SRR23239696	GCA_028370175.1	ASM2837017v1	Acinetobacter baumannii Canada BC-5		Canada BC-5					NCBI Prokaryotic Genome Annotation Pipeline (PGAP)	4018824	2	Complete Genome	2023-02-01		4010093	2							Illumina HiSeq; Oxford Nanopore MinION	Nanyang Technological University	PRJNA565663	SAMN32805326	3873	Acinetobacter baumannii Canada BC-5	SRS16596946; OXFORD_NANOPORE:SRR23239696; ILLUMINA:SRR23239695	CP116680.1	CP116681.1	CP116681.1:8731; CP116680.1:4010093	Unicycler v. Galaxy version 0.4.6.0
efae	SAMN17038103	SRR13308466	SRR13258493	GCA_016415405.1	ASM1641540v1	Enterococcus faecium		Dallas 144_1					NCBI Prokaryotic Genome Annotation Pipeline (PGAP)	3248094	8	Complete Genome	2020-12-28		2977402	8							Illumina NextSeq; Oxford Nanopore MinION		PRJNA682584	SAMN17038103	3185	Enterococcus faecium	SRS7886579; OXFORD_NANOPORE:SRR13258493; ILLUMINA:SRR13308466	CP066637.1	CP066644.1; CP066643.1; CP066642.1; CP066641.1; CP066640.1; CP066639.1; CP066638.1	CP066644.1:1980; CP066643.1:4075; CP066642.1:6303; CP066641.1:47773; CP066640.1:56412; CP066639.1:66742; CP066638.1:87407; CP066637.1:2977402	Unicycler v. 0.4.7
efae	SAMN17038075	SRR13300592	SRR13256616	GCA_016406465.1	ASM1640646v1	Enterococcus faecium		Dallas 51_4					NCBI Prokaryotic Genome Annotation Pipeline (PGAP)	3345966	13	Complete Genome	2020-12-27		2921433	13							Illumina NextSeq; Oxford Nanopore MinION		PRJNA682584	SAMN17038075	3295	Enterococcus faecium	SRS7885019; OXFORD_NANOPORE:SRR13256616; ILLUMINA:SRR13300592	CP066396.1	CP066408.1; CP066407.1; CP066406.1; CP066405.1; CP066404.1; CP066403.1; CP066402.1; CP066401.1; CP066400.1; CP066399.1; CP066398.1; CP066397.1	CP066408.1:4466; CP066407.1:6173; CP066406.1:29409; CP066405.1:29903; CP066404.1:60664; CP066403.1:65409; CP066402.1:83940; CP066401.1:134230; CP066400.1:1933; CP066399.1:1979; CP066398.1:2055; CP066397.1:4372; CP066396.1:2921433	Unicycler v. 0.4.7
efae	SAMN17038077	SRR13300595	SRR13256614	GCA_016406545.1	ASM1640654v1	Enterococcus faecium		Dallas 53_2					NCBI Prokaryotic Genome Annotation Pipeline (PGAP)	3187114	6	Complete Genome	2020-12-27		2912773	6							Illumina NextSeq; Oxford Nanopore MinION		PRJNA682584	SAMN17038077	3108	Enterococcus faecium	SRS7885021; OXFORD_NANOPORE:SRR13256614; ILLUMINA:SRR13300595	CP066409.1	CP066414.1; CP066413.1; CP066412.1; CP066411.1; CP066410.1	CP066414.1:1980; CP066413.1:6303; CP066412.1:11819; CP066411.1:55497; CP066410.1:198742; CP066409.1:2912773	Unicycler v. 0.4.7
efae	SAMN10863492	SRR8523158	SRR8523157	GCA_005886715.1	ASM588671v1	Enterococcus faecium		UAMSEF_09					NCBI Prokaryotic Genome Annotation Pipeline (PGAP)	3302085	6	Complete Genome	2019-05-29		2912202	6							Oxford Nanopore MiniION; Illumina NextSeq	University of Arkansas for Medical Sciences	PRJNA518133	SAMN10863492	3478	Enterococcus faecium	SRS4320894; ILLUMINA:SRR8523158; OXFORD_NANOPORE:SRR8523157	CP035660.1	CP035661.1; CP035659.1; CP035658.1; CP035657.1; CP035656.1	CP035661.1:295052; CP035660.1:2912202; CP035659.1:3008; CP035658.1:4316; CP035657.1:6303; CP035656.1:81204	Unicycler v. 0.4.4; Canu v. 1.8
efae	SAMN17038078	SRR13300596	SRR13256611	GCA_016406365.1	ASM1640636v1	Enterococcus faecium		Dallas 53_1					NCBI Prokaryotic Genome Annotation Pipeline (PGAP)	3183862	6	Complete Genome	2020-12-27		2909522	6							Illumina NextSeq; Oxford Nanopore MinION		PRJNA682584	SAMN17038078	3109	Enterococcus faecium	SRS7885024; OXFORD_NANOPORE:SRR13256611; ILLUMINA:SRR13300596	CP066415.1	CP066420.1; CP066419.1; CP066418.1; CP066417.1; CP066416.1	CP066420.1:1980; CP066419.1:6303; CP066418.1:11819; CP066417.1:198740; CP066416.1:55498; CP066415.1:2909522	Unicycler v. 0.4.7
efae	SAMN17038083	SRR13300601	SRR13258506	GCA_016406525.1	ASM1640652v1	Enterococcus faecium		Dallas 71_2					NCBI Prokaryotic Genome Annotation Pipeline (PGAP)	3219856	8	Complete Genome	2020-12-27		2907111	8							Illumina NextSeq; Oxford Nanopore MinION		PRJNA682584	SAMN17038083	3172	Enterococcus faecium	SRS7886566; OXFORD_NANOPORE:SRR13258506; ILLUMINA:SRR13300601	CP066443.1	CP066450.1; CP066449.1; CP066448.1; CP066447.1; CP066446.1; CP066445.1; CP066444.1	CP066450.1:1980; CP066449.1:4305; CP066448.1:6272; CP066447.1:6312; CP066446.1:44420; CP066445.1:57029; CP066444.1:192427; CP066443.1:2907111	Unicycler v. 0.4.7
efae	SAMN17038086	SRR13284699	SRR13258484	GCA_016406345.1	ASM1640634v1	Enterococcus faecium		Dallas 91					NCBI Prokaryotic Genome Annotation Pipeline (PGAP)	3178613	7	Complete Genome	2020-12-27		2898846	7							Illumina NextSeq; Oxford Nanopore MinION		PRJNA682584	SAMN17038086	3099	Enterococcus faecium	SRS7886588; OXFORD_NANOPORE:SRR13258484; ILLUMINA:SRR13284699	CP066466.1	CP066472.1; CP066471.1; CP066470.1; CP066469.1; CP066468.1; CP066467.1	CP066472.1:1980; CP066471.1:6267; CP066470.1:6312; CP066469.1:10968; CP066468.1:198741; CP066467.1:55499; CP066466.1:2898846	Unicycler v. 0.4.7
efae	SAMN12818041	SRR11050711	SRR10948588	GCA_008728475.1	ASM872847v1	Enterococcus faecium		V2937					NCBI Prokaryotic Genome Annotation Pipeline (PGAP)	3170487	9	Complete Genome	2019-09-30		2896393	9							Illumina MiSeq; Oxford Nanopore MinION	Copenhagen University Hospital Hvidovre	PRJNA573568	SAMN12818041	3217	Enterococcus faecium	SRS6048982; OXFORD_NANOPORE:SRR10948588; ILLUMINA:SRR11050711	CP044274.1	CP044282.1; CP044281.1; CP044280.1; CP044279.1; CP044278.1; CP044277.1; CP044276.1; CP044275.1	CP044282.1:2056; CP044281.1:2189; CP044280.1:3221; CP044279.1:4461; CP044278.1:7670; CP044277.1:12527; CP044276.1:40955; CP044275.1:201015; CP044274.1:2896393	Unicycler v. Version 0.4.7
efae	SAMN17038085	SRR13284700	SRR13258494	GCA_016406505.1	ASM1640650v1	Enterococcus faecium		Dallas 87_1					NCBI Prokaryotic Genome Annotation Pipeline (PGAP)	3315060	9	Complete Genome	2020-12-27		2891429	9							Illumina NextSeq; Oxford Nanopore MinION		PRJNA682584	SAMN17038085	3283	Enterococcus faecium	SRS7886578; OXFORD_NANOPORE:SRR13258494; ILLUMINA:SRR13284700	CP066457.1	CP066465.1; CP066464.1; CP066463.1; CP066462.1; CP066461.1; CP066460.1; CP066459.1; CP066458.1	CP066465.1:4374; CP066464.1:5212; CP066463.1:6168; CP066462.1:6303; CP066461.1:57116; CP066460.1:62213; CP066459.1:88651; CP066458.1:193594; CP066457.1:2891429	Unicycler v. 0.4.7
efae	SAMN17038106	SRR13308451	SRR13258490	GCA_016415505.1	ASM1641550v1	Enterococcus faecium		Dallas 155					NCBI Prokaryotic Genome Annotation Pipeline (PGAP)	3218956	8	Complete Genome	2020-12-28		2888311	8							Illumina NextSeq; Oxford Nanopore MinION		PRJNA682584	SAMN17038106	3166	Enterococcus faecium	SRS7886582; OXFORD_NANOPORE:SRR13258490; ILLUMINA:SRR13308451	CP066659.1	CP066666.1; CP066665.1; CP066664.1; CP066663.1; CP066662.1; CP066661.1; CP066660.1	CP066666.1:4374; CP066665.1:5212; CP066664.1:6303; CP066663.1:7940; CP066662.1:57134; CP066661.1:62212; CP066660.1:187470; CP066659.1:2888311	Unicycler v. 0.4.7
efae	SAMN17038080	SRR13300598	SRR13256624	GCA_016406565.1	ASM1640656v1	Enterococcus faecium		Dallas 57					NCBI Prokaryotic Genome Annotation Pipeline (PGAP)	3188727	7	Complete Genome	2020-12-27		2887365	7							Illumina NextSeq; Oxford Nanopore MinION		PRJNA682584	SAMN17038080	3108	Enterococcus faecium	SRS7885011; OXFORD_NANOPORE:SRR13256624; ILLUMINA:SRR13300598	CP066427.1	CP066433.1; CP066432.1; CP066431.1; CP066430.1; CP066429.1; CP066428.1	CP066433.1:1980; CP066432.1:4305; CP066431.1:6303; CP066430.1:57029; CP066429.1:44421; CP066428.1:187324; CP066427.1:2887365	Unicycler v. 0.4.7
efae	SAMN12818007	SRR11050702	SRR10948589	GCA_008728455.1	ASM872845v1	Enterococcus faecium		V1836					NCBI Prokaryotic Genome Annotation Pipeline (PGAP)	3274751	10	Complete Genome	2019-09-30		2884831	10							Illumina MiSeq; Oxford Nanopore MinION	Copenhagen University Hospital Hvidovre	PRJNA573568	SAMN12818007	3338	Enterococcus faecium	SRS6048983; OXFORD_NANOPORE:SRR10948589; ILLUMINA:SRR11050702	CP044264.1	CP044273.1; CP044272.1; CP044271.1; CP044270.1; CP044269.1; CP044268.1; CP044267.1; CP044266.1; CP044265.1	CP044273.1:1741; CP044272.1:4374; CP044271.1:4461; CP044270.1:5569; CP044269.1:6173; CP044268.1:11638; CP044267.1:13703; CP044266.1:147595; CP044265.1:194666; CP044264.1:2884831	Unicycler v. Version 0.4.7
efae	SAMN17038089	SRR13284696	SRR13258481	GCA_016406585.1	ASM1640658v1	Enterococcus faecium		Dallas 93_3					NCBI Prokaryotic Genome Annotation Pipeline (PGAP)	3170316	6	Complete Genome	2020-12-27		2883542	6							Illumina NextSeq; Oxford Nanopore MinION		PRJNA682584	SAMN17038089	3082	Enterococcus faecium	SRS7886591; OXFORD_NANOPORE:SRR13258481; ILLUMINA:SRR13284696	CP066480.1	CP066485.1; CP066484.1; CP066483.1; CP066482.1; CP066481.1	CP066485.1:1980; CP066484.1:6303; CP066483.1:34144; CP066482.1:57029; CP066481.1:187318; CP066480.1:2883542	Unicycler v. 0.4.7
efae	SAMN17038079	SRR13300597	SRR13256610	GCA_016406385.1	ASM1640638v1	Enterococcus faecium		Dallas 55					NCBI Prokaryotic Genome Annotation Pipeline (PGAP)	3188009	6	Complete Genome	2020-12-27		2877824	6							Illumina NextSeq; Oxford Nanopore MinION		PRJNA682584	SAMN17038079	3119	Enterococcus faecium	SRS7885025; OXFORD_NANOPORE:SRR13256610; ILLUMINA:SRR13300597	CP066421.1	CP066426.1; CP066425.1; CP066424.1; CP066423.1; CP066422.1	CP066426.1:4374; CP066425.1:12538; CP066424.1:36284; CP066423.1:54822; CP066422.1:202167; CP066421.1:2877824	Unicycler v. 0.4.7
efae	SAMN17038094	SRR13284691	SRR13258503	GCA_016415325.1	ASM1641532v1	Enterococcus faecium		Dallas 107_1					NCBI Prokaryotic Genome Annotation Pipeline (PGAP)	3182127	7	Complete Genome	2020-12-28		2877225	7							Illumina NextSeq; Oxford Nanopore MinION		PRJNA682584	SAMN17038094	3105	Enterococcus faecium	SRS7886569; OXFORD_NANOPORE:SRR13258503; ILLUMINA:SRR13284691	CP066591.1	CP066597.1; CP066596.1; CP066595.1; CP066594.1; CP066593.1; CP066592.1	CP066597.1:6263; CP066596.1:6303; CP066595.1:8512; CP066594.1:41004; CP066593.1:55497; CP066592.1:187323; CP066591.1:2877225	Unicycler v. 0.4.7
efae	SAMN17038081	SRR13300599	SRR13256623	GCA_016406405.1	ASM1640640v1	Enterococcus faecium		Dallas 66					NCBI Prokaryotic Genome Annotation Pipeline (PGAP)	3219633	9	Complete Genome	2020-12-27		2875677	9							Illumina NextSeq; Oxford Nanopore MinION		PRJNA682584	SAMN17038081	3178	Enterococcus faecium	SRS7885012; OXFORD_NANOPORE:SRR13256623; ILLUMINA:SRR13300599	CP066434.1	CP066442.1; CP066441.1; CP066440.1; CP066439.1; CP066438.1; CP066437.1; CP066436.1; CP066435.1	CP066442.1:1980; CP066441.1:4305; CP066440.1:7012; CP066439.1:8194; CP066438.1:38373; CP066437.1:57014; CP066436.1:65409; CP066435.1:161669; CP066434.1:2875677	Unicycler v. 0.4.7
efae	SAMN17038104	SRR13308465	SRR13258492	GCA_016415425.1	ASM1641542v1	Enterococcus faecium		Dallas 148					NCBI Prokaryotic Genome Annotation Pipeline (PGAP)	3190339	8	Complete Genome	2020-12-28		2875644	8							Illumina NextSeq; Oxford Nanopore MinION		PRJNA682584	SAMN17038104	3114	Enterococcus faecium	SRS7886580; OXFORD_NANOPORE:SRR13258492; ILLUMINA:SRR13308465	CP066645.1	CP066652.1; CP066651.1; CP066650.1; CP066649.1; CP066648.1; CP066647.1; CP066646.1	CP066652.1:3977; CP066651.1:6263; CP066650.1:6303; CP066649.1:45965; CP066648.1:194710; CP066647.1:55497; CP066646.1:1980; CP066645.1:2875644	Unicycler v. 0.4.7
efae	SAMN17012772	SRR13267350	SRR13218603	GCA_015999605.1	ASM1599960v1	Enterococcus faecium		Dallas 1					NCBI Prokaryotic Genome Annotation Pipeline (PGAP)	3188658	7	Complete Genome	2020-12-13		2875522	7							Oxford Nanopore MinION; Illumina NextSeq		PRJNA682584	SAMN17012772	3112	Enterococcus faecium	SRS7850194; OXFORD_NANOPORE:SRR13218603; ILLUMINA:SRR13267350	CP065547.1	CP065553.1; CP065552.1; CP065551.1; CP065550.1; CP065549.1; CP065548.1	CP065553.1:1980; CP065552.1:6258; CP065551.1:6303; CP065550.1:44323; CP065549.1:198774; CP065548.1:55498; CP065547.1:2875522	Unicycler v. 0.4.7
efae	SAMN17038101	SRR13308468	SRR13258496	GCA_016415465.1	ASM1641546v1	Enterococcus faecium		Dallas 131_2					NCBI Prokaryotic Genome Annotation Pipeline (PGAP)	3186322	7	Complete Genome	2020-12-28		2874289	7							Illumina NextSeq; Oxford Nanopore MinION		PRJNA682584	SAMN17038101	3109	Enterococcus faecium	SRS7886576; OXFORD_NANOPORE:SRR13258496; ILLUMINA:SRR13308468	CP066622.1	CP066628.1; CP066627.1; CP066626.1; CP066625.1; CP066624.1; CP066623.1	CP066628.1:1980; CP066627.1:4305; CP066626.1:6303; CP066625.1:43860; CP066624.1:55497; CP066623.1:200088; CP066622.1:2874289	Unicycler v. 0.4.7
efae	SAMN17038084	SRR13300593	SRR13258505	GCA_016406425.1	ASM1640642v1	Enterococcus faecium		Dallas 83					NCBI Prokaryotic Genome Annotation Pipeline (PGAP)	3144832	6	Complete Genome	2020-12-27		2872079	6							Illumina NextSeq; Oxford Nanopore MinION		PRJNA682584	SAMN17038084	3068	Enterococcus faecium	SRS7886567; OXFORD_NANOPORE:SRR13258505; ILLUMINA:SRR13300593	CP066451.1	CP066456.1; CP066455.1; CP066454.1; CP066453.1; CP066452.1	CP066456.1:1980; CP066455.1:6303; CP066454.1:44442; CP066453.1:55497; CP066452.1:164531; CP066451.1:2872079	Unicycler v. 0.4.7
efae	SAMN17038066	SRR13273156	SRR13243581	GCA_016126675.1	ASM1612667v1	Enterococcus faecium		Dallas 5					NCBI Prokaryotic Genome Annotation Pipeline (PGAP)	3176084	8	Complete Genome	2020-12-20		2861768	8							Oxford Nanopore MinION; Illumina NextSeq		PRJNA682584	SAMN17038066	3117	Enterococcus faecium	SRS7873985; OXFORD_NANOPORE:SRR13243581; ILLUMINA:SRR13273156	CP065928.1	CP065935.1; CP065934.1; CP065933.1; CP065932.1; CP065931.1; CP065930.1; CP065929.1	CP065935.1:1981; CP065934.1:4074; CP065933.1:9316; CP065932.1:45647; CP065931.1:56294; CP065930.1:70708; CP065929.1:126296; CP065928.1:2861768	Unicycler v. 0.4.7
efae	SAMN17038111	SRR13308446	SRR13258485	GCA_016415485.1	ASM1641548v1	Enterococcus faecium		Dallas 163_1					NCBI Prokaryotic Genome Annotation Pipeline (PGAP)	3095810	7	Complete Genome	2020-12-28		2856614	7							Illumina NextSeq; Oxford Nanopore MinION		PRJNA682584	SAMN17038111	3054	Enterococcus faecium	SRS7886587; OXFORD_NANOPORE:SRR13258485; ILLUMINA:SRR13308446	CP066673.1	CP066679.1; CP066678.1; CP066677.1; CP066676.1; CP066675.1; CP066674.1	CP066679.1:4305; CP066678.1:6311; CP066677.1:7165; CP066676.1:23664; CP066675.1:25974; CP066674.1:171777; CP066673.1:2856614	Unicycler v. 0.4.7
efae	SAMN17038071	SRR13273159	SRR13256620	GCA_016406445.1	ASM1640644v1	Enterococcus faecium		Dallas 17_1					NCBI Prokaryotic Genome Annotation Pipeline (PGAP)	3113138	7	Complete Genome	2020-12-27		2856012	7							Illumina NextSeq; Oxford Nanopore MinION		PRJNA682584	SAMN17038071	3057	Enterococcus faecium	SRS7885015; OXFORD_NANOPORE:SRR13256620; ILLUMINA:SRR13273159	CP066389.1	CP066395.1; CP066394.1; CP066393.1; CP066392.1; CP066391.1; CP066390.1	CP066395.1:3199; CP066394.1:4375; CP066393.1:6172; CP066392.1:33158; CP066391.1:56323; CP066390.1:153899; CP066389.1:2856012	Unicycler v. 0.4.7
efae	SAMN19573784	SRR14836309	SRR14836313	GCA_022647825.1	ASM2264782v1	Enterococcus faecium		UAMS_EF58					NCBI Prokaryotic Genome Annotation Pipeline (PGAP)	3222911	6	Complete Genome	2022-03-21		2841249	6							Oxford Nanopore MinION; Illumina NextSeq	University of Arkansas for Medical Sciences	PRJNA735268	SAMN19573784	3159	Enterococcus faecium	SRS9222560; OXFORD_NANOPORE:SRR14836313; ILLUMINA:SRR14836309	CP076471.1	CP076476.1; CP076475.1; CP076474.1; CP076473.1; CP076472.1	CP076476.1:4374; CP076475.1:34693; CP076474.1:57509; CP076473.1:79679; CP076472.1:205407; CP076471.1:2841249	Unicycler v. v0.4.8; Canu v. v2.1.1; Pilon v. v1.23
efae	SAMN19573782	SRR14836311	SRR14836305	GCA_022648125.1	ASM2264812v1	Enterococcus faecium		UAMS_EF55					NCBI Prokaryotic Genome Annotation Pipeline (PGAP)	3231412	5	Complete Genome	2022-03-21		2841245	5							Oxford Nanopore MinION; Illumina NextSeq	University of Arkansas for Medical Sciences	PRJNA735268	SAMN19573782	3171	Enterococcus faecium	SRS9222562; ILLUMINA:SRR14836311; OXFORD_NANOPORE:SRR14836305	CP076483.1	CP076487.1; CP076486.1; CP076485.1; CP076484.1	CP076487.1:4374; CP076486.1:41819; CP076485.1:79782; CP076484.1:264192; CP076483.1:2841245	Unicycler v. v0.4.8; Canu v. v2.1.1; Pilon v. v1.23
efae	SAMN19573783	SRR14836310	SRR14836314	GCA_022647945.1	ASM2264794v1	Enterococcus faecium		UAMS_EF57					NCBI Prokaryotic Genome Annotation Pipeline (PGAP)	3230151	6	Complete Genome	2022-03-21		2841244	6							Oxford Nanopore MinION; Illumina NextSeq	University of Arkansas for Medical Sciences	PRJNA735268	SAMN19573783	3169	Enterococcus faecium	SRS9222559; OXFORD_NANOPORE:SRR14836314; ILLUMINA:SRR14836310	CP076477.1	CP076482.1; CP076481.1; CP076480.1; CP076479.1; CP076478.1	CP076482.1:4374; CP076481.1:41819; CP076480.1:57509; CP076479.1:79769; CP076478.1:205436; CP076477.1:2841244	Unicycler v. v0.4.8; Canu v. v2.1.1; Pilon v. v1.23
efae	SAMN17038088	SRR13284697	SRR13258482	GCA_016406605.1	ASM1640660v1	Enterococcus faecium		Dallas 93_2					NCBI Prokaryotic Genome Annotation Pipeline (PGAP)	3172134	7	Complete Genome	2020-12-27		2836862	7							Illumina NextSeq; Oxford Nanopore MinION		PRJNA682584	SAMN17038088	3109	Enterococcus faecium	SRS7886590; OXFORD_NANOPORE:SRR13258482; ILLUMINA:SRR13284697	CP066473.1	CP066479.1; CP066478.1; CP066477.1; CP066476.1; CP066475.1; CP066474.1	CP066479.1:4374; CP066478.1:5212; CP066477.1:6303; CP066476.1:62212; CP066475.1:63104; CP066474.1:194067; CP066473.1:2836862	Unicycler v. 0.4.7
efae	SAMN17038102	SRR13308467	SRR13258495	GCA_016415445.1	ASM1641544v1	Enterococcus faecium		Dallas 137					NCBI Prokaryotic Genome Annotation Pipeline (PGAP)	3115438	8	Complete Genome	2020-12-28		2836397	8							Illumina NextSeq; Oxford Nanopore MinION		PRJNA682584	SAMN17038102	3064	Enterococcus faecium	SRS7886577; OXFORD_NANOPORE:SRR13258495; ILLUMINA:SRR13308467	CP066629.1	CP066636.1; CP066635.1; CP066634.1; CP066633.1; CP066632.1; CP066631.1; CP066630.1	CP066636.1:3007; CP066635.1:4074; CP066634.1:4305; CP066633.1:6311; CP066632.1:35487; CP066631.1:61213; CP066630.1:164644; CP066629.1:2836397	Unicycler v. 0.4.7
efae	SAMN23828484	SRR17230446	SRR17230445	GCA_021228615.1	ASM2122861v1	Enterococcus faecium		NMVRE-001					NCBI Prokaryotic Genome Annotation Pipeline (PGAP)	3173447	6	Complete Genome	2021-12-19		2831554	6							Illumina MiSeq; Oxford Nanopore MinION	Northwestern University Feinberg School of Medicine	PRJNA787599	SAMN23828484	3127	Enterococcus faecium	SRS11312291; ILLUMINA:SRR17230446; OXFORD_NANOPORE:SRR17230445	CP089319.1	CP089324.1; CP089323.1; CP089322.1; CP089321.1; CP089320.1	CP089324.1:1928; CP089323.1:11983; CP089322.1:40605; CP089321.1:59066; CP089320.1:228311; CP089319.1:2831554	Unicycler v. 0.4.8
efae	SAMN17038100	SRR13308469	SRR13258497	GCA_016415365.1	ASM1641536v1	Enterococcus faecium		Dallas 124_3					NCBI Prokaryotic Genome Annotation Pipeline (PGAP)	3142453	8	Complete Genome	2020-12-28		2829571	8							Illumina NextSeq; Oxford Nanopore MinION		PRJNA682584	SAMN17038100	3082	Enterococcus faecium	SRS7886575; OXFORD_NANOPORE:SRR13258497; ILLUMINA:SRR13308469	CP066614.1	CP066621.1; CP066620.1; CP066619.1; CP066618.1; CP066617.1; CP066616.1; CP066615.1	CP066621.1:1980; CP066620.1:4093; CP066619.1:4305; CP066618.1:6303; CP066617.1:37877; CP066616.1:59583; CP066615.1:198741; CP066614.1:2829571	Unicycler v. 0.4.7
efae	SAMN10863491	SRR8523156	SRR8523155	GCA_005886655.1	ASM588665v1	Enterococcus faecium		UAMSEF_08					NCBI Prokaryotic Genome Annotation Pipeline (PGAP)	3135868	6	Complete Genome	2019-05-29		2827987	6							Oxford Nanopore MiniION; Illumina NextSeq	University of Arkansas for Medical Sciences	PRJNA518133	SAMN10863491	3260	Enterococcus faecium	SRS4320895; ILLUMINA:SRR8523156; OXFORD_NANOPORE:SRR8523155	CP035654.1	CP035655.1; CP035653.1; CP035652.1; CP035651.1; CP035650.1	CP035655.1:256961; CP035654.1:2827987; CP035653.1:3008; CP035652.1:4316; CP035651.1:6303; CP035650.1:37293	Unicycler v. 0.4.4
efae	SAMN10863479	SRR8523154	SRR8523153	GCA_005886545.1	ASM588654v1	Enterococcus faecium		UAMSEF_01					NCBI Prokaryotic Genome Annotation Pipeline (PGAP)	3132860	6	Complete Genome	2019-05-29		2824869	6							Oxford Nanopore MiniION; Illumina NextSeq	University of Arkansas for Medical Sciences	PRJNA518133	SAMN10863479	3255	Enterococcus faecium	SRS4320896; ILLUMINA:SRR8523154; OXFORD_NANOPORE:SRR8523153	CP035648.1	CP035649.1; CP035647.1; CP035646.1; CP035645.1; CP035644.1	CP035649.1:257028; CP035648.1:2824869; CP035647.1:3030; CP035646.1:4316; CP035645.1:6303; CP035644.1:37314	Unicycler v. 0.4.4
efae	SAMN17038107	SRR13308450	SRR13258489	GCA_016415565.1	ASM1641556v1	Enterococcus faecium		Dallas 158					NCBI Prokaryotic Genome Annotation Pipeline (PGAP)	3006060	6	Complete Genome	2020-12-28		2804833	6							Illumina NextSeq; Oxford Nanopore MinION		PRJNA682584	SAMN17038107	2955	Enterococcus faecium	SRS7886583; OXFORD_NANOPORE:SRR13258489; ILLUMINA:SRR13308450	CP066667.1	CP066672.1; CP066671.1; CP066670.1; CP066669.1; CP066668.1	CP066672.1:6173; CP066671.1:6303; CP066670.1:23540; CP066669.1:30941; CP066668.1:134270; CP066667.1:2804833	Unicycler v. 0.4.7
efae	SAMN17038105	SRR13308452	SRR13258491	GCA_016415545.1	ASM1641554v1	Enterococcus faecium		Dallas 154_1					NCBI Prokaryotic Genome Annotation Pipeline (PGAP)	2994328	6	Complete Genome	2020-12-28		2801313	6							Illumina NextSeq; Oxford Nanopore MinION		PRJNA682584	SAMN17038105	2941	Enterococcus faecium	SRS7886581; OXFORD_NANOPORE:SRR13258491; ILLUMINA:SRR13308452	CP066653.1	CP066658.1; CP066657.1; CP066656.1; CP066655.1; CP066654.1	CP066658.1:6173; CP066657.1:6303; CP066656.1:22729; CP066655.1:23540; CP066654.1:134270; CP066653.1:2801313	Unicycler v. 0.4.7
efae	SAMN23424740	SRR17662729	SRR17662740	GCA_023375425.1	ASM2337542v1	Enterococcus faecium		642					NCBI Prokaryotic Genome Annotation Pipeline (PGAP)	2963435	3	Complete Genome	2022-05-16		2766791	3							Illumina MiniSeq, Oxford Nanopore MinIon	University of Zurich	PRJNA783264	SAMN23424740	2887	Enterococcus faecium	SRS11709375; OXFORD_NANOPORE:SRR17662740; ILLUMINA:SRR17662729	CP091221.1	CP091223.1; CP091222.1	CP091223.1:21849; CP091222.1:174795; CP091221.1:2766791	Unicycler v. 0.4.8
efae	SAMN17038069	SRR13273161	SRR13256612	GCA_016406485.1	ASM1640648v1	Enterococcus faecium		Dallas 16_1					NCBI Prokaryotic Genome Annotation Pipeline (PGAP)	3240626	8	Complete Genome	2020-12-27		2758635	8							Illumina NextSeq; Oxford Nanopore MinION		PRJNA682584	SAMN17038069	3248	Enterococcus faecium	SRS7885023; OXFORD_NANOPORE:SRR13256612; ILLUMINA:SRR13273161	CP066381.1	CP066388.1; CP066387.1; CP066386.1; CP066385.1; CP066384.1; CP066383.1; CP066382.1	CP066388.1:4461; CP066387.1:6303; CP066386.1:6895; CP066385.1:41600; CP066384.1:60650; CP066383.1:104340; CP066382.1:257742; CP066381.1:2758635	Unicycler v. 0.4.7
efae	SAMN28025462	SRR19612302	SRR19612272	GCA_023299725.1	ASM2329972v1	Enterococcus faecium		AT45b					NCBI Prokaryotic Genome Annotation Pipeline (PGAP)	2910810	5	Complete Genome	2022-05-10		2701552	5							Illumina MiniSeq, Oxford Nanopore	University of Zurich	PRJNA833940	SAMN28025462	2879	Enterococcus faecium	SRS13361488; ILLUMINA:SRR19612302; OXFORD_NANOPORE:SRR19612272	CP097022.1	CP097026.1; CP097025.1; CP097024.1; CP097023.1	CP097026.1:18501; CP097025.1:23514; CP097024.1:24768; CP097023.1:142475; CP097022.1:2701552	Unicycler v. 0.5.0
efae	SAMN28025461	SRR19612303	SRR19612273	GCA_023299745.1	ASM2329974v1	Enterococcus faecium		AT44					NCBI Prokaryotic Genome Annotation Pipeline (PGAP)	2881432	3	Complete Genome	2022-05-10		2644774	3							Illumina MiniSeq, Oxford Nanopore	University of Zurich	PRJNA833940	SAMN28025461	2854	Enterococcus faecium	SRS13361487; ILLUMINA:SRR19612303; OXFORD_NANOPORE:SRR19612273	CP097027.1	CP097029.1; CP097028.1	CP097029.1:46690; CP097028.1:189968; CP097027.1:2644774	Unicycler v. 0.5.0
efae	SAMN23424739	SRR17662730	SRR17662741	GCA_023375445.1	ASM2337544v1	Enterococcus faecium		237					NCBI Prokaryotic Genome Annotation Pipeline (PGAP)	2672075	3	Complete Genome	2022-05-16		2627634	3							Illumina MiniSeq, Oxford Nanopore MinIon	University of Zurich	PRJNA783264	SAMN23424739	2605	Enterococcus faecium	SRS11709374; OXFORD_NANOPORE:SRR17662741; ILLUMINA:SRR17662730	CP091224.1	CP091226.1; CP091225.1	CP091226.1:20845; CP091225.1:23596; CP091224.1:2627634	Unicycler v. 0.4.8
efae	SAMN23424486	SRR17030001	SRR17030008	GCA_023375225.1	ASM2337522v1	Enterococcus faecium		S39-7a					NCBI Prokaryotic Genome Annotation Pipeline (PGAP)	2663299	3	Complete Genome	2022-05-16		2619548	3							Illumina MiniSeq, Oxford Nanopore Minion	University of Zurich	PRJNA774104	SAMN23424486	2605	Enterococcus faecium	SRS11145628; OXFORD_NANOPORE:SRR17030008; ILLUMINA:SRR17030001	CP088195.1	CP088197.1; CP088196.1	CP088197.1:20449; CP088196.1:23302; CP088195.1:2619548	Unicycler v. 0.4.8
efae	SAMN18631322	SRR14507753	SRR14507748	GCA_019175425.1	ASM1917542v1	Enterococcus faecium		F88					NCBI Prokaryotic Genome Annotation Pipeline (PGAP)	2895554	3	Complete Genome	2021-07-08		2608143	3							Illumina MiniSeq, Oxford Nanopore MiniION	University of Zurich	PRJNA719983	SAMN18631322	2841	Enterococcus faecium	SRS8949577; ILLUMINA:SRR14507753; OXFORD_NANOPORE:SRR14507748	CP072878.1	CP072880.1; CP072879.1	CP072880.1:41084; CP072879.1:246327; CP072878.1:2608143	Unicycler v. 0.4.8
efae	SAMN28025465	SRR19612304	SRR19612274	GCA_023299325.1	ASM2329932v1	Enterococcus faecium		AT47b					NCBI Prokaryotic Genome Annotation Pipeline (PGAP)	2876641	3	Complete Genome	2022-05-10		2603360	3							Illumina MiniSeq, Oxford Nanopore	University of Zurich	PRJNA833940	SAMN28025465	2827	Enterococcus faecium	SRS13361486; ILLUMINA:SRR19612304; OXFORD_NANOPORE:SRR19612274	CP097014.1	CP097016.1; CP097015.1	CP097016.1:41159; CP097015.1:232122; CP097014.1:2603360	Unicycler v. 0.5.0
efae	SAMN18631313	SRR14507741	SRR14507743	GCA_019175525.1	ASM1917552v1	Enterococcus faecium		AVS0243					NCBI Prokaryotic Genome Annotation Pipeline (PGAP)	2673843	3	Complete Genome	2021-07-08		2600276	3							Illumina MiniSeq, Oxford Nanopore MiniION	University of Zurich	PRJNA719983	SAMN18631313	2590	Enterococcus faecium	SRS8949582; OXFORD_NANOPORE:SRR14507743; ILLUMINA:SRR14507741	CP072894.1	CP072896.1; CP072895.1	CP072896.1:36447; CP072895.1:37120; CP072894.1:2600276	Unicycler v. 0.4.8
efae	SAMN28025445	SRR19612300	SRR19612271	GCA_023299805.1	ASM2329980v1	Enterococcus faecium		AT02					NCBI Prokaryotic Genome Annotation Pipeline (PGAP)	2740860	5	Complete Genome	2022-05-10		2587604	5							Illumina MiniSeq, Oxford Nanopore	University of Zurich	PRJNA833940	SAMN28025445	2692	Enterococcus faecium	SRS13361490; ILLUMINA:SRR19612300; OXFORD_NANOPORE:SRR19612271	CP097061.1	CP097065.1; CP097064.1; CP097063.1; CP097062.1	CP097065.1:5254; CP097064.1:33236; CP097063.1:52519; CP097062.1:62247; CP097061.1:2587604	Unicycler v. 0.5.0
efae	SAMN23424742	SRR17662727	SRR17662738	GCA_023375385.1	ASM2337538v1	Enterococcus faecium		264a					NCBI Prokaryotic Genome Annotation Pipeline (PGAP)	2800028	4	Complete Genome	2022-05-16		2558214	4							Illumina MiniSeq, Oxford Nanopore MinIon	University of Zurich	PRJNA783264	SAMN23424742	2728	Enterococcus faecium	SRS11709377; OXFORD_NANOPORE:SRR17662738; ILLUMINA:SRR17662727	CP091213.1	CP091216.1; CP091215.1; CP091214.1	CP091216.1:27383; CP091215.1:39549; CP091214.1:174882; CP091213.1:2558214	Unicycler v. 0.4.8
efae	SAMN23424489	SRR17029998	SRR17030006	GCA_023375205.1	ASM2337520v1	Enterococcus faecium		S2-6b					NCBI Prokaryotic Genome Annotation Pipeline (PGAP)	2744440	4	Complete Genome	2022-05-16		2531120	4							Illumina MiniSeq, Oxford Nanopore Minion	University of Zurich	PRJNA774104	SAMN23424489	2664	Enterococcus faecium	SRS11145630; OXFORD_NANOPORE:SRR17030006; ILLUMINA:SRR17029998	CP088191.1	CP088194.1; CP088193.1; CP088192.1	CP088194.1:4147; CP088193.1:30822; CP088192.1:178351; CP088191.1:2531120	Unicycler v. 0.4.8
efae	SAMN23424741	SRR17662728	SRR17662739	GCA_023375405.1	ASM2337540v1	Enterococcus faecium		1525					NCBI Prokaryotic Genome Annotation Pipeline (PGAP)	2717415	4	Complete Genome	2022-05-16		2507479	4							Illumina MiniSeq, Oxford Nanopore MinIon	University of Zurich	PRJNA783264	SAMN23424741	2630	Enterococcus faecium	SRS11709376; OXFORD_NANOPORE:SRR17662739; ILLUMINA:SRR17662728	CP091217.1	CP091220.1; CP091219.1; CP091218.1	CP091220.1:5688; CP091219.1:21430; CP091218.1:182818; CP091217.1:2507479	Unicycler v. 0.4.8
efae	SAMN23424743	SRR17662752	SRR17662737	GCA_023375365.1	ASM2337536v1	Enterococcus faecium		211b					NCBI Prokaryotic Genome Annotation Pipeline (PGAP)	2615808	3	Complete Genome	2022-05-16		2488599	3							Illumina MiniSeq, Oxford Nanopore MinIon	University of Zurich	PRJNA783264	SAMN23424743	2532	Enterococcus faecium	SRS11709366; ILLUMINA:SRR17662752; OXFORD_NANOPORE:SRR17662737	CP091210.1	CP091212.1; CP091211.1	CP091212.1:28214; CP091211.1:98995; CP091210.1:2488599	Unicycler v. 0.4.8
efae	SAMN23424744	SRR17662751	SRR17662736	GCA_023375345.1	ASM2337534v1	Enterococcus faecium		1818					NCBI Prokaryotic Genome Annotation Pipeline (PGAP)	2668264	4	Complete Genome	2022-05-16		2469207	4							Illumina MiniSeq, Oxford Nanopore MinIon	University of Zurich	PRJNA783264	SAMN23424744	2567	Enterococcus faecium	SRS11709367; ILLUMINA:SRR17662751; OXFORD_NANOPORE:SRR17662736	CP091206.1	CP091209.1; CP091208.1; CP091207.1	CP091209.1:23864; CP091208.1:36787; CP091207.1:138406; CP091206.1:2469207	Unicycler v. 0.4.8
efae	SAMN17922924	SRR13719224	SRR14481803	GCA_019456555.1	ASM1945655v1	Enterococcus faecium		VBO96					NCBI Prokaryotic Genome Annotation Pipeline (PGAP)	2598060	2	Complete Genome	2021-08-06		2429707	2							Illumina MiniSeq, Oxford Nanopore	University of Zurich	PRJNA702050	SAMN17922924	2512	Enterococcus faecium	SRS8264711; ILLUMINA:SRR13719224; OXFORD_NANOPORE:SRR14481803	CP074105.1	CP074106.1	CP074106.1:168353; CP074105.1:2429707	Unicycler v. 0.4.8
efae	SAMN17922919	SRR13719229	SRR14481805	GCA_019456595.1	ASM1945659v1	Enterococcus faecium		VBR48					NCBI Prokaryotic Genome Annotation Pipeline (PGAP)	2594430	2	Complete Genome	2021-08-06		2428778	2							Illumina MiniSeq, Oxford Nanopore	University of Zurich	PRJNA702050	SAMN17922919	2508	Enterococcus faecium	SRS8264706; ILLUMINA:SRR13719229; OXFORD_NANOPORE:SRR14481805	CP074109.1	CP074110.1	CP074110.1:165652; CP074109.1:2428778	Unicycler v. 0.4.8
efae	SAMN17922923	SRR13719225	SRR14481804	GCA_019456575.1	ASM1945657v1	Enterococcus faecium		VBO39					NCBI Prokaryotic Genome Annotation Pipeline (PGAP)	2590784	2	Complete Genome	2021-08-06		2425126	2							Illumina MiniSeq, Oxford Nanopore	University of Zurich	PRJNA702050	SAMN17922923	2507	Enterococcus faecium	SRS8264710; ILLUMINA:SRR13719225; OXFORD_NANOPORE:SRR14481804	CP074107.1	CP074108.1	CP074108.1:165658; CP074107.1:2425126	Unicycler v. 0.4.8
ecol	SAMN24907328	SRR19908745	SRR19908744	GCA_024300725.1	ASM2430072v1	Escherichia coli		2006-3008					NCBI Prokaryotic Genome Annotation Pipeline (PGAP)	5705391	4	Complete Genome	2022-07-18		5513106	4							Oxford Nanopore MiniION; Illumina MiSeq	The University of Texas at San Antonio	PRJNA794938	SAMN24907328	5783	Escherichia coli	SRS13638108; ILLUMINA:SRR19908745; OXFORD_NANOPORE:SRR19908744	CP101298.1	CP101301.1; CP101300.1; CP101299.1	CP101301.1:91632; CP101300.1:93980; CP101299.1:6673; CP101298.1:5513106	Unicycler v. Galaxy Version 0.4.8.0
ecol	SAMD00523013	DRR401577	DRR401498	GCA_026001745.1	ASM2600174v1	Escherichia coli		JNE102603					Annotation submitted by Department of Bacteriology, Faculty of Medical Sciences, Kyushu University	5382570	2	Complete Genome	2022-09-06		5307033	2							Illumina MiSeq; Nanopore MinION	Department of Bacteriology, Faculty of Medical Sciences, Kyushu University	PRJDB8147	SAMD00523013	5534	Escherichia coli	DRS253388; OXFORD_NANOPORE:DRR401498; ILLUMINA:DRR401577	AP026761.1	AP026762.1	AP026762.1:75537; AP026761.1:5307033	unicycler v. 0.4.6
ecol	SAMN24907329	SRR18777558	SRR18777557	GCA_024300745.1	ASM2430074v1	Escherichia coli		O111					NCBI Prokaryotic Genome Annotation Pipeline (PGAP)	5303321	3	Complete Genome	2022-07-18		5288508	3							Oxford Nanopore MiniION; Illumina MiSeq	The University of Texas at San Antonio	PRJNA794938	SAMN24907329	5336	Escherichia coli	SRS12630885; ILLUMINA:SRR18777558; OXFORD_NANOPORE:SRR18777557	CP101307.1	CP101309.1; CP101308.1	CP101309.1:6673; CP101308.1:8140; CP101307.1:5288508	Unicycler v. Galaxy Version 0.4.8.0
ecol	SAMD00523005	DRR401569	DRR401495	GCA_026001525.1	ASM2600152v1	Escherichia coli		JNE071324					Annotation submitted by Department of Bacteriology, Faculty of Medical Sciences, Kyushu University	5428456	3	Complete Genome	2022-09-06		5284621	3							Illumina MiSeq; Nanopore MinION	Department of Bacteriology, Faculty of Medical Sciences, Kyushu University	PRJDB8147	SAMD00523005	5607	Escherichia coli	DRS253385; OXFORD_NANOPORE:DRR401495; ILLUMINA:DRR401569	AP026751.1	AP026753.1; AP026752.1	AP026753.1:68332; AP026752.1:75503; AP026751.1:5284621	unicycler v. 0.4.6
ecol	SAMN15488577	SRR12183863	SRR12247507	GCA_029718545.1	ASM2971854v1	Escherichia coli		RHB21-E3-C02					NCBI Prokaryotic Genome Annotation Pipeline (PGAP)	5561663	5	Complete Genome	2023-04-13		5274828	5							Illumina/Nanopore	The REHAB Consortium	PRJNA605147	SAMN15488577	5498	Escherichia coli	SRS6976274; ILLUMINA:SRR12183863; OXFORD_NANOPORE:SRR12247507	CP099181.1	CP099185.1; CP099184.1; CP099183.1; CP099182.1	CP099185.1:36530; CP099184.1:49989; CP099183.1:85744; CP099182.1:114572; CP099181.1:5274828	Unicycler v. v0.4.4
ecol	SAMN15488693	SRR12183986	SRR12247630	GCA_029719645.1	ASM2971964v1	Escherichia coli		RHB45-C22					NCBI Prokaryotic Genome Annotation Pipeline (PGAP)	5261994	3	Complete Genome	2023-04-13		5254568	3							Illumina/Nanopore	The REHAB Consortium	PRJNA605147	SAMN15488693	5018	Escherichia coli	SRS6976405; ILLUMINA:SRR12183986; OXFORD_NANOPORE:SRR12247630	CP099017.1	CP099019.1; CP099018.1	CP099019.1:1552; CP099018.1:5874; CP099017.1:5254568	Unicycler v. v0.4.4
ecol	SAMD00523011	DRR401575	DRR401497	GCA_026001685.1	ASM2600168v1	Escherichia coli		JNE072929					Annotation submitted by Department of Bacteriology, Faculty of Medical Sciences, Kyushu University	5306350	2	Complete Genome	2022-09-06		5230851	2							Illumina MiSeq; Nanopore MinION	Department of Bacteriology, Faculty of Medical Sciences, Kyushu University	PRJDB8147	SAMD00523011	5427	Escherichia coli	DRS253387; OXFORD_NANOPORE:DRR401497; ILLUMINA:DRR401575	AP026759.1	AP026760.1	AP026760.1:75499; AP026759.1:5230851	unicycler v. 0.4.6
ecol	SAMD00522975	DRR401539	DRR401493	GCA_026001405.1	ASM2600140v1	Escherichia coli		JNE110611					Annotation submitted by Department of Bacteriology, Faculty of Medical Sciences, Kyushu University	5313872	4	Complete Genome	2022-09-06		5174366	4							Illumina MiSeq; Nanopore MinION	Department of Bacteriology, Faculty of Medical Sciences, Kyushu University	PRJDB8147	SAMD00522975	5458	Escherichia coli	DRS253383; OXFORD_NANOPORE:DRR401493; ILLUMINA:DRR401539	AP026742.1	AP026745.1; AP026744.1; AP026743.1	AP026745.1:3788; AP026744.1:61055; AP026743.1:74663; AP026742.1:5174366	unicycler v. 0.4.6
ecol	SAMD00523010	DRR401574	DRR401496	GCA_026001605.1	ASM2600160v1	Escherichia coli		PV01-97					Annotation submitted by Department of Bacteriology, Faculty of Medical Sciences, Kyushu University	5420396	5	Complete Genome	2022-09-06		5164768	5							Illumina MiSeq; Nanopore MinION	Department of Bacteriology, Faculty of Medical Sciences, Kyushu University	PRJDB8147	SAMD00523010	5569	Escherichia coli	DRS253386; OXFORD_NANOPORE:DRR401496; ILLUMINA:DRR401574	AP026754.1	AP026758.1; AP026757.1; AP026756.1; AP026755.1	AP026758.1:40224; AP026757.1:40938; AP026756.1:76600; AP026755.1:97866; AP026754.1:5164768	unicycler v. 0.4.6
ecol	SAMN15488620	SRR12184069	SRR12247711	GCA_029719245.1	ASM2971924v1	Escherichia coli		RHB35-SO-C06					NCBI Prokaryotic Genome Annotation Pipeline (PGAP)	5307071	4	Complete Genome	2023-04-13		5103346	4							Illumina/Nanopore	The REHAB Consortium	PRJNA605147	SAMN15488620	5070	Escherichia coli	SRS6976322; ILLUMINA:SRR12184069; OXFORD_NANOPORE:SRR12247711	CP099114.1	CP099117.1; CP099116.1; CP099115.1	CP099117.1:4074; CP099116.1:82250; CP099115.1:117401; CP099114.1:5103346	Unicycler v. v0.4.4
ecol	SAMN15488629	SRR12184060	SRR12247702	GCA_029719165.1	ASM2971916v1	Escherichia coli		RHB40-SO-C05					NCBI Prokaryotic Genome Annotation Pipeline (PGAP)	5244064	6	Complete Genome	2023-04-13		5080392	6							Illumina/Nanopore	The REHAB Consortium	PRJNA605147	SAMN15488629	5174	Escherichia coli	SRS6976331; ILLUMINA:SRR12184060; OXFORD_NANOPORE:SRR12247702	CP099108.1	CP099113.1; CP099112.1; CP099111.1; CP099110.1; CP099109.1	CP099113.1:4671; CP099112.1:5264; CP099111.1:6811; CP099110.1:40572; CP099109.1:106354; CP099108.1:5080392	Unicycler v. v0.4.4
ecol	SAMD00523003	DRR401567	DRR401494	GCA_026001465.1	ASM2600146v1	Escherichia coli		PV06-71					Annotation submitted by Department of Bacteriology, Faculty of Medical Sciences, Kyushu University	5283224	5	Complete Genome	2022-09-06		5077147	5							Illumina MiSeq; Nanopore MinION	Department of Bacteriology, Faculty of Medical Sciences, Kyushu University	PRJDB8147	SAMD00523003	5384	Escherichia coli	DRS253384; OXFORD_NANOPORE:DRR401494; ILLUMINA:DRR401567	AP026746.1	AP026750.1; AP026749.1; AP026748.1; AP026747.1	AP026750.1:6673; AP026749.1:6715; AP026748.1:80291; AP026747.1:112398; AP026746.1:5077147	unicycler v. 0.4.6
ecol	SAMN15488713	SRR12183964	SRR12247608	GCA_029721235.1	ASM2972123v1	Escherichia coli		RHB46-C17					NCBI Prokaryotic Genome Annotation Pipeline (PGAP)	5178787	4	Complete Genome	2023-04-13		5073774	4							Illumina/Nanopore	The REHAB Consortium	PRJNA605147	SAMN15488713	5185	Escherichia coli	SRS6976427; ILLUMINA:SRR12183964; OXFORD_NANOPORE:SRR12247608	CP098975.1	CP098978.1; CP098977.1; CP098976.1	CP098978.1:1547; CP098977.1:5874; CP098976.1:97592; CP098975.1:5073774	Unicycler v. v0.4.4
ecol	SAMN34403761	SRR24324078	SRR26412750	GCA_033100195.1	ASM3310019v1	Escherichia coli		2023JQ-00025					NCBI Prokaryotic Genome Annotation Pipeline (PGAP)	5410416	6	Complete Genome	2023-10-29		5019660	6							Oxford Nanopore GridION; Illumina MiSeq	Centers for Disease Control and Prevention. Division of Healthcare Quality Promotion	PRJNA288601	SAMN34403761	5303	Escherichia coli	SRS17448186; ILLUMINA:SRR24324078; OXFORD_NANOPORE:SRR26412750	CP136913.1	CP136918.1; CP136917.1; CP136916.1; CP136915.1; CP136914.1	CP136918.1:4076; CP136917.1:5166; CP136916.1:52980; CP136915.1:142943; CP136914.1:185591; CP136913.1:5019660	Unicycler v. 0.5.0
ecol	SAMN15488534	SRR12183910	SRR12247554	GCA_029717385.1	ASM2971738v1	Escherichia coli		RHB11-E4-C03					NCBI Prokaryotic Genome Annotation Pipeline (PGAP)	5179917	3	Complete Genome	2023-04-13		5016156	3							Illumina/Nanopore	The REHAB Consortium	PRJNA605147	SAMN15488534	5019	Escherichia coli	SRS6976227; ILLUMINA:SRR12183910; OXFORD_NANOPORE:SRR12247554	CP099246.1	CP099248.1; CP099247.1	CP099248.1:2676; CP099247.1:161085; CP099246.1:5016156	Unicycler v. v0.4.4
ecol	SAMN15488533	SRR12183911	SRR12247555	GCA_029717405.1	ASM2971740v1	Escherichia coli		RHB11-E4-C01					NCBI Prokaryotic Genome Annotation Pipeline (PGAP)	5179916	3	Complete Genome	2023-04-13		5016155	3							Illumina/Nanopore	The REHAB Consortium	PRJNA605147	SAMN15488533	5020	Escherichia coli	SRS6976480; ILLUMINA:SRR12183911; OXFORD_NANOPORE:SRR12247555	CP099249.1	CP099251.1; CP099250.1	CP099251.1:2676; CP099250.1:161085; CP099249.1:5016155	Unicycler v. v0.4.4
ecol	SAMN15488702	SRR12183976	SRR12247620	GCA_029719525.1	ASM2971952v1	Escherichia coli		RHB45-SO-C06					NCBI Prokaryotic Genome Annotation Pipeline (PGAP)	5156200	3	Complete Genome	2023-04-13		5011531	3							Illumina/Nanopore	The REHAB Consortium	PRJNA605147	SAMN15488702	5052	Escherichia coli	SRS6976414; ILLUMINA:SRR12183976; OXFORD_NANOPORE:SRR12247620	CP099005.1	CP099007.1; CP099006.1	CP099007.1:41022; CP099006.1:103647; CP099005.1:5011531	Unicycler v. v0.4.4
ecol	SAMN15488644	SRR12184041	SRR12247685	GCA_029718945.1	ASM2971894v1	Escherichia coli		RHB43-C19					NCBI Prokaryotic Genome Annotation Pipeline (PGAP)	5463101	6	Complete Genome	2023-04-13		4999395	6							Illumina/Nanopore	The REHAB Consortium	PRJNA605147	SAMN15488644	5476	Escherichia coli	SRS6976350; ILLUMINA:SRR12184041; OXFORD_NANOPORE:SRR12247685	CP099078.1	CP099083.1; CP099082.1; CP099081.1; CP099080.1; CP099079.1	CP099083.1:4147; CP099082.1:61211; CP099081.1:90754; CP099080.1:99269; CP099079.1:208325; CP099078.1:4999395	Unicycler v. v0.4.4
ecol	SAMN15488727	SRR12183949	SRR12247593	GCA_029720975.1	ASM2972097v1	Escherichia coli		RHB47-SO-C04					NCBI Prokaryotic Genome Annotation Pipeline (PGAP)	5110309	2	Complete Genome	2023-04-13		4989106	2							Illumina/Nanopore	The REHAB Consortium	PRJNA605147	SAMN15488727	5008	Escherichia coli	SRS6976442; ILLUMINA:SRR12183949; OXFORD_NANOPORE:SRR12247593	CP098931.1	CP098932.1	CP098932.1:121203; CP098931.1:4989106	Unicycler v. v0.4.4
ecol	SAMN15488709	SRR12183969	SRR12247613	GCA_029721295.1	ASM2972129v1	Escherichia coli		RHB46-C07					NCBI Prokaryotic Genome Annotation Pipeline (PGAP)	5184913	5	Complete Genome	2023-04-13		4954457	5							Illumina/Nanopore	The REHAB Consortium	PRJNA605147	SAMN15488709	5091	Escherichia coli	SRS6976422; ILLUMINA:SRR12183969; OXFORD_NANOPORE:SRR12247613	CP098991.1	CP098995.1; CP098994.1; CP098993.1; CP098992.1	CP098995.1:1552; CP098994.1:5875; CP098993.1:95740; CP098992.1:127289; CP098991.1:4954457	Unicycler v. v0.4.4
ecol	SAMN15488703	SRR12183975	SRR12247619	GCA_029719505.1	ASM2971950v1	Escherichia coli		RHB45-SO-C07					NCBI Prokaryotic Genome Annotation Pipeline (PGAP)	5027571	2	Complete Genome	2023-04-13		4946061	2							Illumina/Nanopore	The REHAB Consortium	PRJNA605147	SAMN15488703	4897	Escherichia coli	SRS6976416; ILLUMINA:SRR12183975; OXFORD_NANOPORE:SRR12247619	CP099003.1	CP099004.1	CP099004.1:81510; CP099003.1:4946061	Unicycler v. v0.4.4
ecol	SAMN15488567	SRR12183874	SRR12247518	GCA_029718725.1	ASM2971872v1	Escherichia coli		RHB20-E4-C04					NCBI Prokaryotic Genome Annotation Pipeline (PGAP)	5272615	5	Complete Genome	2023-04-13		4937991	5							Illumina/Nanopore	The REHAB Consortium	PRJNA605147	SAMN15488567	5168	Escherichia coli	SRS6976263; ILLUMINA:SRR12183874; OXFORD_NANOPORE:SRR12247518	CP099192.1	CP099196.1; CP099195.1; CP099194.1; CP099193.1	CP099196.1:4593; CP099195.1:6221; CP099194.1:106559; CP099193.1:217251; CP099192.1:4937991	Unicycler v. v0.4.4
ecol	SAMN31390129	SRR21986335	SRR22581007	GCA_025779775.2	ASM2577977v2	Escherichia coli		2022CK-00557					NCBI Prokaryotic Genome Annotation Pipeline (PGAP)	5214963	4	Complete Genome	2022-12-29		4936606	4							Oxford Nanopore GridION; Illumina MiSeq	Centers for Disease Control and Prevention. Division of Healthcare Quality Promotion	PRJNA288601	SAMN31390129	5086	Escherichia coli	SRS15485299; ILLUMINA:SRR21986335; OXFORD_NANOPORE:SRR22581007	CP114340.1	CP114343.1; CP114342.1; CP114341.1	CP114343.1:41466; CP114342.1:105463; CP114341.1:131428; CP114340.1:4936606	Unicycler v. 0.5.0
ecol	SAMN31390130	SRR21986334	SRR22581006	GCA_025779175.2	ASM2577917v2	Escherichia coli		2022CK-00558					NCBI Prokaryotic Genome Annotation Pipeline (PGAP)	5173195	3	Complete Genome	2022-12-29		4936300	3							Illumina MiSeq; Oxford Nanopore GridION	Centers for Disease Control and Prevention. Division of Healthcare Quality Promotion	PRJNA288601	SAMN31390130	5049	Escherichia coli	SRS15485300; ILLUMINA:SRR21986334; OXFORD_NANOPORE:SRR22581006	CP114344.1	CP114346.1; CP114345.1	CP114346.1:105465; CP114345.1:131430; CP114344.1:4936300	Unicycler v. 0.5.0
ecol	SAMN15488647	SRR12184038	SRR12247682	GCA_029718905.1	ASM2971890v1	Escherichia coli		RHB43-SE-C04					NCBI Prokaryotic Genome Annotation Pipeline (PGAP)	5164889	3	Complete Genome	2023-04-13		4933111	3							Illumina/Nanopore	The REHAB Consortium	PRJNA605147	SAMN15488647	5084	Escherichia coli	SRS6976353; ILLUMINA:SRR12184038; OXFORD_NANOPORE:SRR12247682	CP099072.1	CP099074.1; CP099073.1	CP099074.1:107495; CP099073.1:124283; CP099072.1:4933111	Unicycler v. v0.4.4
ecol	SAMN15488645	SRR12184040	SRR12247684	GCA_029718925.1	ASM2971892v1	Escherichia coli		RHB43-SE-C02					NCBI Prokaryotic Genome Annotation Pipeline (PGAP)	5164874	3	Complete Genome	2023-04-13		4933096	3							Illumina/Nanopore	The REHAB Consortium	PRJNA605147	SAMN15488645	5082	Escherichia coli	SRS6976351; ILLUMINA:SRR12184040; OXFORD_NANOPORE:SRR12247684	CP099075.1	CP099077.1; CP099076.1	CP099077.1:107495; CP099076.1:124283; CP099075.1:4933096	Unicycler v. v0.4.4
ecol	SAMN15488637	SRR12184051	SRR12247693	GCA_029719045.1	ASM2971904v1	Escherichia coli		RHB43-C04					NCBI Prokaryotic Genome Annotation Pipeline (PGAP)	5164098	3	Complete Genome	2023-04-13		4932320	3							Illumina/Nanopore	The REHAB Consortium	PRJNA605147	SAMN15488637	5085	Escherichia coli	SRS6976340; ILLUMINA:SRR12184051; OXFORD_NANOPORE:SRR12247693	CP099092.1	CP099094.1; CP099093.1	CP099094.1:107495; CP099093.1:124283; CP099092.1:4932320	Unicycler v. v0.4.4
ecol	SAMN15488636	SRR12184052	SRR12247694	GCA_029719065.1	ASM2971906v1	Escherichia coli		RHB43-C03					NCBI Prokaryotic Genome Annotation Pipeline (PGAP)	5164098	3	Complete Genome	2023-04-13		4932320	3							Illumina/Nanopore	The REHAB Consortium	PRJNA605147	SAMN15488636	5079	Escherichia coli	SRS6976339; ILLUMINA:SRR12184052; OXFORD_NANOPORE:SRR12247694	CP099095.1	CP099097.1; CP099096.1	CP099097.1:107495; CP099096.1:124283; CP099095.1:4932320	Unicycler v. v0.4.4
ecol	SAMN15488651	SRR12184033	SRR12247677	GCA_029718845.1	ASM2971884v1	Escherichia coli		RHB43-SO-C01					NCBI Prokaryotic Genome Annotation Pipeline (PGAP)	5164095	3	Complete Genome	2023-04-13		4932319	3							Illumina/Nanopore	The REHAB Consortium	PRJNA605147	SAMN15488651	5080	Escherichia coli	SRS6976358; ILLUMINA:SRR12184033; OXFORD_NANOPORE:SRR12247677	CP099068.1	CP099070.1; CP099069.1	CP099070.1:107495; CP099069.1:124281; CP099068.1:4932319	Unicycler v. v0.4.4
ecol	SAMN15488653	SRR12184031	SRR12247675	GCA_029720065.1	ASM2972006v1	Escherichia coli		RHB43-SO-C03					NCBI Prokaryotic Genome Annotation Pipeline (PGAP)	5164095	3	Complete Genome	2023-04-13		4932319	3							Illumina/Nanopore	The REHAB Consortium	PRJNA605147	SAMN15488653	5080	Escherichia coli	SRS6976360; ILLUMINA:SRR12184031; OXFORD_NANOPORE:SRR12247675	CP099062.1	CP099064.1; CP099063.1	CP099064.1:107495; CP099063.1:124281; CP099062.1:4932319	Unicycler v. v0.4.4
ecol	SAMN15488652	SRR12184032	SRR12247676	GCA_029720085.1	ASM2972008v1	Escherichia coli		RHB43-SO-C02					NCBI Prokaryotic Genome Annotation Pipeline (PGAP)	5164095	3	Complete Genome	2023-04-13		4932319	3							Illumina/Nanopore	The REHAB Consortium	PRJNA605147	SAMN15488652	5080	Escherichia coli	SRS6976359; ILLUMINA:SRR12184032; OXFORD_NANOPORE:SRR12247676	CP099065.1	CP099067.1; CP099066.1	CP099067.1:107495; CP099066.1:124281; CP099065.1:4932319	Unicycler v. v0.4.4
ecol	SAMN15488638	SRR12184048	SRR12247692	GCA_029719025.1	ASM2971902v1	Escherichia coli		RHB43-C06					NCBI Prokaryotic Genome Annotation Pipeline (PGAP)	5164097	3	Complete Genome	2023-04-13		4932318	3							Illumina/Nanopore	The REHAB Consortium	PRJNA605147	SAMN15488638	5080	Escherichia coli	SRS6976343; ILLUMINA:SRR12184048; OXFORD_NANOPORE:SRR12247692	CP099089.1	CP099091.1; CP099090.1	CP099091.1:107496; CP099090.1:124283; CP099089.1:4932318	Unicycler v. v0.4.4
ecol	SAMN15488654	SRR12184030	SRR12247674	GCA_029720045.1	ASM2972004v1	Escherichia coli		RHB43-SO-C04					NCBI Prokaryotic Genome Annotation Pipeline (PGAP)	5164057	3	Complete Genome	2023-04-13		4932279	3							Illumina/Nanopore	The REHAB Consortium	PRJNA605147	SAMN15488654	5079	Escherichia coli	SRS6976361; ILLUMINA:SRR12184030; OXFORD_NANOPORE:SRR12247674	CP099059.1	CP099061.1; CP099060.1	CP099061.1:107495; CP099060.1:124283; CP099059.1:4932279	Unicycler v. v0.4.4
ecol	SAMN15488576	SRR12183864	SRR12247508	GCA_029718565.1	ASM2971856v1	Escherichia coli		RHB21-E1-C08					NCBI Prokaryotic Genome Annotation Pipeline (PGAP)	5006154	2	Complete Genome	2023-04-13		4916157	2							Illumina/Nanopore	The REHAB Consortium	PRJNA605147	SAMN15488576	4823	Escherichia coli	SRS6976273; ILLUMINA:SRR12183864; OXFORD_NANOPORE:SRR12247508	CP099186.1	CP099187.1	CP099187.1:89997; CP099186.1:4916157	Unicycler v. v0.4.4
ecol	SAMN15488573	SRR12183867	SRR12247511	GCA_029718605.1	ASM2971860v1	Escherichia coli		RHB21-E1-C02					NCBI Prokaryotic Genome Annotation Pipeline (PGAP)	5006154	2	Complete Genome	2023-04-13		4916157	2							Illumina/Nanopore	The REHAB Consortium	PRJNA605147	SAMN15488573	4823	Escherichia coli	SRS6976270; ILLUMINA:SRR12183867; OXFORD_NANOPORE:SRR12247511	CP099188.1	CP099189.1	CP099189.1:89997; CP099188.1:4916157	Unicycler v. v0.4.4
ecol	SAMN15488519	SRR12183927	SRR12247571	GCA_029717525.1	ASM2971752v1	Escherichia coli		RHB08-SO-C05					NCBI Prokaryotic Genome Annotation Pipeline (PGAP)	5017205	2	Complete Genome	2023-04-13		4912187	2							Illumina/Nanopore	The REHAB Consortium	PRJNA605147	SAMN15488519	4818	Escherichia coli	SRS6976464; ILLUMINA:SRR12183927; OXFORD_NANOPORE:SRR12247571	CP099258.1	CP099259.1	CP099259.1:105018; CP099258.1:4912187	Unicycler v. v0.4.4
ecol	SAMN15488609	SRR12184082	SRR12247724	GCA_029719385.1	ASM2971938v1	Escherichia coli		RHB31-E3-C05					NCBI Prokaryotic Genome Annotation Pipeline (PGAP)	5055189	3	Complete Genome	2023-04-13		4906752	3							Illumina/Nanopore	The REHAB Consortium	PRJNA605147	SAMN15488609	4917	Escherichia coli	SRS6976309; ILLUMINA:SRR12184082; OXFORD_NANOPORE:SRR12247724	CP099129.1	CP099131.1; CP099130.1	CP099131.1:63494; CP099130.1:84943; CP099129.1:4906752	Unicycler v. v0.4.4
ecol	SAMN15488568	SRR12183873	SRR12247517	GCA_029718705.1	ASM2971870v1	Escherichia coli		RHB20-E4-C05					NCBI Prokaryotic Genome Annotation Pipeline (PGAP)	5007458	2	Complete Genome	2023-04-13		4906580	2							Illumina/Nanopore	The REHAB Consortium	PRJNA605147	SAMN15488568	4840	Escherichia coli	SRS6976264; ILLUMINA:SRR12183873; OXFORD_NANOPORE:SRR12247517	CP099190.1	CP099191.1	CP099191.1:100878; CP099190.1:4906580	Unicycler v. v0.4.4
ecol	SAMN14482837	SRR11460451	SRR11460449	GCA_012221365.1	ASM1222136v1	Escherichia coli		8-3-DC15					NCBI Prokaryotic Genome Annotation Pipeline (PGAP)	5142316	3	Complete Genome	2020-04-09		4901398	3							Illumina NextSeq; Oxford Nanopore MiniION	Monash University	PRJNA616136	SAMN14482837	5269	Escherichia coli	SRS6409976; ILLUMINA:SRR11460451; OXFORD_NANOPORE:SRR11460449	CP050862.1	CP050864.1; CP050863.1	CP050864.1:7120; CP050863.1:233798; CP050862.1:4901398	Unicycler v. 0.4.8
ecol	SAMN14482836	SRR11460452	SRR11460450	GCA_012221565.1	ASM1222156v1	Escherichia coli		8-3-Ti3					NCBI Prokaryotic Genome Annotation Pipeline (PGAP)	5141082	3	Complete Genome	2020-04-09		4899869	3							Illumina NextSeq; Oxford Nanopore MiniION	Monash University	PRJNA616136	SAMN14482836	5266	Escherichia coli	SRS6409975; ILLUMINA:SRR11460452; OXFORD_NANOPORE:SRR11460450	CP050865.1	CP050867.1; CP050866.1	CP050867.1:7413; CP050866.1:233800; CP050865.1:4899869	Unicycler v. 0.4.8
ecol	SAMN15488563	SRR12183878	SRR12247522	GCA_029718765.1	ASM2971876v1	Escherichia coli		RHB20-E3-C04					NCBI Prokaryotic Genome Annotation Pipeline (PGAP)	5098753	2	Complete Genome	2023-04-13		4877578	2							Illumina/Nanopore	The REHAB Consortium	PRJNA605147	SAMN15488563	4933	Escherichia coli	SRS6976259; ILLUMINA:SRR12183878; OXFORD_NANOPORE:SRR12247522	CP099201.1	CP099202.1	CP099202.1:221175; CP099201.1:4877578	Unicycler v. v0.4.4
ecol	SAMN15488562	SRR12183879	SRR12247523	GCA_029718785.1	ASM2971878v1	Escherichia coli		RHB20-E3-C03					NCBI Prokaryotic Genome Annotation Pipeline (PGAP)	5098753	2	Complete Genome	2023-04-13		4877578	2							Illumina/Nanopore	The REHAB Consortium	PRJNA605147	SAMN15488562	4933	Escherichia coli	SRS6976258; ILLUMINA:SRR12183879; OXFORD_NANOPORE:SRR12247523	CP099203.1	CP099204.1	CP099204.1:221175; CP099203.1:4877578	Unicycler v. v0.4.4
ecol	SAMN15488483	SRR12183937	SRR12247581	GCA_029718005.1	ASM2971800v1	Escherichia coli		RHB02-E1-C06					NCBI Prokaryotic Genome Annotation Pipeline (PGAP)	4942505	4	Complete Genome	2023-04-13		4869391	4							Illumina/Nanopore	The REHAB Consortium	PRJNA605147	SAMN15488483	4798	Escherichia coli	SRS6976454; ILLUMINA:SRR12183937; OXFORD_NANOPORE:SRR12247581	CP099299.1	CP099302.1; CP099301.1; CP099300.1	CP099302.1:4066; CP099301.1:4664; CP099300.1:64384; CP099299.1:4869391	Unicycler v. v0.4.4
ecol	SAMN15488641	SRR12184044	SRR12247688	GCA_029719005.1	ASM2971900v1	Escherichia coli		RHB43-C14					NCBI Prokaryotic Genome Annotation Pipeline (PGAP)	4965204	2	Complete Genome	2023-04-13		4868848	2							Illumina/Nanopore	The REHAB Consortium	PRJNA605147	SAMN15488641	4848	Escherichia coli	SRS6976347; ILLUMINA:SRR12184044; OXFORD_NANOPORE:SRR12247688	CP099087.1	CP099088.1	CP099088.1:96356; CP099087.1:4868848	Unicycler v. v0.4.4
ecol	SAMN15488520	SRR12183925	SRR12247569	GCA_029717505.1	ASM2971750v1	Escherichia coli		RHB08-SO-C08					NCBI Prokaryotic Genome Annotation Pipeline (PGAP)	4967548	3	Complete Genome	2023-04-13		4863177	3							Illumina/Nanopore	The REHAB Consortium	PRJNA605147	SAMN15488520	4681	Escherichia coli	SRS6976466; ILLUMINA:SRR12183925; OXFORD_NANOPORE:SRR12247569	CP099255.1	CP099257.1; CP099256.1	CP099257.1:3257; CP099256.1:101114; CP099255.1:4863177	Unicycler v. v0.4.4
ecol	SAMN15488537	SRR12183907	SRR12247551	GCA_029717345.1	ASM2971734v1	Escherichia coli		RHB13-SO-C01					NCBI Prokaryotic Genome Annotation Pipeline (PGAP)	5191167	6	Complete Genome	2023-04-13		4860370	6							Illumina/Nanopore	The REHAB Consortium	PRJNA605147	SAMN15488537	5058	Escherichia coli	SRS6976230; ILLUMINA:SRR12183907; OXFORD_NANOPORE:SRR12247551	CP099237.1	CP099242.1; CP099241.1; CP099240.1; CP099239.1; CP099238.1	CP099242.1:6230; CP099241.1:6668; CP099240.1:91303; CP099239.1:95217; CP099238.1:131379; CP099237.1:4860370	Unicycler v. v0.4.4
ecol	SAMN15488538	SRR12183906	SRR12247550	GCA_029717325.1	ASM2971732v1	Escherichia coli		RHB13-SO-C02					NCBI Prokaryotic Genome Annotation Pipeline (PGAP)	5190349	6	Complete Genome	2023-04-13		4859595	6							Illumina/Nanopore	The REHAB Consortium	PRJNA605147	SAMN15488538	5054	Escherichia coli	SRS6976231; ILLUMINA:SRR12183906; OXFORD_NANOPORE:SRR12247550	CP099231.1	CP099236.1; CP099235.1; CP099234.1; CP099233.1; CP099232.1	CP099236.1:6230; CP099235.1:6668; CP099234.1:91303; CP099233.1:95217; CP099232.1:131336; CP099231.1:4859595	Unicycler v. v0.4.4
ecol	SAMN15488539	SRR12183905	SRR12247549	GCA_029717265.1	ASM2971726v1	Escherichia coli		RHB13-SO-C03					NCBI Prokaryotic Genome Annotation Pipeline (PGAP)	5190999	6	Complete Genome	2023-04-13		4859593	6							Illumina/Nanopore	The REHAB Consortium	PRJNA605147	SAMN15488539	5053	Escherichia coli	SRS6976232; ILLUMINA:SRR12183905; OXFORD_NANOPORE:SRR12247549	CP099225.1	CP099230.1; CP099229.1; CP099228.1; CP099227.1; CP099226.1	CP099230.1:6230; CP099229.1:6668; CP099228.1:91303; CP099227.1:95826; CP099226.1:131379; CP099225.1:4859593	Unicycler v. v0.4.4
ecol	SAMN15488485	SRR12183915	SRR12247559	GCA_029717965.1	ASM2971796v1	Escherichia coli		RHB02-E3-C03					NCBI Prokaryotic Genome Annotation Pipeline (PGAP)	5198895	4	Complete Genome	2023-04-13		4859144	4							Illumina/Nanopore	The REHAB Consortium	PRJNA605147	SAMN15488485	5157	Escherichia coli	SRS6976476; ILLUMINA:SRR12183915; OXFORD_NANOPORE:SRR12247559	CP099294.1	CP099297.1; CP099296.1; CP099295.1	CP099297.1:5128; CP099296.1:48056; CP099295.1:286567; CP099294.1:4859144	Unicycler v. v0.4.4
ecol	SAMN15488607	SRR12183830	SRR12247726	GCA_029718065.1	ASM2971806v1	Escherichia coli		RHB31-E3-C03					NCBI Prokaryotic Genome Annotation Pipeline (PGAP)	4957459	2	Complete Genome	2023-04-13		4858302	2							Illumina/Nanopore	The REHAB Consortium	PRJNA605147	SAMN15488607	4788	Escherichia coli	SRS6976307; ILLUMINA:SRR12183830; OXFORD_NANOPORE:SRR12247726	CP099134.1	CP099135.1	CP099135.1:99157; CP099134.1:4858302	Unicycler v. v0.4.4
ecol	SAMN15488515	SRR12183931	SRR12247575	GCA_029717625.1	ASM2971762v1	Escherichia coli		RHB08-E3-C05					NCBI Prokaryotic Genome Annotation Pipeline (PGAP)	4940416	2	Complete Genome	2023-04-13		4852089	2							Illumina/Nanopore	The REHAB Consortium	PRJNA605147	SAMN15488515	4684	Escherichia coli	SRS6976460; ILLUMINA:SRR12183931; OXFORD_NANOPORE:SRR12247575	CP099267.1	CP099268.1	CP099268.1:88327; CP099267.1:4852089	Unicycler v. v0.4.4
ecol	SAMN15488720	SRR12183956	SRR12247600	GCA_029721075.1	ASM2972107v1	Escherichia coli		RHB47-C06					NCBI Prokaryotic Genome Annotation Pipeline (PGAP)	5019506	8	Complete Genome	2023-04-13		4851599	8							Illumina/Nanopore	The REHAB Consortium	PRJNA605147	SAMN15488720	4839	Escherichia coli	SRS6976436; ILLUMINA:SRR12183956; OXFORD_NANOPORE:SRR12247600	CP098947.1	CP098954.1; CP098953.1; CP098952.1; CP098951.1; CP098950.1; CP098949.1; CP098948.1	CP098954.1:1565; CP098953.1:2096; CP098952.1:3319; CP098951.1:4091; CP098950.1:4593; CP098949.1:6334; CP098948.1:145909; CP098947.1:4851599	Unicycler v. v0.4.4
ecol	SAMN15488728	SRR12183948	SRR12247592	GCA_029720955.1	ASM2972095v1	Escherichia coli		RHB47-SO-C05					NCBI Prokaryotic Genome Annotation Pipeline (PGAP)	4847823	2	Complete Genome	2023-04-13		4844648	2							Illumina/Nanopore	The REHAB Consortium	PRJNA605147	SAMN15488728	4733	Escherichia coli	SRS6976443; ILLUMINA:SRR12183948; OXFORD_NANOPORE:SRR12247592	CP098929.1	CP098930.1	CP098930.1:3175; CP098929.1:4844648	Unicycler v. v0.4.4
ecol	SAMN15488560	SRR12183881	SRR12247525	GCA_029718805.1	ASM2971880v1	Escherichia coli		RHB17-SO-C08					NCBI Prokaryotic Genome Annotation Pipeline (PGAP)	4935411	2	Complete Genome	2023-04-13		4844077	2							Illumina/Nanopore	The REHAB Consortium	PRJNA605147	SAMN15488560	4835	Escherichia coli	SRS6976256; ILLUMINA:SRR12183881; OXFORD_NANOPORE:SRR12247525	CP099205.1	CP099206.1	CP099206.1:91334; CP099205.1:4844077	Unicycler v. v0.4.4
ecol	SAMN31390136	SRR21986341	SRR22580998	GCA_025778715.2	ASM2577871v2	Escherichia coli		2022CK-00569					NCBI Prokaryotic Genome Annotation Pipeline (PGAP)	5000638	2	Complete Genome	2022-12-29		4842771	2							Illumina MiSeq; Oxford Nanopore GridION	Centers for Disease Control and Prevention. Division of Healthcare Quality Promotion	PRJNA288601	SAMN31390136	4831	Escherichia coli	SRS15485293; ILLUMINA:SRR21986341; OXFORD_NANOPORE:SRR22580998	CP114367.1	CP114368.1	CP114368.1:157867; CP114367.1:4842771	Unicycler v. 0.5.0
ecol	SAMN15488508	SRR12183939	SRR12247583	GCA_029717725.1	ASM2971772v1	Escherichia coli		RHB05-SO-C07					NCBI Prokaryotic Genome Annotation Pipeline (PGAP)	4848918	4	Complete Genome	2023-04-13		4836691	4							Illumina/Nanopore	The REHAB Consortium	PRJNA605147	SAMN15488508	4543	Escherichia coli	SRS6976452; ILLUMINA:SRR12183939; OXFORD_NANOPORE:SRR12247583	CP099275.1	CP099278.1; CP099277.1; CP099276.1	CP099278.1:3176; CP099277.1:3906; CP099276.1:5145; CP099275.1:4836691	Unicycler v. v0.4.4
ecol	SAMN15488564	SRR12183877	SRR12247521	GCA_029718745.1	ASM2971874v1	Escherichia coli		RHB20-E3-C07					NCBI Prokaryotic Genome Annotation Pipeline (PGAP)	4978908	4	Complete Genome	2023-04-13		4829220	4							Illumina/Nanopore	The REHAB Consortium	PRJNA605147	SAMN15488564	4838	Escherichia coli	SRS6976260; ILLUMINA:SRR12183877; OXFORD_NANOPORE:SRR12247521	CP099197.1	CP099200.1; CP099199.1; CP099198.1	CP099200.1:4073; CP099199.1:44393; CP099198.1:101222; CP099197.1:4829220	Unicycler v. v0.4.4
ecol	SAMN15488614	SRR12184076	SRR12247718	GCA_029719325.1	ASM2971932v1	Escherichia coli		RHB34-SO-C04					NCBI Prokaryotic Genome Annotation Pipeline (PGAP)	4971746	2	Complete Genome	2023-04-13		4821552	2							Illumina/Nanopore	The REHAB Consortium	PRJNA605147	SAMN15488614	4833	Escherichia coli	SRS6976315; ILLUMINA:SRR12184076; OXFORD_NANOPORE:SRR12247718	CP099121.1	CP099122.1	CP099122.1:150194; CP099121.1:4821552	Unicycler v. v0.4.4
ecol	SAMN15488663	SRR12184020	SRR12247664	GCA_029719945.1	ASM2971994v1	Escherichia coli		RHB44-C13					NCBI Prokaryotic Genome Annotation Pipeline (PGAP)	5080355	5	Complete Genome	2023-04-13		4819786	5							Illumina/Nanopore	The REHAB Consortium	PRJNA605147	SAMN15488663	4904	Escherichia coli	SRS6976371; ILLUMINA:SRR12184020; OXFORD_NANOPORE:SRR12247664	CP099051.1	CP099055.1; CP099054.1; CP099053.1; CP099052.1	CP099055.1:4074; CP099054.1:5874; CP099053.1:98362; CP099052.1:152259; CP099051.1:4819786	Unicycler v. v0.4.4
ecol	SAMN15488665	SRR12184018	SRR12247662	GCA_029719905.1	ASM2971990v1	Escherichia coli		RHB44-C17					NCBI Prokaryotic Genome Annotation Pipeline (PGAP)	5080353	5	Complete Genome	2023-04-13		4819784	5							Illumina/Nanopore	The REHAB Consortium	PRJNA605147	SAMN15488665	4905	Escherichia coli	SRS6976373; ILLUMINA:SRR12184018; OXFORD_NANOPORE:SRR12247662	CP099041.1	CP099045.1; CP099044.1; CP099043.1; CP099042.1	CP099045.1:4074; CP099044.1:5874; CP099043.1:98362; CP099042.1:152259; CP099041.1:4819784	Unicycler v. v0.4.4
ecol	SAMN15488701	SRR12183977	SRR12247621	GCA_029719545.1	ASM2971954v1	Escherichia coli		RHB45-SO-C05					NCBI Prokaryotic Genome Annotation Pipeline (PGAP)	4820593	2	Complete Genome	2023-04-13		4819084	2							Illumina/Nanopore	The REHAB Consortium	PRJNA605147	SAMN15488701	4609	Escherichia coli	SRS6976415; ILLUMINA:SRR12183977; OXFORD_NANOPORE:SRR12247621	CP099008.1	CP099009.1	CP099009.1:1509; CP099008.1:4819084	Unicycler v. v0.4.4
ecol	SAMN15488685	SRR12183995	SRR12247639	GCA_029719725.1	ASM2971972v1	Escherichia coli		RHB45-C09					NCBI Prokaryotic Genome Annotation Pipeline (PGAP)	4929257	2	Complete Genome	2023-04-13		4816651	2							Illumina/Nanopore	The REHAB Consortium	PRJNA605147	SAMN15488685	4813	Escherichia coli	SRS6976396; ILLUMINA:SRR12183995; OXFORD_NANOPORE:SRR12247639	CP099032.1	CP099033.1	CP099033.1:112606; CP099032.1:4816651	Unicycler v. v0.4.4
ecol	SAMN15488633	SRR12184055	SRR12247697	GCA_029719085.1	ASM2971908v1	Escherichia coli		RHB41-E2-C07					NCBI Prokaryotic Genome Annotation Pipeline (PGAP)	4879834	4	Complete Genome	2023-04-13		4808092	4							Illumina/Nanopore	The REHAB Consortium	PRJNA605147	SAMN15488633	4699	Escherichia coli	SRS6976336; ILLUMINA:SRR12184055; OXFORD_NANOPORE:SRR12247697	CP099098.1	CP099101.1; CP099100.1; CP099099.1	CP099101.1:1548; CP099100.1:6231; CP099099.1:63963; CP099098.1:4808092	Unicycler v. v0.4.4
ecol	SAMN15488711	SRR12183966	SRR12247610	GCA_029721275.1	ASM2972127v1	Escherichia coli		RHB46-C15					NCBI Prokaryotic Genome Annotation Pipeline (PGAP)	4923738	7	Complete Genome	2023-04-13		4794877	7							Illumina/Nanopore	The REHAB Consortium	PRJNA605147	SAMN15488711	4876	Escherichia coli	SRS6976425; ILLUMINA:SRR12183966; OXFORD_NANOPORE:SRR12247610	CP098984.1	CP098990.1; CP098989.1; CP098988.1; CP098987.1; CP098986.1; CP098985.1	CP098990.1:1619; CP098989.1:1748; CP098988.1:2524; CP098987.1:3897; CP098986.1:4315; CP098985.1:114758; CP098984.1:4794877	Unicycler v. v0.4.4
ecol	SAMN15488586	SRR12183853	SRR12247749	GCA_029718405.1	ASM2971840v1	Escherichia coli		RHB23-SO-C06					NCBI Prokaryotic Genome Annotation Pipeline (PGAP)	4862576	4	Complete Genome	2023-04-13		4793898	4							Illumina/Nanopore	The REHAB Consortium	PRJNA605147	SAMN15488586	4720	Escherichia coli	SRS6976284; ILLUMINA:SRR12183853; OXFORD_NANOPORE:SRR12247749	CP099169.1	CP099172.1; CP099171.1; CP099170.1	CP099172.1:3257; CP099171.1:7198; CP099170.1:58223; CP099169.1:4793898	Unicycler v. v0.4.4
ecol	SAMN15488717	SRR12183960	SRR12247604	GCA_029721175.1	ASM2972117v1	Escherichia coli		RHB46-C23					NCBI Prokaryotic Genome Annotation Pipeline (PGAP)	4956305	4	Complete Genome	2023-04-13		4788431	4							Illumina/Nanopore	The REHAB Consortium	PRJNA605147	SAMN15488717	4842	Escherichia coli	SRS6976431; ILLUMINA:SRR12183960; OXFORD_NANOPORE:SRR12247604	CP098965.1	CP098968.1; CP098967.1; CP098966.1	CP098968.1:1506; CP098967.1:1549; CP098966.1:164819; CP098965.1:4788431	Unicycler v. v0.4.4
ecol	SAMN15488504	SRR12183957	SRR12247601	GCA_029717785.1	ASM2971778v1	Escherichia coli		RHB05-SO-C01					NCBI Prokaryotic Genome Annotation Pipeline (PGAP)	4787994	2	Complete Genome	2023-04-13		4786118	2							Illumina/Nanopore	The REHAB Consortium	PRJNA605147	SAMN15488504	4629	Escherichia coli	SRS6976434; ILLUMINA:SRR12183957; OXFORD_NANOPORE:SRR12247601	CP099281.1	CP099282.1	CP099282.1:1876; CP099281.1:4786118	Unicycler v. v0.4.4
ecol	SAMN15488598	SRR12183840	SRR12247736	GCA_029718235.1	ASM2971823v1	Escherichia coli		RHB28-E3-C03					NCBI Prokaryotic Genome Annotation Pipeline (PGAP)	4834987	7	Complete Genome	2023-04-13		4767698	7							Illumina/Nanopore	The REHAB Consortium	PRJNA605147	SAMN15488598	4712	Escherichia coli	SRS6976297; ILLUMINA:SRR12183840; OXFORD_NANOPORE:SRR12247736	CP099159.1	CP099165.1; CP099164.1; CP099163.1; CP099162.1; CP099161.1; CP099160.1	CP099165.1:1552; CP099164.1:2460; CP099163.1:4593; CP099162.1:5146; CP099161.1:9531; CP099160.1:44007; CP099159.1:4767698	Unicycler v. v0.4.4
ecol	SAMN15488700	SRR12183978	SRR12247622	GCA_029719565.1	ASM2971956v1	Escherichia coli		RHB45-SO-C03					NCBI Prokaryotic Genome Annotation Pipeline (PGAP)	4974274	3	Complete Genome	2023-04-13		4767626	3							Illumina/Nanopore	The REHAB Consortium	PRJNA605147	SAMN15488700	4827	Escherichia coli	SRS6976413; ILLUMINA:SRR12183978; OXFORD_NANOPORE:SRR12247622	CP099010.1	CP099012.1; CP099011.1	CP099012.1:32598; CP099011.1:174050; CP099010.1:4767626	Unicycler v. v0.4.4
ecol	SAMN15488552	SRR12183890	SRR12247534	GCA_029715845.1	ASM2971584v1	Escherichia coli		RHB16-SO-C05					NCBI Prokaryotic Genome Annotation Pipeline (PGAP)	5116942	4	Complete Genome	2023-04-13		4766182	4							Illumina/Nanopore	The REHAB Consortium	PRJNA605147	SAMN15488552	4974	Escherichia coli	SRS6976247; ILLUMINA:SRR12183890; OXFORD_NANOPORE:SRR12247534	CP099213.1	CP099216.1; CP099215.1; CP099214.1	CP099216.1:88372; CP099215.1:128784; CP099214.1:133604; CP099213.1:4766182	Unicycler v. v0.4.4
ecol	SAMN15488554	SRR12183888	SRR12247532	GCA_029715205.1	ASM2971520v1	Escherichia coli		RHB16-SO-C08					NCBI Prokaryotic Genome Annotation Pipeline (PGAP)	5116944	4	Complete Genome	2023-04-13		4766178	4							Illumina/Nanopore	The REHAB Consortium	PRJNA605147	SAMN15488554	4974	Escherichia coli	SRS6976249; ILLUMINA:SRR12183888; OXFORD_NANOPORE:SRR12247532	CP099209.1	CP099212.1; CP099211.1; CP099210.1	CP099212.1:88372; CP099211.1:128784; CP099210.1:133610; CP099209.1:4766178	Unicycler v. v0.4.4
ecol	SAMN15488499	SRR12184013	SRR12247657	GCA_029717825.1	ASM2971782v1	Escherichia coli		RHB03-SO-C05					NCBI Prokaryotic Genome Annotation Pipeline (PGAP)	4875964	2	Complete Genome	2023-04-13		4765577	2							Illumina/Nanopore	The REHAB Consortium	PRJNA605147	SAMN15488499	4729	Escherichia coli	SRS6976378; ILLUMINA:SRR12184013; OXFORD_NANOPORE:SRR12247657	CP099285.1	CP099286.1	CP099286.1:110387; CP099285.1:4765577	Unicycler v. v0.4.4
ecol	SAMN15488500	SRR12184001	SRR12247645	GCA_029717805.1	ASM2971780v1	Escherichia coli		RHB03-SO-C06					NCBI Prokaryotic Genome Annotation Pipeline (PGAP)	4875962	2	Complete Genome	2023-04-13		4765575	2							Illumina/Nanopore	The REHAB Consortium	PRJNA605147	SAMN15488500	4729	Escherichia coli	SRS6976390; ILLUMINA:SRR12184001; OXFORD_NANOPORE:SRR12247645	CP099283.1	CP099284.1	CP099284.1:110387; CP099283.1:4765575	Unicycler v. v0.4.4
ecol	SAMN15488690	SRR12183989	SRR12247633	GCA_029719685.1	ASM2971968v1	Escherichia coli		RHB45-C19					NCBI Prokaryotic Genome Annotation Pipeline (PGAP)	4961495	3	Complete Genome	2023-04-13		4764204	3							Illumina/Nanopore	The REHAB Consortium	PRJNA605147	SAMN15488690	4917	Escherichia coli	SRS6976402; ILLUMINA:SRR12183989; OXFORD_NANOPORE:SRR12247633	CP099024.1	CP099026.1; CP099025.1	CP099026.1:73865; CP099025.1:123426; CP099024.1:4764204	Unicycler v. v0.4.4
ecol	SAMN15488510	SRR12183936	SRR12247580	GCA_029717685.1	ASM2971768v1	Escherichia coli		RHB07-SO-C04					NCBI Prokaryotic Genome Annotation Pipeline (PGAP)	4993069	4	Complete Genome	2023-04-13		4761849	4							Illumina/Nanopore	The REHAB Consortium	PRJNA605147	SAMN15488510	4903	Escherichia coli	SRS6976455; ILLUMINA:SRR12183936; OXFORD_NANOPORE:SRR12247580	CP099270.1	CP099273.1; CP099272.1; CP099271.1	CP099273.1:32449; CP099272.1:97741; CP099271.1:101030; CP099270.1:4761849	Unicycler v. v0.4.4
ecol	SAMN15488664	SRR12184019	SRR12247663	GCA_029719925.1	ASM2971992v1	Escherichia coli		RHB44-C14					NCBI Prokaryotic Genome Annotation Pipeline (PGAP)	4933731	5	Complete Genome	2023-04-13		4758328	5							Illumina/Nanopore	The REHAB Consortium	PRJNA605147	SAMN15488664	4824	Escherichia coli	SRS6976372; ILLUMINA:SRR12184019; OXFORD_NANOPORE:SRR12247663	CP099046.1	CP099050.1; CP099049.1; CP099048.1; CP099047.1	CP099050.1:1506; CP099049.1:3433; CP099048.1:5145; CP099047.1:165319; CP099046.1:4758328	Unicycler v. v0.4.4
ecol	SAMN31261076	SRR21882301	SRR22581008	GCA_025676805.2	ASM2567680v2	Escherichia coli		2022CK-00554					NCBI Prokaryotic Genome Annotation Pipeline (PGAP)	4886672	3	Complete Genome	2022-12-29		4740920	3							Illumina MiSeq; Oxford Nanopore GridION	Centers for Disease Control and Prevention. Division of Healthcare Quality Promotion	PRJNA288601	SAMN31261076	4744	Escherichia coli	SRS15387597; ILLUMINA:SRR21882301; OXFORD_NANOPORE:SRR22581008	CP114337.1	CP114339.1; CP114338.1	CP114339.1:4072; CP114338.1:141680; CP114337.1:4740920	Unicycler v. 0.5.0
ecol	SAMN15488617	SRR12184073	SRR12247715	GCA_029719285.1	ASM2971928v1	Escherichia coli		RHB34-SO-C08					NCBI Prokaryotic Genome Annotation Pipeline (PGAP)	4743830	2	Complete Genome	2023-04-13		4739754	2							Illumina/Nanopore	The REHAB Consortium	PRJNA605147	SAMN15488617	4577	Escherichia coli	SRS6976318; ILLUMINA:SRR12184073; OXFORD_NANOPORE:SRR12247715	CP099118.1	CP099119.1	CP099119.1:4076; CP099118.1:4739754	Unicycler v. v0.4.4
ecol	SAMN31390131	SRR21986333	SRR22581005	GCA_025778775.2	ASM2577877v2	Escherichia coli		2022CK-00559					NCBI Prokaryotic Genome Annotation Pipeline (PGAP)	4889823	4	Complete Genome	2022-12-29		4739184	4							Oxford Nanopore GridION; Illumina MiSeq	Centers for Disease Control and Prevention. Division of Healthcare Quality Promotion	PRJNA288601	SAMN31390131	4748	Escherichia coli	SRS15485301; ILLUMINA:SRR21986333; OXFORD_NANOPORE:SRR22581005	CP114347.1	CP114350.1; CP114349.1; CP114348.1	CP114350.1:4072; CP114349.1:6200; CP114348.1:140367; CP114347.1:4739184	Unicycler v. 0.5.0
ecol	SAMN15488606	SRR12183831	SRR12247727	GCA_029718085.1	ASM2971808v1	Escherichia coli		RHB30-SO-C02					NCBI Prokaryotic Genome Annotation Pipeline (PGAP)	4887805	2	Complete Genome	2023-04-13		4737562	2							Illumina/Nanopore	The REHAB Consortium	PRJNA605147	SAMN15488606	4702	Escherichia coli	SRS6976306; ILLUMINA:SRR12183831; OXFORD_NANOPORE:SRR12247727	CP099136.1	CP099137.1	CP099137.1:150243; CP099136.1:4737562	Unicycler v. v0.4.4
ecol	SAMN15488694	SRR12183985	SRR12247629	GCA_029719625.1	ASM2971962v1	Escherichia coli		RHB45-C23					NCBI Prokaryotic Genome Annotation Pipeline (PGAP)	4926219	3	Complete Genome	2023-04-13		4732271	3							Illumina/Nanopore	The REHAB Consortium	PRJNA605147	SAMN15488694	4851	Escherichia coli	SRS6976406; ILLUMINA:SRR12183985; OXFORD_NANOPORE:SRR12247629	CP099014.1	CP099016.1; CP099015.1	CP099016.1:73856; CP099015.1:120092; CP099014.1:4732271	Unicycler v. v0.4.4
ecol	SAMN15488707	SRR12183971	SRR12247615	GCA_029721315.1	ASM2972131v1	Escherichia coli		RHB46-C05					NCBI Prokaryotic Genome Annotation Pipeline (PGAP)	4913837	7	Complete Genome	2023-04-13		4724409	7							Illumina/Nanopore	The REHAB Consortium	PRJNA605147	SAMN15488707	4823	Escherichia coli	SRS6976419; ILLUMINA:SRR12183971; OXFORD_NANOPORE:SRR12247615	CP098996.1	CP099002.1; CP099001.1; CP099000.1; CP098999.1; CP098998.1; CP098997.1	CP099002.1:1618; CP099001.1:2257; CP099000.1:3887; CP098999.1:5792; CP098998.1:6500; CP098997.1:169374; CP098996.1:4724409	Unicycler v. v0.4.4
ecol	SAMN15488632	SRR12184056	SRR12247698	GCA_029719105.1	ASM2971910v1	Escherichia coli		RHB41-E2-C05					NCBI Prokaryotic Genome Annotation Pipeline (PGAP)	4846068	4	Complete Genome	2023-04-13		4724310	4							Illumina/Nanopore	The REHAB Consortium	PRJNA605147	SAMN15488632	4652	Escherichia coli	SRS6976335; ILLUMINA:SRR12184056; OXFORD_NANOPORE:SRR12247698	CP099102.1	CP099105.1; CP099104.1; CP099103.1	CP099105.1:4245; CP099104.1:4664; CP099103.1:112849; CP099102.1:4724310	Unicycler v. v0.4.4
ecol	SAMN15488712	SRR12183965	SRR12247609	GCA_029721255.1	ASM2972125v1	Escherichia coli		RHB46-C16					NCBI Prokaryotic Genome Annotation Pipeline (PGAP)	4836103	5	Complete Genome	2023-04-13		4720637	5							Illumina/Nanopore	The REHAB Consortium	PRJNA605147	SAMN15488712	4688	Escherichia coli	SRS6976426; ILLUMINA:SRR12183965; OXFORD_NANOPORE:SRR12247609	CP098979.1	CP098983.1; CP098982.1; CP098981.1; CP098980.1	CP098983.1:1552; CP098982.1:2724; CP098981.1:3351; CP098980.1:107839; CP098979.1:4720637	Unicycler v. v0.4.4
ecol	SAMN15488608	SRR12183829	SRR12247725	GCA_029719405.1	ASM2971940v1	Escherichia coli		RHB31-E3-C04					NCBI Prokaryotic Genome Annotation Pipeline (PGAP)	4810379	2	Complete Genome	2023-04-13		4713467	2							Illumina/Nanopore	The REHAB Consortium	PRJNA605147	SAMN15488608	4620	Escherichia coli	SRS6976308; ILLUMINA:SRR12183829; OXFORD_NANOPORE:SRR12247725	CP099132.1	CP099133.1	CP099133.1:96912; CP099132.1:4713467	Unicycler v. v0.4.4
ecol	SAMN15488599	SRR12183839	SRR12247735	GCA_029718205.1	ASM2971820v1	Escherichia coli		RHB28-E3-C06					NCBI Prokaryotic Genome Annotation Pipeline (PGAP)	4982107	7	Complete Genome	2023-04-13		4705025	7							Illumina/Nanopore	The REHAB Consortium	PRJNA605147	SAMN15488599	4813	Escherichia coli	SRS6976298; ILLUMINA:SRR12183839; OXFORD_NANOPORE:SRR12247735	CP099152.1	CP099158.1; CP099157.1; CP099156.1; CP099155.1; CP099154.1; CP099153.1	CP099158.1:1552; CP099157.1:4593; CP099156.1:4664; CP099155.1:7941; CP099154.1:112489; CP099153.1:145843; CP099152.1:4705025	Unicycler v. v0.4.4
ecol	SAMN15488721	SRR12183955	SRR12247599	GCA_029721055.1	ASM2972105v1	Escherichia coli		RHB47-C09					NCBI Prokaryotic Genome Annotation Pipeline (PGAP)	4966469	7	Complete Genome	2023-04-13		4702201	7							Illumina/Nanopore	The REHAB Consortium	PRJNA605147	SAMN15488721	4868	Escherichia coli	SRS6976435; ILLUMINA:SRR12183955; OXFORD_NANOPORE:SRR12247599	CP098940.1	CP098946.1; CP098945.1; CP098944.1; CP098943.1; CP098942.1; CP098941.1	CP098946.1:3319; CP098945.1:3758; CP098944.1:4074; CP098943.1:55048; CP098942.1:98762; CP098941.1:99307; CP098940.1:4702201	Unicycler v. v0.4.4
ecol	SAMN15488676	SRR12184006	SRR12247650	GCA_029719785.1	ASM2971978v1	Escherichia coli		RHB44-SO-C01					NCBI Prokaryotic Genome Annotation Pipeline (PGAP)	4789606	2	Complete Genome	2023-04-13		4700196	2							Illumina/Nanopore	The REHAB Consortium	PRJNA605147	SAMN15488676	4608	Escherichia coli	SRS6976385; ILLUMINA:SRR12184006; OXFORD_NANOPORE:SRR12247650	CP099038.1	CP099039.1	CP099039.1:89410; CP099038.1:4700196	Unicycler v. v0.4.4
ecol	SAMN15488724	SRR12183952	SRR12247596	GCA_029721035.1	ASM2972103v1	Escherichia coli		RHB47-C15					NCBI Prokaryotic Genome Annotation Pipeline (PGAP)	4957326	7	Complete Genome	2023-04-13		4695997	7							Illumina/Nanopore	The REHAB Consortium	PRJNA605147	SAMN15488724	4850	Escherichia coli	SRS6976439; ILLUMINA:SRR12183952; OXFORD_NANOPORE:SRR12247596	CP098933.1	CP098939.1; CP098938.1; CP098937.1; CP098936.1; CP098935.1; CP098934.1	CP098939.1:3319; CP098938.1:3758; CP098937.1:4074; CP098936.1:53464; CP098935.1:98231; CP098934.1:98483; CP098933.1:4695997	Unicycler v. v0.4.4
ecol	SAMN15488603	SRR12183834	SRR12247730	GCA_029718115.1	ASM2971811v1	Escherichia coli		RHB28-SO-C08					NCBI Prokaryotic Genome Annotation Pipeline (PGAP)	4775519	2	Complete Genome	2023-04-13		4693653	2							Illumina/Nanopore	The REHAB Consortium	PRJNA605147	SAMN15488603	4602	Escherichia coli	SRS6976303; ILLUMINA:SRR12183834; OXFORD_NANOPORE:SRR12247730	CP099138.1	CP099139.1	CP099139.1:81866; CP099138.1:4693653	Unicycler v. v0.4.4
ecol	SAMN15488719	SRR12183958	SRR12247602	GCA_029721095.1	ASM2972109v1	Escherichia coli		RHB47-C04					NCBI Prokaryotic Genome Annotation Pipeline (PGAP)	4935489	7	Complete Genome	2023-04-13		4674160	7							Illumina/Nanopore	The REHAB Consortium	PRJNA605147	SAMN15488719	4847	Escherichia coli	SRS6976433; ILLUMINA:SRR12183958; OXFORD_NANOPORE:SRR12247602	CP098955.1	CP098961.1; CP098960.1; CP098959.1; CP098958.1; CP098957.1; CP098956.1	CP098961.1:3319; CP098960.1:3758; CP098959.1:4074; CP098958.1:51798; CP098957.1:53464; CP098956.1:144916; CP098955.1:4674160	Unicycler v. v0.4.4
ecol	SAMN15488714	SRR12183963	SRR12247607	GCA_029721215.1	ASM2972121v1	Escherichia coli		RHB46-C19					NCBI Prokaryotic Genome Annotation Pipeline (PGAP)	4828277	4	Complete Genome	2023-04-13		4673453	4							Illumina/Nanopore	The REHAB Consortium	PRJNA605147	SAMN15488714	4747	Escherichia coli	SRS6976428; ILLUMINA:SRR12183963; OXFORD_NANOPORE:SRR12247607	CP098971.1	CP098974.1; CP098973.1; CP098972.1	CP098974.1:3861; CP098973.1:4664; CP098972.1:146299; CP098971.1:4673453	Unicycler v. v0.4.4
ecol	SAMN15488718	SRR12183959	SRR12247603	GCA_029721135.1	ASM2972113v1	Escherichia coli		RHB46-C24					NCBI Prokaryotic Genome Annotation Pipeline (PGAP)	4824409	3	Complete Genome	2023-04-13		4673447	3							Illumina/Nanopore	The REHAB Consortium	PRJNA605147	SAMN15488718	4739	Escherichia coli	SRS6976432; ILLUMINA:SRR12183959; OXFORD_NANOPORE:SRR12247603	CP098962.1	CP098964.1; CP098963.1	CP098964.1:4664; CP098963.1:146298; CP098962.1:4673447	Unicycler v. v0.4.4
ecol	SAMN15488613	SRR12184077	SRR12247719	GCA_029719345.1	ASM2971934v1	Escherichia coli		RHB31-SO-C03					NCBI Prokaryotic Genome Annotation Pipeline (PGAP)	5088944	5	Complete Genome	2023-04-13		4660104	5							Illumina/Nanopore	The REHAB Consortium	PRJNA605147	SAMN15488613	4924	Escherichia coli	SRS6976314; ILLUMINA:SRR12184077; OXFORD_NANOPORE:SRR12247719	CP099123.1	CP099127.1; CP099126.1; CP099125.1; CP099124.1	CP099127.1:3080; CP099126.1:110641; CP099125.1:118824; CP099124.1:196295; CP099123.1:4660104	Unicycler v. v0.4.4
ecol	SAMN15488716	SRR12183961	SRR12247605	GCA_029721195.1	ASM2972119v1	Escherichia coli		RHB46-C22					NCBI Prokaryotic Genome Annotation Pipeline (PGAP)	4745043	2	Complete Genome	2023-04-13		4658807	2							Illumina/Nanopore	The REHAB Consortium	PRJNA605147	SAMN15488716	4611	Escherichia coli	SRS6976430; ILLUMINA:SRR12183961; OXFORD_NANOPORE:SRR12247605	CP098969.1	CP098970.1	CP098970.1:86236; CP098969.1:4658807	Unicycler v. v0.4.4
ecol	SAMN15488684	SRR12183996	SRR12247640	GCA_029719745.1	ASM2971974v1	Escherichia coli		RHB45-C06					NCBI Prokaryotic Genome Annotation Pipeline (PGAP)	4750091	3	Complete Genome	2023-04-13		4610101	3							Illumina/Nanopore	The REHAB Consortium	PRJNA605147	SAMN15488684	4716	Escherichia coli	SRS6976395; ILLUMINA:SRR12183996; OXFORD_NANOPORE:SRR12247640	CP099034.1	CP099036.1; CP099035.1	CP099036.1:4197; CP099035.1:135793; CP099034.1:4610101	Unicycler v. v0.4.4
ecol	SAMN15488692	SRR12183987	SRR12247631	GCA_029719665.1	ASM2971966v1	Escherichia coli		RHB45-C21					NCBI Prokaryotic Genome Annotation Pipeline (PGAP)	4842618	4	Complete Genome	2023-04-13		4599066	4							Illumina/Nanopore	The REHAB Consortium	PRJNA605147	SAMN15488692	4768	Escherichia coli	SRS6976404; ILLUMINA:SRR12183987; OXFORD_NANOPORE:SRR12247631	CP099020.1	CP099023.1; CP099022.1; CP099021.1	CP099023.1:5564; CP099022.1:110909; CP099021.1:127079; CP099020.1:4599066	Unicycler v. v0.4.4
ecol	SAMN15488662	SRR12184021	SRR12247665	GCA_029719965.1	ASM2971996v1	Escherichia coli		RHB44-C11					NCBI Prokaryotic Genome Annotation Pipeline (PGAP)	4722284	2	Complete Genome	2023-04-13		4590281	2							Illumina/Nanopore	The REHAB Consortium	PRJNA605147	SAMN15488662	4624	Escherichia coli	SRS6976370; ILLUMINA:SRR12184021; OXFORD_NANOPORE:SRR12247665	CP099056.1	CP099057.1	CP099057.1:132003; CP099056.1:4590281	Unicycler v. v0.4.4
ecol	SAMN15488687	SRR12183993	SRR12247637	GCA_029719705.1	ASM2971970v1	Escherichia coli		RHB45-C13					NCBI Prokaryotic Genome Annotation Pipeline (PGAP)	4792756	5	Complete Genome	2023-04-13		4520201	5							Illumina/Nanopore	The REHAB Consortium	PRJNA605147	SAMN15488687	4706	Escherichia coli	SRS6976398; ILLUMINA:SRR12183993; OXFORD_NANOPORE:SRR12247637	CP099027.1	CP099031.1; CP099030.1; CP099029.1; CP099028.1	CP099031.1:3861; CP099030.1:4820; CP099029.1:102491; CP099028.1:161383; CP099027.1:4520201	Unicycler v. v0.4.4
ecol	SAMN32801356	SRR23130247	SRR26643504	GCA_028049085.3	ASM2804908v3	Escherichia coli		2023CK-00004					NCBI Prokaryotic Genome Annotation Pipeline (PGAP)	5005792	4	Complete Genome	2023-11-15		4491503	4							Illumina MiSeq; Oxford Nanopore GridION	Centers for Disease Control and Prevention. Division of Healthcare Quality Promotion	PRJNA288601	SAMN32801356	4892	Escherichia coli	SRS16496084; ILLUMINA:SRR23130247; OXFORD_NANOPORE:SRR26643504	CP137935.1	CP137938.1; CP137937.1; CP137936.1	CP137938.1:6200; CP137937.1:142969; CP137936.1:365120; CP137935.1:4491503	Unicycler v. 0.5.0
ecol	SAMN15488601	SRR12183836	SRR12247732	GCA_029718155.1	ASM2971815v1	Escherichia coli		RHB28-SO-C04					NCBI Prokaryotic Genome Annotation Pipeline (PGAP)	4585605	5	Complete Genome	2023-04-13		4480841	5							Illumina/Nanopore	The REHAB Consortium	PRJNA605147	SAMN15488601	4467	Escherichia coli	SRS6976301; ILLUMINA:SRR12183836; OXFORD_NANOPORE:SRR12247732	CP099142.1	CP099146.1; CP099145.1; CP099144.1; CP099143.1	CP099146.1:2460; CP099145.1:8136; CP099144.1:44007; CP099143.1:50161; CP099142.1:4480841	Unicycler v. v0.4.4
ecol	SAMN15488600	SRR12183837	SRR12247733	GCA_029718185.1	ASM2971818v1	Escherichia coli		RHB28-SO-C01					NCBI Prokaryotic Genome Annotation Pipeline (PGAP)	4585600	5	Complete Genome	2023-04-13		4480836	5							Illumina/Nanopore	The REHAB Consortium	PRJNA605147	SAMN15488600	4470	Escherichia coli	SRS6976300; ILLUMINA:SRR12183837; OXFORD_NANOPORE:SRR12247733	CP099147.1	CP099151.1; CP099150.1; CP099149.1; CP099148.1	CP099151.1:2460; CP099150.1:8136; CP099149.1:44007; CP099148.1:50161; CP099147.1:4480836	Unicycler v. v0.4.4
ecol	SAMN15488496	SRR12184046	SRR12247690	GCA_029717845.1	ASM2971784v1	Escherichia coli		RHB03-E1-C04					NCBI Prokaryotic Genome Annotation Pipeline (PGAP)	4491742	4	Complete Genome	2023-04-13		4438922	4							Illumina/Nanopore	The REHAB Consortium	PRJNA605147	SAMN15488496	4369	Escherichia coli	SRS6976345; ILLUMINA:SRR12184046; OXFORD_NANOPORE:SRR12247690	CP099287.1	CP099290.1; CP099289.1; CP099288.1	CP099290.1:2460; CP099289.1:8136; CP099288.1:42224; CP099287.1:4438922	Unicycler v. v0.4.4
ecol	SAMN41494450	SRR29131321	SRR29131296	GCA_040105135.1	ASM4010513v1	Escherichia coli					FELIX_MS238		NCBI Prokaryotic Genome Annotation Pipeline (PGAP)	3981356	2	Complete Genome	2024-06-09		3975842	2							Illumina MiSeq, Oxford Nanopore MiniION	Life Sciences Division, Lawrence Berkeley National Lab	PRJNA607328	SAMN41494450	3812	Escherichia coli	SRS21390605; ILLUMINA:SRR29131321; OXFORD_NANOPORE:SRR29131296; PACBIO_SMRT:SRR29131295	CP157729.1	CP157730.1	CP157730.1:5514; CP157729.1:3975842	Unicycler v. v0.4.8-beta
ecol	SAMN15488584	SRR12183855	SRR12247751	GCA_029718445.1	ASM2971844v1	Escherichia coli		RHB23-SO-C02					NCBI Prokaryotic Genome Annotation Pipeline (PGAP)	4862584	5	Complete Genome	2023-04-13		3483309	5							Illumina/Nanopore	The REHAB Consortium	PRJNA605147	SAMN15488584	4721	Escherichia coli	SRS6976282; ILLUMINA:SRR12183855; OXFORD_NANOPORE:SRR12247751	CP099173.1	CP099177.1; CP099176.1; CP099175.1; CP099174.1	CP099177.1:3257; CP099176.1:7198; CP099175.1:58223; CP099174.1:1310597; CP099173.1:3483309	Unicycler v. v0.4.4
ecol	SAMN36828864	SRR25510054	SRR25689481	GCA_030908645.1	ASM3090864v1	Escherichia coli O157:H7		PNUSAE145591					NCBI Prokaryotic Genome Annotation Pipeline (PGAP)	4869019	2	Complete Genome	2023-08-27		4776280	2							Illumina MiSeq; Oxford Nanopore GridION	Utah Public Health Laboratory Infectious Disease submission group	PRJNA812595	SAMN36828864	4822	Escherichia coli O157:H7	SRS18495494; ILLUMINA:SRR25510054; OXFORD_NANOPORE:SRR25689481	CP133122.1	CP133123.1	CP133123.1:92739; CP133122.1:4776280	Unicycler v. 0.5.0
ecol	SAMN05215988	SRR3657284	SRR11561175	GCA_012849755.1	ASM1284975v1	Escherichia coli O121		FDA858783-1-52					NCBI Prokaryotic Genome Annotation Pipeline (PGAP)	5473304	2	Complete Genome	2020-04-27		5391339	2							Oxford Nanopore MiniION; Illumina MiSeq	FDA/CFSAN	PRJNA230969	SAMN05215988	5434	Escherichia coli O121	SRS1496401; ILLUMINA:SRR3657284; OXFORD_NANOPORE:SRR11561175	CP051631.1	CP051632.1	CP051632.1:81965; CP051631.1:5391339	Flye v. 1.6; Unicycler v. 0.4.8
kpne	SAMN34174867	SRR24163203	SRR26412752	GCA_029749115.3	ASM2974911v3	Klebsiella pneumoniae		2022JQ-00839					NCBI Prokaryotic Genome Annotation Pipeline (PGAP)	5844631	5	Complete Genome	2023-11-08		5457573	5							Illumina MiSeq; Oxford Nanopore GridION	Centers for Disease Control and Prevention. Division of Healthcare Quality Promotion	PRJNA288601	SAMN34174867	5791	Klebsiella pneumoniae	SRS17308726; ILLUMINA:SRR24163203; OXFORD_NANOPORE:SRR26412752	CP137450.1	CP137454.1; CP137453.1; CP137452.1; CP137451.1	CP137454.1:3942; CP137453.1:8828; CP137452.1:186252; CP137451.1:188036; CP137450.1:5457573	Unicycler v. 0.5.0
kpne	SAMN33288246	SRR23456126	SRR26643501	GCA_028635255.3	ASM2863525v3	Klebsiella pneumoniae		2023CK-00112					NCBI Prokaryotic Genome Annotation Pipeline (PGAP)	5893135	4	Complete Genome	2023-11-15		5337173	4							Oxford Nanopore GridION; Illumina MiSeq	Centers for Disease Control and Prevention. Division of Healthcare Quality Promotion	PRJNA288601	SAMN33288246	5769	Klebsiella pneumoniae	SRS16761721; ILLUMINA:SRR23456126; OXFORD_NANOPORE:SRR26643501	CP137923.1	CP137926.1; CP137925.1; CP137924.1	CP137926.1:71469; CP137925.1:237753; CP137924.1:246740; CP137923.1:5337173	Unicycler v. 0.5.0
kpne	SAMN37984267	SRR26519291	SRR27348734	GCA_033044015.2	ASM3304401v2	Klebsiella pneumoniae		2023CB-00572					NCBI Prokaryotic Genome Annotation Pipeline (PGAP)	5469417	4	Complete Genome	2024-02-22		5250662	4							Illumina MiSeq; Oxford Nanopore GridION	Utah Public Health Laboratory, Utah Public Health Laboratory Infectious Disease submission group	PRJNA288601	SAMN37984267	5359	Klebsiella pneumoniae	SRS19277857; ILLUMINA:SRR26519291; OXFORD_NANOPORE:SRR27348734	CP143970.1	CP143973.1; CP143972.1; CP143971.1	CP143973.1:59309; CP143972.1:61239; CP143971.1:98207; CP143970.1:5250662	Unicycler v. 0.5.0
kpne	SAMN37984268	SRR26519290	SRR27348733	GCA_033044095.2	ASM3304409v2	Klebsiella pneumoniae		2023CB-00573					NCBI Prokaryotic Genome Annotation Pipeline (PGAP)	5486430	4	Complete Genome	2024-02-22		5250535	4							Illumina MiSeq; Oxford Nanopore GridION	Utah Public Health Laboratory, Utah Public Health Laboratory Infectious Disease submission group	PRJNA288601	SAMN37984268	5380	Klebsiella pneumoniae	SRS19277861; ILLUMINA:SRR26519290; OXFORD_NANOPORE:SRR27348733	CP143974.1	CP143977.1; CP143976.1; CP143975.1	CP143977.1:59309; CP143976.1:78379; CP143975.1:98207; CP143974.1:5250535	Unicycler v. 0.5.0
kpne	SAMN33193817	SRR23652576	SRR26412753	GCA_028906655.3	ASM2890665v3	Klebsiella pneumoniae		2022JQ-00762					NCBI Prokaryotic Genome Annotation Pipeline (PGAP)	5618598	5	Complete Genome	2023-11-08		5230937	5							Illumina MiSeq; Oxford Nanopore GridION	Centers for Disease Control and Prevention. Division of Healthcare Quality Promotion	PRJNA288601	SAMN33193817	5506	Klebsiella pneumoniae	SRS16921488; ILLUMINA:SRR23652576; OXFORD_NANOPORE:SRR26412753	CP137445.1	CP137449.1; CP137448.1; CP137447.1; CP137446.1	CP137449.1:2928; CP137448.1:3580; CP137447.1:185591; CP137446.1:195562; CP137445.1:5230937	Unicycler v. 0.5.0
kpne	SAMN34174964	SRR24163252	SRR26412749	GCA_029741845.3	ASM2974184v3	Klebsiella pneumoniae		2023JQ-00099					NCBI Prokaryotic Genome Annotation Pipeline (PGAP)	5452572	4	Complete Genome	2023-11-08		5112012	4							Illumina MiSeq; Oxford Nanopore GridION	Centers for Disease Control and Prevention. Division of Healthcare Quality Promotion	PRJNA288601	SAMN34174964	5364	Klebsiella pneumoniae	SRS17308677; ILLUMINA:SRR24163252; OXFORD_NANOPORE:SRR26412749	CP137455.1	CP137458.1; CP137457.1; CP137456.1	CP137458.1:1934; CP137457.1:153718; CP137456.1:184908; CP137455.1:5112012	Unicycler v. 0.5.0; Flye v. 2.9.1
paer	SAMN15907129	SRR12519132	SRR26305336	GCA_021669535.2	ASM2166953v2	Pseudomonas aeruginosa		2020CK-00194					NCBI Prokaryotic Genome Annotation Pipeline (PGAP)	7233517	2	Complete Genome	2023-05-31		7232386	2							Oxford Nanopore GridION; Illumina MiSeq	Centers for Disease Control and Prevention. Division of Healthcare Quality Promotion	PRJNA288601	SAMN15907129	6813	Pseudomonas aeruginosa	SRS7260929; ILLUMINA:SRR12519132; OXFORD_NANOPORE:SRR23473170; OXFORD_NANOPORE:SRR26305336	CP123787.1	CP123788.1	CP123788.1:1131; CP123787.1:7232386	Unicycler v. 0.5.0
paer	SAMN28788565	SRR19462081	SRR24326780	GCA_023615765.2	ASM2361576v2	Pseudomonas aeruginosa		2022CK-00339					NCBI Prokaryotic Genome Annotation Pipeline (PGAP)	7683483	4	Complete Genome	2023-05-11		7128552	4							Oxford Nanopore GridION; Illumina MiSeq	Centers for Disease Control and Prevention. Division of Healthcare Quality Promotion	PRJNA288601	SAMN28788565	7496	Pseudomonas aeruginosa	SRS13228570; ILLUMINA:SRR19462081; OXFORD_NANOPORE:SRR24326780	CP124674.1	CP124677.1; CP124676.1; CP124675.1	CP124677.1:26759; CP124676.1:48438; CP124675.1:479734; CP124674.1:7128552	Unicycler v. 0.5.0
paer	SAMN21493905	SRR15948157	SRR26412754	GCA_021645325.2	ASM2164532v2	Pseudomonas aeruginosa		2021CK-01381					NCBI Prokaryotic Genome Annotation Pipeline (PGAP)	7035091	2	Complete Genome	2023-05-31		7033592	2							Oxford Nanopore GridION; Illumina MiSeq	Centers for Disease Control and Prevention. Division of Healthcare Quality Promotion	PRJNA288601	SAMN21493905	6616	Pseudomonas aeruginosa	SRS10214093; ILLUMINA:SRR15948157; OXFORD_NANOPORE:SRR24178930; OXFORD_NANOPORE:SRR26412754	CP123789.1	CP123790.1	CP123790.1:1499; CP123789.1:7033592	Unicycler v. 0.5.0
paer	SAMN19313498	SRR14628324	SRR14628208	GCA_028608585.1	ASM2860858v1	Pseudomonas aeruginosa		PaLo532					NCBI Prokaryotic Genome Annotation Pipeline (PGAP)	7138596	2	Complete Genome	2023-02-13		6934532	2							Illumina; Oxford Nanopore MinION	KU Leuven	PRJNA731114	SAMN19313498	6713	Pseudomonas aeruginosa	SRS9046505; ILLUMINA:SRR14628324; OXFORD_NANOPORE:SRR14628208	CP075771.1	CP075772.1	CP075772.1:204064; CP075771.1:6934532	Unicycler v. 0.4.9
paer	SAMN19313499	SRR14628323	SRR14628207	GCA_028608565.1	ASM2860856v1	Pseudomonas aeruginosa		PaLo533					NCBI Prokaryotic Genome Annotation Pipeline (PGAP)	6808779	2	Complete Genome	2023-02-13		6807074	2							Illumina; Oxford Nanopore MinION	KU Leuven	PRJNA731114	SAMN19313499	6336	Pseudomonas aeruginosa	SRS9046506; ILLUMINA:SRR14628323; OXFORD_NANOPORE:SRR14628207	CP075769.1	CP075770.1	CP075770.1:1705; CP075769.1:6807074	Unicycler v. 0.4.9
paer	SAMN19313481	SRR14628342	SRR14628227	GCA_028608805.1	ASM2860880v1	Pseudomonas aeruginosa		PaLo505					NCBI Prokaryotic Genome Annotation Pipeline (PGAP)	6813644	2	Complete Genome	2023-02-13		6806496	2							Illumina; Oxford Nanopore MinION	KU Leuven	PRJNA731114	SAMN19313481	6376	Pseudomonas aeruginosa	SRS9046488; ILLUMINA:SRR14628342; OXFORD_NANOPORE:SRR14628227	CP075785.1	CP075786.1	CP075786.1:7148; CP075785.1:6806496	Unicycler v. 0.4.9
paer	SAMN19313496	SRR14628326	SRR14628210	GCA_028608605.1	ASM2860860v1	Pseudomonas aeruginosa		PaLo530					NCBI Prokaryotic Genome Annotation Pipeline (PGAP)	6840567	3	Complete Genome	2023-02-13		6761200	3							Illumina; Oxford Nanopore MinION	KU Leuven	PRJNA731114	SAMN19313496	6441	Pseudomonas aeruginosa	SRS9046502; ILLUMINA:SRR14628326; OXFORD_NANOPORE:SRR14628210	CP075773.1	CP075775.1; CP075774.1	CP075775.1:2837; CP075774.1:76530; CP075773.1:6761200	Unicycler v. 0.4.9
paer	SAMN19313515	SRR14628305	SRR14628364	GCA_028607285.1	ASM2860728v1	Pseudomonas aeruginosa		PaLo552					NCBI Prokaryotic Genome Annotation Pipeline (PGAP)	6790001	3	Complete Genome	2023-02-13		6737651	3							Illumina; Oxford Nanopore MinION	KU Leuven	PRJNA731114	SAMN19313515	6349	Pseudomonas aeruginosa	SRS9046468; OXFORD_NANOPORE:SRR14628364; ILLUMINA:SRR14628305	CP075757.1	CP075759.1; CP075758.1	CP075759.1:15660; CP075758.1:36690; CP075757.1:6737651	Unicycler v. 0.4.9
paer	SAMN19313516	SRR14628304	SRR14628363	GCA_028607265.1	ASM2860726v1	Pseudomonas aeruginosa		PaLo553					NCBI Prokaryotic Genome Annotation Pipeline (PGAP)	6871369	2	Complete Genome	2023-02-13		6710278	2							Illumina; Oxford Nanopore MinION	KU Leuven	PRJNA731114	SAMN19313516	6423	Pseudomonas aeruginosa	SRS9046469; OXFORD_NANOPORE:SRR14628363; ILLUMINA:SRR14628304	CP075755.1	CP075756.1	CP075756.1:161091; CP075755.1:6710278	Unicycler v. 0.4.9
paer	SAMN32978017	SRR23290098	SRR26643506	GCA_028366535.3	ASM2836653v3	Pseudomonas aeruginosa		2023CK-00050					NCBI Prokaryotic Genome Annotation Pipeline (PGAP)	6803216	3	Complete Genome	2023-11-15		6635769	3							Illumina MiSeq; Oxford Nanopore GridION	Centers for Disease Control and Prevention. Division of Healthcare Quality Promotion	PRJNA288601	SAMN32978017	6382	Pseudomonas aeruginosa	SRS16637852; ILLUMINA:SRR23290098; OXFORD_NANOPORE:SRR26643506	CP137940.1	CP137942.1; CP137941.1	CP137942.1:18256; CP137941.1:149191; CP137940.1:6635769	Unicycler v. 0.5.0
paer	SAMN19313478	SRR14628346	SRR14628230	GCA_028608845.1	ASM2860884v1	Pseudomonas aeruginosa		PaLo502					NCBI Prokaryotic Genome Annotation Pipeline (PGAP)	6697564	4	Complete Genome	2023-02-13		6560100	4							Illumina; Oxford Nanopore MinION	KU Leuven	PRJNA731114	SAMN19313478	6299	Pseudomonas aeruginosa	SRS9046485; ILLUMINA:SRR14628346; OXFORD_NANOPORE:SRR14628230	CP075788.1	CP075791.1; CP075790.1; CP075789.1	CP075791.1:35516; CP075790.1:49637; CP075789.1:52311; CP075788.1:6560100	Unicycler v. 0.4.9
abau	SAMN32801359	SRR23130244	SRR26643502	GCA_028051805.3	ASM2805180v3	Acinetobacter baumannii		2023CK-00001					NCBI Prokaryotic Genome Annotation Pipeline (PGAP)	3997215	3	Complete Genome	2023-11-15		3980552	3							Illumina MiSeq; Oxford Nanopore GridION	Centers for Disease Control and Prevention. Division of Healthcare Quality Promotion	PRJNA288601	SAMN32801359	3894	Acinetobacter baumannii	SRS16496087; ILLUMINA:SRR23130244; OXFORD_NANOPORE:SRR26643502	CP137927.1	CP137929.1; CP137928.1	CP137929.1:2024; CP137928.1:14639; CP137927.1:3980552	Unicycler v. 0.5.0
abau	SAMN32801357	SRR23130246	SRR26643503	GCA_028051765.3	ASM2805176v3	Acinetobacter baumannii		2023CK-00003					NCBI Prokaryotic Genome Annotation Pipeline (PGAP)	4147745	5	Complete Genome	2023-11-15		3949621	5							Oxford Nanopore GridION; Illumina MiSeq	Centers for Disease Control and Prevention. Division of Healthcare Quality Promotion	PRJNA288601	SAMN32801357	4062	Acinetobacter baumannii	SRS16496085; ILLUMINA:SRR23130246; OXFORD_NANOPORE:SRR26643503	CP137930.1	CP137934.1; CP137933.1; CP137932.1; CP137931.1	CP137934.1:2025; CP137933.1:14639; CP137932.1:73301; CP137931.1:108159; CP137930.1:3949621	Unicycler v. 0.5.0
efae	SAMN18082828	SRR13825700	SRR13804547	GCA_017301355.1	ASM1730135v1	Enterococcus faecium		AUSMDU00011555					NCBI Prokaryotic Genome Annotation Pipeline (PGAP)	3263630	5	Complete Genome	2021-03-08		2946167	5							Illumina NextSeq; Oxford Nanopore GridION	Microbiological Diagnostic Unit	PRJNA565795	SAMN18082828	3207	Enterococcus faecium	SRS8336376; OXFORD_NANOPORE:SRR13804547; ILLUMINA:SRR13825700	CP071271.1	CP071275.1; CP071274.1; CP071273.1; CP071272.1	CP071275.1:6343; CP071274.1:48378; CP071273.1:54750; CP071272.1:207992; CP071271.1:2946167	Unicycler v. 0.4.8beta
efae	SAMN10863493	SRR8523160	SRR8523159	GCA_005886735.1	ASM588673v1	Enterococcus faecium		UAMSEF_20					NCBI Prokaryotic Genome Annotation Pipeline (PGAP)	3301988	6	Complete Genome	2019-05-29		2912170	6							Oxford Nanopore MiniION; Illumina NextSeq	University of Arkansas for Medical Sciences	PRJNA518133	SAMN10863493	3478	Enterococcus faecium	SRS4320893; ILLUMINA:SRR8523160; OXFORD_NANOPORE:SRR8523159	CP035666.1	CP035667.1; CP035665.1; CP035664.1; CP035663.1; CP035662.1	CP035667.1:294919; CP035666.1:2912170; CP035665.1:3008; CP035664.1:4316; CP035663.1:6303; CP035662.1:81272	Unicycler v. 0.4.4
